<?xml version="1.0"?>
<MDI version="1.0" CRC="1426082243" xmlns:dt="urn:schemas-microsoft-com:datatypes"><Document_Format>Materials Data Inc.</Document_Format><Document_Contents>XRD Powder Diffraction Data</Document_Contents><Document_Creator>MDI Jade 7</Document_Creator><Document_Originator>lenovo</Document_Originator><Document_Origination>Materials Data, Inc.</Document_Origination><Document_Date_Created>2021/6/7 18:58:00</Document_Date_Created><Document_Note>...</Document_Note><PDF Card="01-083-0927" QM="Calculated(C)" d="Calculated" I="Calculated"><Date>2021/6/7 18:58:00</Date><Name>Yttrium Oxide</Name><Formula>Y2O3</Formula><Wavelength Source="CuKa1">1.54060</Wavelength><AngleLimit>16.701-89.502</AngleLimit><Reference>Calculated from ICSD using POWD-12++</Reference><Comment>FIZ=080033: Rietveld profile refinement applied ITF Structure properties and magnetic susceptibility of diluted magnetic semiconductor Y2-x Hox O3 e d b (IA3-) A2X3</Comment><StrongLines>3.06/X 1.88/4 2.65/3 1.60/2 4.33/1 2.08/1 1.22/1 2.26/1</StrongLines><UnitCell System="Cubic"><Source>Profile Analysis</Source><SpaceGroup>Ia-3 (206)</SpaceGroup><a>10.608</a><b>10.608</b><c>10.608</c><Alpha>90.0</Alpha><Beta>90.0</Beta><Gamma>90.0</Gamma><Volume>1193.71</Volume><FormulaUnits>16</FormulaUnits><PearsonSymbol>cI80 (Mn2 O3)</PearsonSymbol><CalculatedDensity>5.025</CalculatedDensity><MeasuredDensity>5.07A</MeasuredDensity><MolecularWeight>225.81</MolecularWeight><SmithSnyder-FOM>F(30)=999.9(.0000,30/0)</SmithSnyder-FOM><Reference>Antic, B., Mitric, M., Rodic, D. J. Magn. Magn. Mater., v145 p349 (1995)</Reference></UnitCell><d-I-List N="41" d="Angstrom" RIR="9.2" id="Yttrium Oxide, Y2O3"><Peak n="1" hkl="2 0 0" d="5.3040">4.0%</Peak><Peak n="2" hkl="2 1 1" d="4.3307">107.0%</Peak><Peak n="3" hkl="2 2 0" d="3.7505">1.0%</Peak><Peak n="4" hkl="2 2 2" d="3.0623">999.0%</Peak><Peak n="5" hkl="3 2 1" d="2.8351">3.0%</Peak><Peak n="6" hkl="4 0 0" d="2.6520">253.0%</Peak><Peak n="7" hkl="4 1 1" d="2.5003">47.0%</Peak><Peak n="8" hkl="4 2 0" d="2.3720">10.0%</Peak><Peak n="9" hkl="3 3 2" d="2.2616">56.0%</Peak><Peak n="10" hkl="4 2 2" d="2.1653">8.0%</Peak><Peak n="11" hkl="1 3 4" d="2.0804">72.0%</Peak><Peak n="12" hkl="1 2 5" d="1.9368">28.0%</Peak><Peak n="13" hkl="4 4 0" d="1.8752">367.0%</Peak><Peak n="14" hkl="4 3 3" d="1.8193">18.0%</Peak><Peak n="15" hkl="6 0 0" d="1.7680">4.0%</Peak><Peak n="16" hkl="6 1 1" d="1.7208">46.0%</Peak><Peak n="17" hkl="0 2 6" d="1.6773">9.0%</Peak><Peak n="18" hkl="1 4 5" d="1.6368">32.0%</Peak><Peak n="19" hkl="6 2 2" d="1.5992">244.0%</Peak><Peak n="20" hkl="6 3 1" d="1.5641">47.0%</Peak><Peak n="21" hkl="4 4 4" d="1.5311">43.0%</Peak><Peak n="22" hkl="5 4 3" d="1.5002">16.0%</Peak><Peak n="23" hkl="0 4 6" d="1.4711">9.0%</Peak><Peak n="24" hkl="7 2 1" d="1.4436">27.0%</Peak><Peak n="25" hkl="6 4 2" d="1.4175">10.0%</Peak><Peak n="26" hkl="1 5 6" d="1.3472">14.0%</Peak><Peak n="27" hkl="8 0 0" d="1.3260">32.0%</Peak><Peak n="28" hkl="8 1 1" d="1.3058">26.0%</Peak><Peak n="29" hkl="8 2 0" d="1.2864">12.0%</Peak><Peak n="30" hkl="6 5 3" d="1.2679">16.0%</Peak><Peak n="31" hkl="8 2 2" d="1.2502">9.0%</Peak><Peak n="32" hkl="8 3 1" d="1.2332">25.0%</Peak><Peak n="33" hkl="6 6 2" d="1.2168">57.0%</Peak><Peak n="34" hkl="7 5 2" d="1.2011">1.0%</Peak><Peak n="35" hkl="0 4 8" d="1.1860">40.0%</Peak><Peak n="36" hkl="8 3 3" d="1.1715">7.0%</Peak><Peak n="37" hkl="8 4 2" d="1.1574">7.0%</Peak><Peak n="38" hkl="9 2 1" d="1.1439">16.0%</Peak><Peak n="39" hkl="6 6 4" d="1.1308">1.0%</Peak><Peak n="40" hkl="1 5 8" d="1.1182">16.0%</Peak><Peak n="41" hkl="7 6 3" d="1.0941">15.0%</Peak></d-I-List></PDF></MDI>
