<?xml version="1.0"?>
<MDI version="1.0" CRC="1560305967" xmlns:dt="urn:schemas-microsoft-com:datatypes"><Document_Format>Materials Data Inc.</Document_Format><Document_Contents>XRD Powder Diffraction Data</Document_Contents><Document_Creator>MDI Jade 7</Document_Creator><Document_Originator>lenovo</Document_Originator><Document_Origination>Materials Data, Inc.</Document_Origination><Document_Date_Created>2021/6/7 18:59:05</Document_Date_Created><Document_Note>...</Document_Note><PDF Card="01-086-1107" QM="Calculated(C)" d="Calculated" I="Calculated"><Date>2021/6/7 18:59:05</Date><Name>Yttrium Oxide</Name><Formula>Y2O3</Formula><Wavelength Source="CuKa1">1.54060</Wavelength><AngleLimit>16.711-89.566</AngleLimit><Reference>Calculated from ICSD using POWD-12++</Reference><Comment>FIZ=081861: Rietveld profile refinement applied ITF Rietveld refinement of the crystal structures of the yttrium silicon oxynitrides Y2 Si3 N4 O3 (N - Melilite) and Y4 Si2 O7 N2 (J-phase) e d b (IA3-) A2X3</Comment><StrongLines>3.06/X 1.87/4 2.65/3 1.60/2 4.33/1 2.08/1 1.22/1 2.26/1</StrongLines><UnitCell System="Cubic"><Source>Profile Analysis</Source><SpaceGroup>Ia-3 (206)</SpaceGroup><a>10.602</a><b>10.602</b><c>10.602</c><Alpha>90.0</Alpha><Beta>90.0</Beta><Gamma>90.0</Gamma><Volume>1191.69</Volume><FormulaUnits>16</FormulaUnits><PearsonSymbol>cI80 (Mn2 O3)</PearsonSymbol><CalculatedDensity>5.033</CalculatedDensity><MeasuredDensity>5.07A</MeasuredDensity><MolecularWeight>225.81</MolecularWeight><SmithSnyder-FOM>F(30)=999.9(.0000,30/0)</SmithSnyder-FOM><Reference>MacKenzie, K.J.D., Gainsford, G.J., Ryan, M.J. J. Eur. Ceram. Soc., v16 p553 (1996)</Reference></UnitCell><d-I-List N="41" d="Angstrom" RIR="9.05" id="Yttrium Oxide, Y2O3"><Peak n="1" hkl="2 0 0" d="5.3010">13.0%</Peak><Peak n="2" hkl="2 1 1" d="4.3282">129.0%</Peak><Peak n="3" hkl="2 2 0" d="3.7484">1.0%</Peak><Peak n="4" hkl="2 2 2" d="3.0605">999.0%</Peak><Peak n="5" hkl="3 2 1" d="2.8335">7.0%</Peak><Peak n="6" hkl="4 0 0" d="2.6505">252.0%</Peak><Peak n="7" hkl="4 1 1" d="2.4989">33.0%</Peak><Peak n="8" hkl="0 2 4" d="2.3707">9.0%</Peak><Peak n="9" hkl="3 3 2" d="2.2603">51.0%</Peak><Peak n="10" hkl="4 2 2" d="2.1641">7.0%</Peak><Peak n="11" hkl="1 3 4" d="2.0792">91.0%</Peak><Peak n="12" hkl="1 2 5" d="1.9356">19.0%</Peak><Peak n="13" hkl="4 4 0" d="1.8742">359.0%</Peak><Peak n="14" hkl="4 3 3" d="1.8182">14.0%</Peak><Peak n="15" hkl="4 4 2" d="1.7670">3.0%</Peak><Peak n="16" hkl="6 1 1" d="1.7199">42.0%</Peak><Peak n="17" hkl="0 2 6" d="1.6763">9.0%</Peak><Peak n="18" hkl="1 4 5" d="1.6359">38.0%</Peak><Peak n="19" hkl="6 2 2" d="1.5983">235.0%</Peak><Peak n="20" hkl="1 3 6" d="1.5632">44.0%</Peak><Peak n="21" hkl="4 4 4" d="1.5303">42.0%</Peak><Peak n="22" hkl="5 4 3" d="1.4993">12.0%</Peak><Peak n="23" hkl="0 4 6" d="1.4702">14.0%</Peak><Peak n="24" hkl="1 2 7" d="1.4427">21.0%</Peak><Peak n="25" hkl="6 4 2" d="1.4167">10.0%</Peak><Peak n="26" hkl="2 3 7" d="1.3465">14.0%</Peak><Peak n="27" hkl="8 0 0" d="1.3253">31.0%</Peak><Peak n="28" hkl="8 1 1" d="1.3050">24.0%</Peak><Peak n="29" hkl="8 2 0" d="1.2857">12.0%</Peak><Peak n="30" hkl="6 5 3" d="1.2672">16.0%</Peak><Peak n="31" hkl="8 2 2" d="1.2495">8.0%</Peak><Peak n="32" hkl="1 3 8" d="1.2325">21.0%</Peak><Peak n="33" hkl="6 6 2" d="1.2161">52.0%</Peak><Peak n="34" hkl="7 5 2" d="1.2004">1.0%</Peak><Peak n="35" hkl="8 4 0" d="1.1853">36.0%</Peak><Peak n="36" hkl="8 3 3" d="1.1708">8.0%</Peak><Peak n="37" hkl="8 4 2" d="1.1568">6.0%</Peak><Peak n="38" hkl="9 2 1" d="1.1432">16.0%</Peak><Peak n="39" hkl="6 6 4" d="1.1302">1.0%</Peak><Peak n="40" hkl="1 5 8" d="1.1176">14.0%</Peak><Peak n="41" hkl="7 6 3" d="1.0935">14.0%</Peak></d-I-List></PDF></MDI>
