<?xml version="1.0"?>
<MDI version="1.0" CRC="1644172277" xmlns:dt="urn:schemas-microsoft-com:datatypes"><Document_Format>Materials Data Inc.</Document_Format><Document_Contents>XRD Powder Diffraction Data</Document_Contents><Document_Creator>MDI Jade 7</Document_Creator><Document_Originator>lenovo</Document_Originator><Document_Origination>Materials Data, Inc.</Document_Origination><Document_Date_Created>2021/6/7 18:15:47</Document_Date_Created><Document_Note>...</Document_Note><PDF Card="01-073-0958" QM="Calculated(C)" d="Calculated" I="Calculated"><Date>2021/6/7 18:15:47</Date><Name>Zirconium Oxide</Name><Formula>Zr3O</Formula><Wavelength Source="CuKa1">1.54060</Wavelength><AngleLimit>8.499-89.484</AngleLimit><Reference>Calculated from ICSD using POWD-12++ (1997)</Reference><Comment>FIZ=023402: At least one TF missing. No R value given. See PDF 00-022-1025. Description d'une surstructure Zr3 O f e d c2 (R32H) NO3</Comment><StrongLines>2.45/X 2.44/6 2.60/2 2.78/2 1.90/2 1.61/2 1.47/1 1.37/1</StrongLines><UnitCell System="Rhombohedral"><Source>(Unknown)</Source><SpaceGroup>R32 (155)</SpaceGroup><a>5.56295</a><b>5.56295</b><c>31.185</c><Alpha>90.0</Alpha><Beta>90.0</Beta><Gamma>120.0</Gamma><Volume>835.77</Volume><FormulaUnits>12</FormulaUnits><PearsonSymbol>hR16 (O Zr3)</PearsonSymbol><CalculatedDensity>6.905</CalculatedDensity><MeasuredDensity>6.68A</MeasuredDensity><MolecularWeight>289.66</MolecularWeight><SmithSnyder-FOM>F(30)=453.0(.0017,38/0)</SmithSnyder-FOM><Reference>Dubertret, A., Lehr, P. C. R. Seances Acad. Sci., Ser. C, v268 p501 (1969)</Reference></UnitCell><d-I-List N="66" d="Angstrom" RIR="11.83" id="Zirconium Oxide, Zr3O"><Peak n="1" hkl="0 0 3" d="10.3950">1.0%</Peak><Peak n="2" hkl="1 0 1" d="4.7612">1.0%</Peak><Peak n="3" hkl="0 1 2" d="4.6030">4.0%</Peak><Peak n="4" hkl="1 0 4" d="4.0983">1.0%</Peak><Peak n="5" hkl="0 1 5" d="3.8127">8.0%</Peak><Peak n="6" hkl="0 0 9" d="3.4650">1.0%</Peak><Peak n="7" hkl="1 0 7" d="3.2709">5.0%</Peak><Peak n="8" hkl="0 1 8" d="3.0304">1.0%</Peak><Peak n="9" hkl="1 1 0" d="2.7815">191.0%</Peak><Peak n="10" hkl="0 0 12" d="2.5988">235.0%</Peak><Peak n="11" hkl="1 1 6" d="2.4524">999.0%</Peak><Peak n="12" hkl="0 1 11" d="2.4433">586.0%</Peak><Peak n="13" hkl="2 0 2" d="2.3806">2.0%</Peak><Peak n="14" hkl="0 2 4" d="2.3015">1.0%</Peak><Peak n="15" hkl="2 0 5" d="2.2471">1.0%</Peak><Peak n="16" hkl="1 1 9" d="2.1691">1.0%</Peak><Peak n="17" hkl="1 0 13" d="2.1474">1.0%</Peak><Peak n="18" hkl="0 2 7" d="2.1189">1.0%</Peak><Peak n="19" hkl="2 0 8" d="2.0491">1.0%</Peak><Peak n="20" hkl="0 1 14" d="2.0219">1.0%</Peak><Peak n="21" hkl="1 1 12" d="1.8989">168.0%</Peak><Peak n="22" hkl="2 0 11" d="1.8357">1.0%</Peak><Peak n="23" hkl="2 1 1" d="1.8178">1.0%</Peak><Peak n="24" hkl="1 0 16" d="1.8086">1.0%</Peak><Peak n="25" hkl="1 2 2" d="1.8086">1.0%</Peak><Peak n="26" hkl="2 1 4" d="1.7732">1.0%</Peak><Peak n="27" hkl="1 2 5" d="1.7479">1.0%</Peak><Peak n="28" hkl="0 1 17" d="1.7143">1.0%</Peak><Peak n="29" hkl="0 2 13" d="1.6998">1.0%</Peak><Peak n="30" hkl="2 1 7" d="1.6855">1.0%</Peak><Peak n="31" hkl="1 1 15" d="1.6652">1.0%</Peak><Peak n="32" hkl="1 2 8" d="1.6498">1.0%</Peak><Peak n="33" hkl="2 0 14" d="1.6354">1.0%</Peak><Peak n="34" hkl="3 0 0" d="1.6059">158.0%</Peak><Peak n="35" hkl="2 1 10" d="1.5725">1.0%</Peak><Peak n="36" hkl="1 0 19" d="1.5536">1.0%</Peak><Peak n="37" hkl="1 2 11" d="1.5321">1.0%</Peak><Peak n="38" hkl="0 2 16" d="1.5152">1.0%</Peak><Peak n="39" hkl="1 1 18" d="1.4706">148.0%</Peak><Peak n="40" hkl="1 2 14" d="1.4098">1.0%</Peak><Peak n="41" hkl="2 2 0" d="1.3907">16.0%</Peak><Peak n="42" hkl="3 0 12" d="1.3661">131.0%</Peak><Peak n="43" hkl="2 2 6" d="1.3435">101.0%</Peak><Peak n="44" hkl="1 3 4" d="1.3170">1.0%</Peak><Peak n="45" hkl="3 1 5" d="1.3065">1.0%</Peak><Peak n="46" hkl="0 0 24" d="1.2994">21.0%</Peak><Peak n="47" hkl="1 3 7" d="1.2799">1.0%</Peak><Peak n="48" hkl="3 1 8" d="1.2640">1.0%</Peak><Peak n="49" hkl="2 2 12" d="1.2262">26.0%</Peak><Peak n="50" hkl="3 1 11" d="1.2087">1.0%</Peak><Peak n="51" hkl="4 0 1" d="1.2035">1.0%</Peak><Peak n="52" hkl="0 4 2" d="1.2008">1.0%</Peak><Peak n="53" hkl="1 1 24" d="1.1773">16.0%</Peak><Peak n="54" hkl="3 0 18" d="1.1773">16.0%</Peak><Peak n="55" hkl="0 1 26" d="1.1639">1.0%</Peak><Peak n="56" hkl="4 0 7" d="1.1627">1.0%</Peak><Peak n="57" hkl="0 4 8" d="1.1507">1.0%</Peak><Peak n="58" hkl="3 1 14" d="1.1458">1.0%</Peak><Peak n="59" hkl="4 0 10" d="1.1235">1.0%</Peak><Peak n="60" hkl="2 1 22" d="1.1185">1.0%</Peak><Peak n="61" hkl="0 4 11" d="1.1085">1.0%</Peak><Peak n="62" hkl="0 2 25" d="1.1077">1.0%</Peak><Peak n="63" hkl="3 2 1" d="1.1046">1.0%</Peak><Peak n="64" hkl="1 3 16" d="1.1025">1.0%</Peak><Peak n="65" hkl="2 3 2" d="1.1025">1.0%</Peak><Peak n="66" hkl="3 2 4" d="1.0943">1.0%</Peak></d-I-List></PDF></MDI>
