<?xml version="1.0"?>
<MDI version="1.0" CRC="1526743127" xmlns:dt="urn:schemas-microsoft-com:datatypes"><Document_Format>Materials Data Inc.</Document_Format><Document_Contents>XRD Powder Diffraction Data</Document_Contents><Document_Creator>MDI Jade 7</Document_Creator><Document_Originator>lenovo</Document_Originator><Document_Origination>Materials Data, Inc.</Document_Origination><Document_Date_Created>2021/6/7 18:15:13</Document_Date_Created><Document_Note>...</Document_Note><PDF Card="00-065-3366" QM="Calculated(C)" d="Calculated" I="Calculated"><Date>2021/6/7 18:15:13</Date><Name>Zirconium</Name><Formula>Zr</Formula><Wavelength Source="CuKa1">1.54060</Wavelength><AngleLimit>31.957-144.945</AngleLimit><Reference>Calculated from NIST using POWD-12++</Reference><Comment>Zr</Comment><StrongLines>2.46/X 2.57/3 2.80/2 1.37/2 1.46/2 1.62/2 1.89/1 1.35/1</StrongLines><UnitCell System="Hexagonal"><Source>(Unknown)</Source><SpaceGroup>P63/mmc (194)</SpaceGroup><a>3.2312</a><b>3.2312</b><c>5.1477</c><Alpha>90.0</Alpha><Beta>90.0</Beta><Gamma>120.0</Gamma><Volume>46.54</Volume><FormulaUnits>2</FormulaUnits><PearsonSymbol>hP2 (Mg)</PearsonSymbol><CalculatedDensity>6.507</CalculatedDensity><MeasuredDensity>6.500</MeasuredDensity><MolecularWeight>91.22</MolecularWeight><SmithSnyder-FOM>F(28)=999.9(.0002,29/0)</SmithSnyder-FOM><Reference>R.Russell J. Appl. Phys., v24 p232 (1953)</Reference></UnitCell><d-I-List N="28" d="Angstrom" RIR="13.12" id="Zirconium, Zr"><Peak n="1" hkl="1 0 0" d="2.7983">248.0%</Peak><Peak n="2" hkl="0 0 2" d="2.5738">257.0%</Peak><Peak n="3" hkl="1 0 1" d="2.4585">999.0%</Peak><Peak n="4" hkl="1 0 2" d="1.8944">137.0%</Peak><Peak n="5" hkl="1 1 0" d="1.6156">152.0%</Peak><Peak n="6" hkl="1 0 3" d="1.4628">154.0%</Peak><Peak n="7" hkl="2 0 0" d="1.3992">21.0%</Peak><Peak n="8" hkl="1 1 2" d="1.3684">156.0%</Peak><Peak n="9" hkl="2 0 1" d="1.3502">111.0%</Peak><Peak n="10" hkl="0 0 4" d="1.2869">20.0%</Peak><Peak n="11" hkl="2 0 2" d="1.2293">25.0%</Peak><Peak n="12" hkl="1 0 4" d="1.1692">21.0%</Peak><Peak n="13" hkl="2 0 3" d="1.0844">47.0%</Peak><Peak n="14" hkl="2 1 0" d="1.0577">14.0%</Peak><Peak n="15" hkl="2 1 1" d="1.0360">81.0%</Peak><Peak n="16" hkl="1 1 4" d="1.0066">50.0%</Peak><Peak n="17" hkl="2 1 2" d="0.9783">23.0%</Peak><Peak n="18" hkl="1 0 5" d="0.9662">33.0%</Peak><Peak n="19" hkl="2 0 4" d="0.9472">11.0%</Peak><Peak n="20" hkl="3 0 0" d="0.9328">21.0%</Peak><Peak n="21" hkl="3 0 1" d="0.9178">1.0%</Peak><Peak n="22" hkl="2 1 3" d="0.9004">59.0%</Peak><Peak n="23" hkl="3 0 2" d="0.8770">38.0%</Peak><Peak n="24" hkl="0 0 6" d="0.8579">6.0%</Peak><Peak n="25" hkl="2 0 5" d="0.8292">27.0%</Peak><Peak n="26" hkl="1 0 6" d="0.8203">9.0%</Peak><Peak n="27" hkl="2 1 4" d="0.8171">18.0%</Peak><Peak n="28" hkl="2 2 0" d="0.8078">18.0%</Peak></d-I-List></PDF></MDI>
