<?xml version="1.0"?>
<MDI version="1.0" CRC="1946182679" xmlns:dt="urn:schemas-microsoft-com:datatypes"><Document_Format>Materials Data Inc.</Document_Format><Document_Contents>XRD Powder Diffraction Data</Document_Contents><Document_Creator>MDI Jade 7</Document_Creator><Document_Originator>lenovo</Document_Originator><Document_Origination>Materials Data, Inc.</Document_Origination><Document_Date_Created>2021/6/7 19:07:39</Document_Date_Created><Document_Note>...</Document_Note><PDF Card="01-088-2339" QM="(Unknown)" d="Calculated" I="Calculated"><Date>2021/6/7 19:07:39</Date><Name>Tungsten</Name><Formula>W</Formula><Wavelength Source="CuKa1">1.54060</Wavelength><AngleLimit>38.370-82.179</AngleLimit><Reference>Calculated from ICSD using POWD-12++</Reference><Comment>FIZ=041521: Structure calculated theoretically. M Ab initio calculation, existence of this form not proven. M normal form b.c.c. with a= 3.1652, Im3-m, D=19.30. No R value given. At least one TF missing. Theory of bonding in transition-metal carbides and nitrides a (FM3-M) N</Comment><StrongLines>2.34/X 2.03/5 1.22/2 1.44/2 1.17/1</StrongLines><UnitCell System="Cubic"><Source>(Unknown)</Source><SpaceGroup>Fm-3m (225)</SpaceGroup><a>4.06</a><b>4.06</b><c>4.06</c><Alpha>90.0</Alpha><Beta>90.0</Beta><Gamma>90.0</Gamma><Volume>66.92</Volume><FormulaUnits>4</FormulaUnits><PearsonSymbol>cF4 (?)</PearsonSymbol><CalculatedDensity>18.243</CalculatedDensity><MeasuredDensity>19.20A</MeasuredDensity><MolecularWeight>183.85</MolecularWeight><SmithSnyder-FOM>F(5)=999.9(.0000,5/0)</SmithSnyder-FOM><Reference>Haglund, J., Fernandez-Guillermet, F., Grimvall, G., Korling, M. Phys. Rev. B: Condens. Matter, v48 p11685 (1993)</Reference></UnitCell><d-I-List N="5" d="Angstrom" RIR="22.28" id="Tungsten, W"><Peak n="1" hkl="1 1 1" d="2.3440">999.0%</Peak><Peak n="2" hkl="2 0 0" d="2.0300">460.0%</Peak><Peak n="3" hkl="2 2 0" d="1.4354">239.0%</Peak><Peak n="4" hkl="3 1 1" d="1.2241">240.0%</Peak><Peak n="5" hkl="2 2 2" d="1.1720">66.0%</Peak></d-I-List></PDF></MDI>
