<?xml version="1.0"?>
<MDI version="1.0" CRC="704659675" xmlns:dt="urn:schemas-microsoft-com:datatypes"><Document_Format>Materials Data Inc.</Document_Format><Document_Contents>XRD Powder Diffraction Data</Document_Contents><Document_Creator>MDI Jade 7</Document_Creator><Document_Originator>lenovo</Document_Originator><Document_Origination>Materials Data, Inc.</Document_Origination><Document_Date_Created>2021/6/7 19:07:43</Document_Date_Created><Document_Note>...</Document_Note><PDF Card="00-065-4047" QM="Calculated(C)" d="Calculated" I="Calculated"><Date>2021/6/7 19:07:43</Date><Name>Holmium Palladium</Name><Formula>HoPd3</Formula><Wavelength Source="CuKa1">1.54060</Wavelength><AngleLimit>21.885-143.284</AngleLimit><Reference>Calculated from NIST using POWD-12++</Reference><Comment>L 35459  42656      0 TF was not given, B set to 1.000 for calc. Mixtures of oxides, carbonates and /or fluorides with very fine powders of noble metals in alumina iridium, or nickel crucibles placed in an alumina tube were heated in a high temperature furnace. Actinide(Lanthanide)-Noble Metal Alloy Phases,Preparation and Properties</Comment><StrongLines>2.34/X 2.03/4 1.43/2 1.22/2 0.93/1 0.91/1 0.83/1 1.17/1</StrongLines><UnitCell System="Cubic"><Source>(Unknown)</Source><SpaceGroup>Pm-3m (221)</SpaceGroup><a>4.058</a><b>4.058</b><c>4.058</c><Alpha>90.0</Alpha><Beta>90.0</Beta><Gamma>90.0</Gamma><Volume>66.82</Volume><FormulaUnits>1</FormulaUnits><PearsonSymbol>cP4 (Au Cu3)</PearsonSymbol><CalculatedDensity>12.028</CalculatedDensity><MeasuredDensity>12.27A</MeasuredDensity><MolecularWeight>484.13</MolecularWeight><SmithSnyder-FOM>F(22)=999.9(.0002,22/0)</SmithSnyder-FOM><Reference>Erdman, B., Keller, C. J. Solid State Chem., v7 p40 (1973)</Reference></UnitCell><d-I-List N="22" d="Angstrom" RIR="15.83" id="Holmium Palladium, HoPd3"><Peak n="1" hkl="1 0 0" d="4.0580">6.0%</Peak><Peak n="2" hkl="1 1 0" d="2.8694">5.0%</Peak><Peak n="3" hkl="1 1 1" d="2.3429">999.0%</Peak><Peak n="4" hkl="2 0 0" d="2.0290">446.0%</Peak><Peak n="5" hkl="2 1 0" d="1.8148">2.0%</Peak><Peak n="6" hkl="2 1 1" d="1.6567">1.0%</Peak><Peak n="7" hkl="2 2 0" d="1.4347">216.0%</Peak><Peak n="8" hkl="2 2 1" d="1.3527">1.0%</Peak><Peak n="9" hkl="3 1 0" d="1.2832">1.0%</Peak><Peak n="10" hkl="3 1 1" d="1.2235">213.0%</Peak><Peak n="11" hkl="2 2 2" d="1.1714">59.0%</Peak><Peak n="12" hkl="3 2 0" d="1.1255">1.0%</Peak><Peak n="13" hkl="3 2 1" d="1.0846">1.0%</Peak><Peak n="14" hkl="4 0 0" d="1.0145">25.0%</Peak><Peak n="15" hkl="3 2 2" d="0.9842">1.0%</Peak><Peak n="16" hkl="4 1 1" d="0.9565">1.0%</Peak><Peak n="17" hkl="3 3 1" d="0.9310">74.0%</Peak><Peak n="18" hkl="4 2 0" d="0.9074">70.0%</Peak><Peak n="19" hkl="4 2 1" d="0.8855">1.0%</Peak><Peak n="20" hkl="3 3 2" d="0.8652">1.0%</Peak><Peak n="21" hkl="4 2 2" d="0.8283">60.0%</Peak><Peak n="22" hkl="4 3 0" d="0.8116">1.0%</Peak></d-I-List></PDF></MDI>
