<?xml version="1.0"?>
<MDI version="1.0" CRC="1644179715" xmlns:dt="urn:schemas-microsoft-com:datatypes"><Document_Format>Materials Data Inc.</Document_Format><Document_Contents>XRD Powder Diffraction Data</Document_Contents><Document_Creator>MDI Jade 7</Document_Creator><Document_Originator>lenovo</Document_Originator><Document_Origination>Materials Data, Inc.</Document_Origination><Document_Date_Created>2021/6/7 18:15:50</Document_Date_Created><Document_Note>...</Document_Note><PDF Card="00-065-5512" QM="Calculated(C)" d="Calculated" I="Calculated"><Date>2021/6/7 18:15:50</Date><Name>Lithium Magnesium</Name><Formula>Li3Mg17</Formula><Wavelength Source="CuKa1">1.54060</Wavelength><AngleLimit>32.283-148.752</AngleLimit><Reference>Calculated from NIST using POWD-12++</Reference><Comment>L 38062  44212      0 TF was not given, B set to 1.000 for calc. not mentioned. unit cell dimensions taken from figure. Lattice Spacing Relationships in Magnesium Solid Solutions</Comment><StrongLines>2.44/X 2.59/3 2.77/2 1.46/1 1.60/1 1.89/1 1.36/1 1.34/1</StrongLines><UnitCell System="Hexagonal"><Source>(Unknown)</Source><SpaceGroup>P63/mmc (194)</SpaceGroup><a>3.1994</a><b>3.1994</b><c>5.1702</c><Alpha>90.0</Alpha><Beta>90.0</Beta><Gamma>120.0</Gamma><Volume>45.83</Volume><FormulaUnits>0.1</FormulaUnits><PearsonSymbol>hP2 (Mg)</PearsonSymbol><CalculatedDensity>1.573</CalculatedDensity><MeasuredDensity>1.66A</MeasuredDensity><MolecularWeight>434.01</MolecularWeight><SmithSnyder-FOM>F(27)=165.0(.0056,29/0)</SmithSnyder-FOM><Reference>Hardie, D., Parkins, R. N. Philos. Mag., v4 p815 (1959)</Reference></UnitCell><d-I-List N="28" d="Angstrom" RIR="3.34" id="Lithium Magnesium, Li3Mg17"><Peak n="1" hkl="1 0 0" d="2.7708">249.0%</Peak><Peak n="2" hkl="0 0 2" d="2.5851">267.0%</Peak><Peak n="3" hkl="1 0 1" d="2.4422">999.0%</Peak><Peak n="4" hkl="1 0 2" d="1.8902">135.0%</Peak><Peak n="5" hkl="1 1 0" d="1.5997">139.0%</Peak><Peak n="6" hkl="1 0 3" d="1.4634">141.0%</Peak><Peak n="7" hkl="2 0 0" d="1.3854">18.0%</Peak><Peak n="8" hkl="1 1 2" d="1.3603">134.0%</Peak><Peak n="9" hkl="2 0 1" d="1.3382">93.0%</Peak><Peak n="10" hkl="0 0 4" d="1.2925">17.0%</Peak><Peak n="11" hkl="2 0 2" d="1.2211">20.0%</Peak><Peak n="12" hkl="1 0 4" d="1.1714">16.0%</Peak><Peak n="13" hkl="2 0 3" d="1.0798">33.0%</Peak><Peak n="14" hkl="2 1 0" d="1.0473">10.0%</Peak><Peak n="15" hkl="2 1 1" d="1.0264">52.0%</Peak><Peak n="16" hkl="1 1 4" d="1.0054">32.0%</Peak><Peak n="17" hkl="2 1 2" d="0.9706">15.0%</Peak><Peak n="18" hkl="1 0 5" d="0.9688">23.0%</Peak><Peak n="19" hkl="2 0 4" d="0.9451">6.0%</Peak><Peak n="20" hkl="3 0 0" d="0.9236">12.0%</Peak><Peak n="21" hkl="2 1 3" d="0.8950">32.0%</Peak><Peak n="22" hkl="3 0 2" d="0.8697">19.0%</Peak><Peak n="23" hkl="0 0 6" d="0.8617">3.0%</Peak><Peak n="24" hkl="2 0 5" d="0.8287">13.0%</Peak><Peak n="25" hkl="1 0 6" d="0.8228">4.0%</Peak><Peak n="26" hkl="3 0 3" d="0.8137">8.0%</Peak><Peak n="27" hkl="2 1 4" d="0.8137">8.0%</Peak><Peak n="28" hkl="2 2 0" d="0.7998">8.0%</Peak></d-I-List></PDF></MDI>
