<?xml version="1.0"?>
<MDI version="1.0" CRC="1728070173" xmlns:dt="urn:schemas-microsoft-com:datatypes"><Document_Format>Materials Data Inc.</Document_Format><Document_Contents>XRD Powder Diffraction Data</Document_Contents><Document_Creator>MDI Jade 7</Document_Creator><Document_Originator>lenovo</Document_Originator><Document_Origination>Materials Data, Inc.</Document_Origination><Document_Date_Created>2021/6/7 19:07:02</Document_Date_Created><Document_Note>...</Document_Note><PDF Card="00-004-0787" QM="Star(S)" d="(Unknown)" I="Diffractometer"><Date>2021/6/7 19:07:02</Date><Name>Aluminum, syn</Name><Formula>Al</Formula><ChemicalClass>(Gold)</ChemicalClass><CAS-Number>7429-90-5</CAS-Number><Wavelength Source="CuKa1">1.54056</Wavelength><Filter>Ni</Filter><AngleLimit>38.473-137.461</AngleLimit><Color>Light gray metallic</Color><Reference>Swanson, Tatge. Natl. Bur. Stand. (U.S.), Circ. 539, vI p11 (1953)</Reference><Comment>The material used for the NBS sample was a melting point standard sample of aluminum prepared at NBS, Gaithersburg, Maryland, USA. The chemical analysis (%): Si 0.011, Cu 0.006, Fe 0.007, Ti 0.0001, Zr 0.003, Ga 0.004, Mo 0.00002, S 0.0001, Al 99.9+ (by difference). Pattern taken at 25 C. Mineral species of doubtful validity, Am. Mineral., 65 205 (1980). See ICSD 64700 (PDF 01-085-1327).</Comment><StrongLines>2.34/X 2.02/5 1.22/2 1.43/2 0.83/1 0.91/1 0.93/1 1.17/1</StrongLines><UnitCell System="Cubic"><Source>Powder Diffraction</Source><SpaceGroup>Fm-3m (225)</SpaceGroup><a>4.0494</a><b>4.0494</b><c>4.0494</c><Alpha>90.0</Alpha><Beta>90.0</Beta><Gamma>90.0</Gamma><Volume>66.40</Volume><FormulaUnits>4</FormulaUnits><PearsonSymbol>cF4 (Cu)</PearsonSymbol><CalculatedDensity>2.697</CalculatedDensity><MeasuredDensity>2.70A</MeasuredDensity><MolecularWeight>26.98</MolecularWeight><SmithSnyder-FOM>F(9)=91.8(.0109,9/0)</SmithSnyder-FOM><Reference>Ibid.</Reference></UnitCell><d-I-List N="9" d="Angstrom" RIR="3.62" id="Aluminum, syn, Al"><Peak n="1" hkl="1 1 1" d="2.3380">100.0%</Peak><Peak n="2" hkl="2 0 0" d="2.0240">47.0%</Peak><Peak n="3" hkl="2 2 0" d="1.4310">22.0%</Peak><Peak n="4" hkl="3 1 1" d="1.2210">24.0%</Peak><Peak n="5" hkl="2 2 2" d="1.1690">7.0%</Peak><Peak n="6" hkl="4 0 0" d="1.0124">2.0%</Peak><Peak n="7" hkl="3 3 1" d="0.9289">8.0%</Peak><Peak n="8" hkl="4 2 0" d="0.9055">8.0%</Peak><Peak n="9" hkl="4 2 2" d="0.8266">8.0%</Peak></d-I-List></PDF></MDI>
