<?xml version="1.0"?>
<MDI version="1.0" CRC="302021293" xmlns:dt="urn:schemas-microsoft-com:datatypes"><Document_Format>Materials Data Inc.</Document_Format><Document_Contents>XRD Powder Diffraction Data</Document_Contents><Document_Creator>MDI Jade 7</Document_Creator><Document_Originator>lenovo</Document_Originator><Document_Origination>Materials Data, Inc.</Document_Origination><Document_Date_Created>2021/6/7 18:16:17</Document_Date_Created><Document_Note>...</Document_Note><PDF Card="00-035-0821" QM="Star(S)" d="Diffractometer" I="Diffractometer"><Date>2021/6/7 18:16:17</Date><Name>Magnesium</Name><Formula>Mg</Formula><CAS-Number>7439-95-4</CAS-Number><Wavelength Source="CuKa1">1.5405981</Wavelength><Filter>Graph</Filter><Calibration>Internal(W)</Calibration><AngleLimit>32.194-147.523</AngleLimit><Color>Dark gray</Color><Reference>Natl. Bur. Stand. (U.S.) Monogr. 25, v21 p82 (1985)</Reference><Comment>The sample was obtained from Fisher Scientific Company, Fair Lawn, New Jersey, USA.  It contained a small amount of Mg ( O H )2. The temperature of data collection was approximately 25.0 C. To replace 00-004-0770. Pyrotechnic.</Comment><StrongLines>2.45/X 2.61/4 2.78/3 1.47/2 1.90/2 1.37/1 1.60/1 1.34/1</StrongLines><UnitCell System="Hexagonal"><Source>Powder Diffraction</Source><SpaceGroup>P63/mmc (194)</SpaceGroup><a>3.20936</a><b>3.20936</b><c>5.2112</c><Alpha>90.0</Alpha><Beta>90.0</Beta><Gamma>120.0</Gamma><Volume>46.48</Volume><FormulaUnits>2</FormulaUnits><PearsonSymbol>hP2 (Mg)</PearsonSymbol><CalculatedDensity>1.736</CalculatedDensity><MeasuredDensity>1.74A</MeasuredDensity><MolecularWeight>24.31</MolecularWeight><SmithSnyder-FOM>F(27)=75.3(.0124,29/0)</SmithSnyder-FOM><Reference>Jevins, A. et al. Z. Phys. Chem. (B), v40 p347 (1938)</Reference></UnitCell><d-I-List N="27" d="Angstrom" id="Magnesium, Mg"><Peak n="1" hkl="1 0 0" d="2.7782">25.0%</Peak><Peak n="2" hkl="0 0 2" d="2.6050">36.0%</Peak><Peak n="3" hkl="1 0 1" d="2.4520">100.0%</Peak><Peak n="4" hkl="1 0 2" d="1.9002">15.0%</Peak><Peak n="5" hkl="1 1 0" d="1.6047">12.0%</Peak><Peak n="6" hkl="1 0 3" d="1.4730">16.0%</Peak><Peak n="7" hkl="2 0 0" d="1.3899">2.0%</Peak><Peak n="8" hkl="1 1 2" d="1.3664">13.0%</Peak><Peak n="9" hkl="2 0 1" d="1.3430">8.0%</Peak><Peak n="10" hkl="0 0 4" d="1.3028">2.0%</Peak><Peak n="11" hkl="2 0 2" d="1.2264">2.0%</Peak><Peak n="12" hkl="1 0 4" d="1.1797">2.0%</Peak><Peak n="13" hkl="2 0 3" d="1.0854">3.0%</Peak><Peak n="14" hkl="2 1 0" d="1.0506">1.0%</Peak><Peak n="15" hkl="2 1 1" d="1.0299">4.0%</Peak><Peak n="16" hkl="1 1 4" d="1.0116">3.0%</Peak><Peak n="17" hkl="1 0 5" d="0.9760">2.0%</Peak><Peak n="18" hkl="2 1 2" d="0.9742">2.0%</Peak><Peak n="19" hkl="2 0 4" d="0.9505">0.0%</Peak><Peak n="20" hkl="3 0 0" d="0.9266">1.0%</Peak><Peak n="21" hkl="2 1 3" d="0.8988">2.0%</Peak><Peak n="22" hkl="3 0 2" d="0.8729">1.0%</Peak><Peak n="23" hkl="2 0 5" d="0.8338">0.0%</Peak><Peak n="24" hkl="1 0 6" d="0.8289">0.0%</Peak><Peak n="25" hkl="2 1 4" d="0.8178">0.0%</Peak><Peak n="26" hkl="3 0 3" d="0.8174">0.0%</Peak><Peak n="27" hkl="2 2 0" d="0.8023">0.0%</Peak></d-I-List></PDF></MDI>
