<?xml version="1.0"?>
<MDI version="1.0" CRC="1560303167" xmlns:dt="urn:schemas-microsoft-com:datatypes"><Document_Format>Materials Data Inc.</Document_Format><Document_Contents>XRD Powder Diffraction Data</Document_Contents><Document_Creator>MDI Jade 7</Document_Creator><Document_Originator>lenovo</Document_Originator><Document_Origination>Materials Data, Inc.</Document_Origination><Document_Date_Created>2021/6/7 19:00:01</Document_Date_Created><Document_Note>...</Document_Note><PDF Card="01-083-0929" QM="Calculated(C)" d="Calculated" I="Calculated"><Date>2021/6/7 19:00:01</Date><Name>Yttrium Holmium Oxide</Name><Formula>(Y1.595Ho0.405)O3</Formula><Wavelength Source="CuKa1">1.54060</Wavelength><AngleLimit>16.700-89.495</AngleLimit><Reference>Calculated from ICSD using POWD-12++</Reference><Comment>FIZ=080035: Rietveld profile refinement applied ITF See PDF 01-083-0928. Structure properties and magnetic susceptibility of diluted magnetic semiconductor Y2-x Hox O3 e d b (IA3-) A2X3</Comment><StrongLines>3.06/X 1.88/3 2.65/3 1.60/2 4.33/1 2.08/1 1.22/1</StrongLines><UnitCell System="Cubic"><Source>Profile Analysis</Source><SpaceGroup>Ia-3 (206)</SpaceGroup><a>10.6086</a><b>10.6086</b><c>10.6086</c><Alpha>90.0</Alpha><Beta>90.0</Beta><Gamma>90.0</Gamma><Volume>1193.92</Volume><FormulaUnits>16</FormulaUnits><PearsonSymbol>cI80 (Mn2 O3)</PearsonSymbol><CalculatedDensity>5.709</CalculatedDensity><MeasuredDensity>5.81A</MeasuredDensity><MolecularWeight>256.60</MolecularWeight><SmithSnyder-FOM>F(30)=999.9(.0000,30/0)</SmithSnyder-FOM><Reference>Antic, B., Mitric, M., Rodic, D. J. Magn. Magn. Mater., v145 p349 (1995)</Reference></UnitCell><d-I-List N="41" d="Angstrom" RIR="9.48" id="Yttrium Holmium Oxide, (Y1.595Ho0.405)O3"><Peak n="1" hkl="2 0 0" d="5.3043">6.0%</Peak><Peak n="2" hkl="2 1 1" d="4.3309">101.0%</Peak><Peak n="3" hkl="2 2 0" d="3.7507">1.0%</Peak><Peak n="4" hkl="2 2 2" d="3.0624">999.0%</Peak><Peak n="5" hkl="1 2 3" d="2.8353">6.0%</Peak><Peak n="6" hkl="4 0 0" d="2.6521">287.0%</Peak><Peak n="7" hkl="4 1 1" d="2.5005">48.0%</Peak><Peak n="8" hkl="4 2 0" d="2.3721">10.0%</Peak><Peak n="9" hkl="3 3 2" d="2.2618">43.0%</Peak><Peak n="10" hkl="4 2 2" d="2.1655">10.0%</Peak><Peak n="11" hkl="1 3 4" d="2.0805">67.0%</Peak><Peak n="12" hkl="5 2 1" d="1.9369">23.0%</Peak><Peak n="13" hkl="4 4 0" d="1.8753">322.0%</Peak><Peak n="14" hkl="4 3 3" d="1.8194">18.0%</Peak><Peak n="15" hkl="6 0 0" d="1.7681">5.0%</Peak><Peak n="16" hkl="6 1 1" d="1.7209">41.0%</Peak><Peak n="17" hkl="0 2 6" d="1.6774">8.0%</Peak><Peak n="18" hkl="5 4 1" d="1.6369">28.0%</Peak><Peak n="19" hkl="6 2 2" d="1.5993">231.0%</Peak><Peak n="20" hkl="6 3 1" d="1.5641">40.0%</Peak><Peak n="21" hkl="4 4 4" d="1.5312">47.0%</Peak><Peak n="22" hkl="5 4 3" d="1.5003">15.0%</Peak><Peak n="23" hkl="0 4 6" d="1.4712">10.0%</Peak><Peak n="24" hkl="6 3 3" d="1.4437">21.0%</Peak><Peak n="25" hkl="6 4 2" d="1.4176">11.0%</Peak><Peak n="26" hkl="1 5 6" d="1.3473">14.0%</Peak><Peak n="27" hkl="8 0 0" d="1.3261">27.0%</Peak><Peak n="28" hkl="8 1 1" d="1.3058">23.0%</Peak><Peak n="29" hkl="8 2 0" d="1.2865">13.0%</Peak><Peak n="30" hkl="6 5 3" d="1.2680">14.0%</Peak><Peak n="31" hkl="8 2 2" d="1.2502">9.0%</Peak><Peak n="32" hkl="8 3 1" d="1.2332">21.0%</Peak><Peak n="33" hkl="6 6 2" d="1.2169">51.0%</Peak><Peak n="34" hkl="7 5 2" d="1.2012">1.0%</Peak><Peak n="35" hkl="0 4 8" d="1.1861">41.0%</Peak><Peak n="36" hkl="8 3 3" d="1.1715">6.0%</Peak><Peak n="37" hkl="2 4 8" d="1.1575">6.0%</Peak><Peak n="38" hkl="7 6 1" d="1.1439">14.0%</Peak><Peak n="39" hkl="6 6 4" d="1.1309">1.0%</Peak><Peak n="40" hkl="1 5 8" d="1.1182">14.0%</Peak><Peak n="41" hkl="7 6 3" d="1.0942">10.0%</Peak></d-I-List></PDF></MDI>
