<?xml version="1.0"?>
<MDI version="1.0" CRC="805332945" xmlns:dt="urn:schemas-microsoft-com:datatypes"><Document_Format>Materials Data Inc.</Document_Format><Document_Contents>XRD Powder Diffraction Data</Document_Contents><Document_Creator>MDI Jade 7</Document_Creator><Document_Originator>lenovo</Document_Originator><Document_Origination>Materials Data, Inc.</Document_Origination><Document_Date_Created>2021/6/7 18:15:24</Document_Date_Created><Document_Note>...</Document_Note><PDF Card="01-089-4902" QM="Calculated(C)" d="Calculated" I="Calculated"><Date>2021/6/7 18:15:24</Date><Name>Zirconium - $-alpha</Name><Formula>Zr</Formula><Wavelength Source="CuKa1">1.54060</Wavelength><AngleLimit>31.948-82.427</AngleLimit><Reference>Calculated from ICSD using POWD-12++</Reference><Comment>FIZ=076154: M Cell from \ITJ. Phys. Chem. Solids\RG, \BF21\RG 1383-1384 (1953) 3.2330, 5.1475 at 298 K; at 9 3.2458, 5.1846; at 1142 K: 3.2471, 5.1912; at 1164 K: 3. 5.1961. No R value given. At least one TF missing. REM      TEM 25 C. M PDF 00-005-0665. M Cell from \ITJ. Met.\RG, \BF5\RG 344-348 (1953) 3.22562, 5.13709 (with traces oxygen). M Cell from \ITJ. Chem. Phys.\RG, \BF21\RG 1383-1384 (1953) 3.22580, 5.13732 (oxygen-free See PDF 01-089-3045. Standard X-ray diffraction powder patterns II c (P63/MMC) N</Comment><StrongLines>2.46/X 2.57/3 2.80/3 1.62/1 1.37/1 1.46/1 1.89/1 1.35/1</StrongLines><UnitCell System="Hexagonal"><Source>(Unknown)</Source><SpaceGroup>P63/mmc (194)</SpaceGroup><a>3.232</a><b>3.232</b><c>5.147</c><Alpha>90.0</Alpha><Beta>90.0</Beta><Gamma>120.0</Gamma><Volume>46.56</Volume><FormulaUnits>2</FormulaUnits><PearsonSymbol>hP2 ($GA) (?)</PearsonSymbol><CalculatedDensity>6.505</CalculatedDensity><MeasuredDensity>6.50A</MeasuredDensity><MolecularWeight>91.22</MolecularWeight><SmithSnyder-FOM>F(12)=999.9(.0000,12/0)</SmithSnyder-FOM><Reference>Swanson, H.E., Fuyat, R.K. Natl. Bur. Stand. (U.S.), Circ. 539, v359 p1 (1953)</Reference></UnitCell><d-I-List N="12" d="Angstrom" RIR="12.59" id="Zirconium - $-alpha, Zr"><Peak n="1" hkl="1 0 0" d="2.7990">252.0%</Peak><Peak n="2" hkl="0 0 2" d="2.5735">256.0%</Peak><Peak n="3" hkl="1 0 1" d="2.4589">999.0%</Peak><Peak n="4" hkl="1 0 2" d="1.8944">133.0%</Peak><Peak n="5" hkl="1 1 0" d="1.6160">144.0%</Peak><Peak n="6" hkl="1 0 3" d="1.4627">142.0%</Peak><Peak n="7" hkl="2 0 0" d="1.3995">20.0%</Peak><Peak n="8" hkl="1 1 2" d="1.3685">143.0%</Peak><Peak n="9" hkl="2 0 1" d="1.3505">101.0%</Peak><Peak n="10" hkl="0 0 4" d="1.2867">18.0%</Peak><Peak n="11" hkl="2 0 2" d="1.2295">23.0%</Peak><Peak n="12" hkl="1 0 4" d="1.1691">18.0%</Peak></d-I-List></PDF></MDI>
