<?xml version="1.0"?>
<MDI version="1.0" CRC="922768105" xmlns:dt="urn:schemas-microsoft-com:datatypes"><Document_Format>Materials Data Inc.</Document_Format><Document_Contents>XRD Powder Diffraction Data</Document_Contents><Document_Creator>MDI Jade 7</Document_Creator><Document_Originator>lenovo</Document_Originator><Document_Origination>Materials Data, Inc.</Document_Origination><Document_Date_Created>2021/6/7 19:00:09</Document_Date_Created><Document_Note>...</Document_Note><PDF Card="01-074-1829" QM="Calculated(C)" d="Calculated" I="Calculated"><Date>2021/6/7 19:00:09</Date><Name>Holmium Oxide</Name><Formula>Ho2O3</Formula><Wavelength Source="CuKa1">1.54060</Wavelength><AngleLimit>16.704-89.522</AngleLimit><Reference>Calculated from ICSD using POWD-12++</Reference><Comment>FIZ=027773: No R value given. At least one TF missing. Cell constant from \ITActa Crystallogr., Sec. B: Structural Science\RG, \BF40\RG 76 (1984). Calculated from ion size \ITActa Crystallogr., Sec. B: Structural Science\RG, \BF40\RG 76 (1984): a=10.608, x(Ho2)=-.0205, xyz(01)=.3811, .1403, .3794, D=8.408. See PDF 00-044-1268. Bixbyite-type. Calc. density unusual but tolerable. ITF Structure de quelques oxydes de terres rares e d b (IA3-) A2X3</Comment><StrongLines>3.06/X 1.87/4 2.65/3 1.60/3 4.33/1 1.22/1 2.08/1 1.53/1</StrongLines><UnitCell System="Cubic"><Source>Powder Diffraction</Source><SpaceGroup>Ia-3 (206)</SpaceGroup><a>10.606</a><b>10.606</b><c>10.606</c><Alpha>90.0</Alpha><Beta>90.0</Beta><Gamma>90.0</Gamma><Volume>1193.04</Volume><FormulaUnits>16</FormulaUnits><PearsonSymbol>cI80 (Mn2 O3)</PearsonSymbol><CalculatedDensity>8.413</CalculatedDensity><MeasuredDensity>8.310</MeasuredDensity><MolecularWeight>377.86</MolecularWeight><SmithSnyder-FOM>F(30)=999.9(.0000,30/0)</SmithSnyder-FOM><Reference>Fert, A. Bull. Soc. Fr. Mineral. Cristallogr., v85 p267 (1962)</Reference></UnitCell><d-I-List N="41" d="Angstrom" RIR="12.05" id="Holmium Oxide, Ho2O3"><Peak n="1" hkl="2 0 0" d="5.3030">2.0%</Peak><Peak n="2" hkl="2 1 1" d="4.3299">85.0%</Peak><Peak n="3" hkl="2 2 0" d="3.7498">1.0%</Peak><Peak n="4" hkl="2 2 2" d="3.0617">999.0%</Peak><Peak n="5" hkl="3 2 1" d="2.8346">7.0%</Peak><Peak n="6" hkl="4 0 0" d="2.6515">316.0%</Peak><Peak n="7" hkl="4 1 1" d="2.4999">34.0%</Peak><Peak n="8" hkl="4 2 0" d="2.3716">5.0%</Peak><Peak n="9" hkl="3 3 2" d="2.2612">29.0%</Peak><Peak n="10" hkl="4 2 2" d="2.1649">4.0%</Peak><Peak n="11" hkl="1 3 4" d="2.0800">55.0%</Peak><Peak n="12" hkl="1 2 5" d="1.9364">15.0%</Peak><Peak n="13" hkl="4 4 0" d="1.8749">355.0%</Peak><Peak n="14" hkl="4 3 3" d="1.8189">14.0%</Peak><Peak n="15" hkl="6 0 0" d="1.7677">2.0%</Peak><Peak n="16" hkl="6 1 1" d="1.7205">32.0%</Peak><Peak n="17" hkl="0 2 6" d="1.6770">5.0%</Peak><Peak n="18" hkl="1 4 5" d="1.6365">25.0%</Peak><Peak n="19" hkl="6 2 2" d="1.5989">265.0%</Peak><Peak n="20" hkl="1 3 6" d="1.5638">38.0%</Peak><Peak n="21" hkl="4 4 4" d="1.5308">53.0%</Peak><Peak n="22" hkl="5 4 3" d="1.4999">12.0%</Peak><Peak n="23" hkl="0 4 6" d="1.4708">5.0%</Peak><Peak n="24" hkl="1 2 7" d="1.4433">17.0%</Peak><Peak n="25" hkl="6 4 2" d="1.4173">6.0%</Peak><Peak n="26" hkl="7 3 2" d="1.3470">14.0%</Peak><Peak n="27" hkl="8 0 0" d="1.3257">34.0%</Peak><Peak n="28" hkl="8 1 1" d="1.3055">21.0%</Peak><Peak n="29" hkl="8 2 0" d="1.2862">7.0%</Peak><Peak n="30" hkl="3 5 6" d="1.2677">12.0%</Peak><Peak n="31" hkl="8 2 2" d="1.2499">5.0%</Peak><Peak n="32" hkl="8 3 1" d="1.2329">20.0%</Peak><Peak n="33" hkl="6 6 2" d="1.2166">66.0%</Peak><Peak n="34" hkl="7 5 2" d="1.2009">1.0%</Peak><Peak n="35" hkl="0 4 8" d="1.1858">47.0%</Peak><Peak n="36" hkl="8 3 3" d="1.1712">6.0%</Peak><Peak n="37" hkl="2 4 8" d="1.1572">4.0%</Peak><Peak n="38" hkl="9 2 1" d="1.1437">12.0%</Peak><Peak n="39" hkl="6 6 4" d="1.1306">1.0%</Peak><Peak n="40" hkl="1 5 8" d="1.1180">12.0%</Peak><Peak n="41" hkl="7 6 3" d="1.0939">11.0%</Peak></d-I-List></PDF></MDI>
