<?xml version="1.0"?>
<MDI version="1.0" CRC="402682207" xmlns:dt="urn:schemas-microsoft-com:datatypes"><Document_Format>Materials Data Inc.</Document_Format><Document_Contents>XRD Powder Diffraction Data</Document_Contents><Document_Creator>MDI Jade 7</Document_Creator><Document_Originator>lenovo</Document_Originator><Document_Origination>Materials Data, Inc.</Document_Origination><Document_Date_Created>2021/6/7 19:06:45</Document_Date_Created><Document_Note>...</Document_Note><PDF Card="01-085-1327" QM="Calculated(C)" d="Calculated" I="Calculated"><Date>2021/6/7 19:06:45</Date><Name>Aluminum</Name><Formula>Al</Formula><Wavelength Source="CuKa1">1.54060</Wavelength><AngleLimit>38.474-82.441</AngleLimit><Reference>Calculated from ICSD using POWD-12++ (1997)</Reference><Comment>FIZ=064700: M PDF 00-004-0787. No R value given. At least one TF missing. See PDF 00-004-0787, 01-089-2769, 01-089-2837, 01-089-3657, 03-065-2869 and 01-089-4037. Standard X-ray diffraction powder patterns Cell from Research (London), 6 23-24 (1953): 4.0493(5) at 298 K, Z. Phys. Chem. (B), 34 402-403 (1936): 4.04961(2). a (FM3-M) N</Comment><StrongLines>2.34/X 2.02/5 1.43/2 1.22/2 1.17/1</StrongLines><UnitCell System="Cubic"><Source>(Unknown)</Source><SpaceGroup>Fm-3m (225)</SpaceGroup><a>4.0494</a><b>4.0494</b><c>4.0494</c><Alpha>90.0</Alpha><Beta>90.0</Beta><Gamma>90.0</Gamma><Volume>66.40</Volume><FormulaUnits>4</FormulaUnits><PearsonSymbol>cF4 (Cu)</PearsonSymbol><CalculatedDensity>2.698</CalculatedDensity><MeasuredDensity>2.690</MeasuredDensity><MolecularWeight>26.98</MolecularWeight><SmithSnyder-FOM>F(5)=999.9(.0000,5/0)</SmithSnyder-FOM><Reference>Swanson, H.E., Tatge, E. Natl. Bur. Stand. (U.S.), Circ. 539, v359 p1 (1953)</Reference></UnitCell><d-I-List N="5" d="Angstrom" RIR="4.1" id="Aluminum, Al"><Peak n="1" hkl="1 1 1" d="2.3379">999.0%</Peak><Peak n="2" hkl="2 0 0" d="2.0247">455.0%</Peak><Peak n="3" hkl="2 2 0" d="1.4317">233.0%</Peak><Peak n="4" hkl="3 1 1" d="1.2209">228.0%</Peak><Peak n="5" hkl="2 2 2" d="1.1690">63.0%</Peak></d-I-List></PDF></MDI>
