<?xml version="1.0"?>
<MDI version="1.0" CRC="2030054059" xmlns:dt="urn:schemas-microsoft-com:datatypes"><Document_Format>Materials Data Inc.</Document_Format><Document_Contents>XRD Powder Diffraction Data</Document_Contents><Document_Creator>MDI Jade 7</Document_Creator><Document_Originator>lenovo</Document_Originator><Document_Origination>Materials Data, Inc.</Document_Origination><Document_Date_Created>2021/6/7 18:15:43</Document_Date_Created><Document_Note>...</Document_Note><PDF Card="01-089-3045" QM="Calculated(C)" d="Calculated" I="Calculated"><Date>2021/6/7 18:15:43</Date><Name>Zirconium</Name><Formula>Zr</Formula><Wavelength Source="CuKa1">1.54060</Wavelength><AngleLimit>31.948-82.415</AngleLimit><Reference>Calculated from ICSD using POWD-12++</Reference><Comment>FIZ=043700: REM      TEM 29 C. M Sample with 0.032 at.% oxygen. M PDF 00-005-0665. M Cell with 2.47 at.% O: 3.23444, 5.15332. M Cell with 5.10 at.% O: 3.23757, 5.15843. M Extrapolation to 0 at.% O: 3.23168, 5.14764. No R value given. At least one TF missing. See PDF 03-065-3366, 01-089-4791, 01-089-4892 and 01-089-4902. Precision lattice parameter determination of zirconiumoxygen solid solution c (P63/MMC) N</Comment><StrongLines>2.46/X 2.57/3 2.80/3 1.62/1 1.37/1 1.46/1 1.89/1 1.35/1</StrongLines><UnitCell System="Hexagonal"><Source>(Unknown)</Source><SpaceGroup>P63/mmc (194)</SpaceGroup><a>3.23208</a><b>3.23208</b><c>5.14772</c><Alpha>90.0</Alpha><Beta>90.0</Beta><Gamma>120.0</Gamma><Volume>46.57</Volume><FormulaUnits>2</FormulaUnits><PearsonSymbol>hP2 (?)</PearsonSymbol><CalculatedDensity>6.504</CalculatedDensity><MeasuredDensity>6.50A</MeasuredDensity><MolecularWeight>91.22</MolecularWeight><SmithSnyder-FOM>F(12)=999.9(.0000,12/0)</SmithSnyder-FOM><Reference>Lichter, B.D. Trans. Met. Soc. AIME, v218 p1015 (1960)</Reference></UnitCell><d-I-List N="12" d="Angstrom" RIR="12.59" id="Zirconium, Zr"><Peak n="1" hkl="1 0 0" d="2.7991">251.0%</Peak><Peak n="2" hkl="0 0 2" d="2.5739">258.0%</Peak><Peak n="3" hkl="1 0 1" d="2.4590">999.0%</Peak><Peak n="4" hkl="1 0 2" d="1.8946">134.0%</Peak><Peak n="5" hkl="1 1 0" d="1.6160">143.0%</Peak><Peak n="6" hkl="1 0 3" d="1.4629">142.0%</Peak><Peak n="7" hkl="2 0 0" d="1.3995">20.0%</Peak><Peak n="8" hkl="1 1 2" d="1.3686">142.0%</Peak><Peak n="9" hkl="2 0 1" d="1.3505">101.0%</Peak><Peak n="10" hkl="0 0 4" d="1.2869">18.0%</Peak><Peak n="11" hkl="2 0 2" d="1.2295">22.0%</Peak><Peak n="12" hkl="1 0 4" d="1.1693">18.0%</Peak></d-I-List></PDF></MDI>
