<?xml version="1.0"?>
<MDI version="1.0" CRC="1358970195" xmlns:dt="urn:schemas-microsoft-com:datatypes"><Document_Format>Materials Data Inc.</Document_Format><Document_Contents>XRD Powder Diffraction Data</Document_Contents><Document_Creator>MDI Jade 7</Document_Creator><Document_Originator>lenovo</Document_Originator><Document_Origination>Materials Data, Inc.</Document_Origination><Document_Date_Created>2021/6/7 19:07:35</Document_Date_Created><Document_Note>...</Document_Note><PDF Card="98-000-0005" QM="Calculated" d="Calculated" I="(Unknown)"><Date>2021/6/7 19:07:35</Date><Name>Aluminum</Name><Formula>Al</Formula><Wavelength Source="CuKa1">1.5406</Wavelength><AngleLimit>38.474-116.578</AngleLimit><Reference>Calculated from CSD#5 (mdi-min.csd) by Jade 7</Reference><Comment>Standard X-ray diffraction powder patterns, National Bureau of Standards (U.S.), Circular 359 (1953) 1-1, Swanson H E, Tatge E, See also PDF 4-787 [Aluminum.csf]</Comment><StrongLines>2.34/X 2.02/5 1.22/3 1.43/3 0.93/2 0.91/2 1.17/1</StrongLines><UnitCell System="Cubic"><SpaceGroup>Fm-3m (225)</SpaceGroup><a>4.0494</a><b>4.0494</b><c>4.0494</c><Alpha>90.0</Alpha><Beta>90.0</Beta><Gamma>90.0</Gamma><Volume>66.4</Volume><FormulaUnits>4</FormulaUnits><CalculatedDensity>2.699</CalculatedDensity><SmithSnyder-FOM/><Reference>Ibid.</Reference></UnitCell><d-I-List N="8" d="Angstrom" RIR="4.47" id="Aluminum, Al"><Peak n="1" hkl="1 1 1" d="2.3379">10000.0%</Peak><Peak n="2" hkl="2 0 0" d="2.0247">4765.0%</Peak><Peak n="3" hkl="2 2 0" d="1.4317">2876.0%</Peak><Peak n="4" hkl="3 1 1" d="1.2209">3197.0%</Peak><Peak n="5" hkl="2 2 2" d="1.1690">915.0%</Peak><Peak n="6" hkl="4 0 0" d="1.0123">451.0%</Peak><Peak n="7" hkl="3 3 1" d="0.9290">1609.0%</Peak><Peak n="8" hkl="4 2 0" d="0.9055">1602.0%</Peak></d-I-List></PDF></MDI>
