<?xml version="1.0"?>
<MDI version="1.0" CRC="419462329" xmlns:dt="urn:schemas-microsoft-com:datatypes"><Document_Format>Materials Data Inc.</Document_Format><Document_Contents>XRD Powder Diffraction Data</Document_Contents><Document_Creator>MDI Jade 7</Document_Creator><Document_Originator>lenovo</Document_Originator><Document_Origination>Materials Data, Inc.</Document_Origination><Document_Date_Created>2021/6/7 18:59:34</Document_Date_Created><Document_Note>...</Document_Note><PDF Card="01-088-1040" QM="Calculated(C)" d="Calculated" I="Calculated"><Date>2021/6/7 18:59:34</Date><Name>Yttrium Oxide</Name><Formula>Y2O3</Formula><Wavelength Source="CuKa1">1.54060</Wavelength><AngleLimit>16.711-89.568</AngleLimit><Reference>Calculated from ICSD using POWD-12++</Reference><Comment>FIZ=085355: ATF Rietveld profile refinement applied See PDF 01-089-5591. Structure and microstructure of Smx Y2-x O3 e d b (IA3-) A2X3</Comment><StrongLines>3.06/X 1.87/4 2.65/2 1.60/2 4.33/1 2.08/1 1.22/1 1.56/1</StrongLines><UnitCell System="Cubic"><Source>Profile Analysis</Source><SpaceGroup>Ia-3 (206)</SpaceGroup><a>10.60174</a><b>10.60174</b><c>10.60174</c><Alpha>90.0</Alpha><Beta>90.0</Beta><Gamma>90.0</Gamma><Volume>1191.60</Volume><FormulaUnits>16</FormulaUnits><PearsonSymbol>cI80 (?)</PearsonSymbol><CalculatedDensity>5.034</CalculatedDensity><MeasuredDensity>5.07A</MeasuredDensity><MolecularWeight>225.81</MolecularWeight><SmithSnyder-FOM>F(30)=999.9(.0000,30/0)</SmithSnyder-FOM><Reference>Mitric, M., Kremenovic, A., Dimitrijevic, R., Rodic, D. Solid State Ionics, v101 p495 (1997)</Reference></UnitCell><d-I-List N="41" d="Angstrom" RIR="9.26" id="Yttrium Oxide, Y2O3"><Peak n="1" hkl="2 0 0" d="5.3009">3.0%</Peak><Peak n="2" hkl="2 1 1" d="4.3281">126.0%</Peak><Peak n="3" hkl="2 2 0" d="3.7483">1.0%</Peak><Peak n="4" hkl="2 2 2" d="3.0605">999.0%</Peak><Peak n="5" hkl="3 2 1" d="2.8334">5.0%</Peak><Peak n="6" hkl="4 0 0" d="2.6504">247.0%</Peak><Peak n="7" hkl="4 1 1" d="2.4989">48.0%</Peak><Peak n="8" hkl="4 2 0" d="2.3706">10.0%</Peak><Peak n="9" hkl="3 3 2" d="2.2603">53.0%</Peak><Peak n="10" hkl="4 2 2" d="2.1641">8.0%</Peak><Peak n="11" hkl="1 3 4" d="2.0792">76.0%</Peak><Peak n="12" hkl="1 2 5" d="1.9356">24.0%</Peak><Peak n="13" hkl="4 4 0" d="1.8741">381.0%</Peak><Peak n="14" hkl="4 3 3" d="1.8182">20.0%</Peak><Peak n="15" hkl="6 0 0" d="1.7670">4.0%</Peak><Peak n="16" hkl="6 1 1" d="1.7198">45.0%</Peak><Peak n="17" hkl="0 2 6" d="1.6763">10.0%</Peak><Peak n="18" hkl="5 4 1" d="1.6359">36.0%</Peak><Peak n="19" hkl="6 2 2" d="1.5983">245.0%</Peak><Peak n="20" hkl="1 3 6" d="1.5631">53.0%</Peak><Peak n="21" hkl="4 4 4" d="1.5302">41.0%</Peak><Peak n="22" hkl="5 4 3" d="1.4993">17.0%</Peak><Peak n="23" hkl="0 4 6" d="1.4702">10.0%</Peak><Peak n="24" hkl="7 2 1" d="1.4427">27.0%</Peak><Peak n="25" hkl="6 4 2" d="1.4167">12.0%</Peak><Peak n="26" hkl="7 3 2" d="1.3464">17.0%</Peak><Peak n="27" hkl="8 0 0" d="1.3252">34.0%</Peak><Peak n="28" hkl="8 1 1" d="1.3050">29.0%</Peak><Peak n="29" hkl="8 2 0" d="1.2857">15.0%</Peak><Peak n="30" hkl="3 5 6" d="1.2672">17.0%</Peak><Peak n="31" hkl="8 2 2" d="1.2494">10.0%</Peak><Peak n="32" hkl="8 3 1" d="1.2324">26.0%</Peak><Peak n="33" hkl="6 6 2" d="1.2161">58.0%</Peak><Peak n="34" hkl="7 5 2" d="1.2004">1.0%</Peak><Peak n="35" hkl="0 4 8" d="1.1853">37.0%</Peak><Peak n="36" hkl="8 3 3" d="1.1708">7.0%</Peak><Peak n="37" hkl="2 4 8" d="1.1567">8.0%</Peak><Peak n="38" hkl="7 6 1" d="1.1432">16.0%</Peak><Peak n="39" hkl="6 6 4" d="1.1301">1.0%</Peak><Peak n="40" hkl="1 5 8" d="1.1175">17.0%</Peak><Peak n="41" hkl="7 6 3" d="1.0935">18.0%</Peak></d-I-List></PDF></MDI>
