<?xml version="1.0"?>
<MDI version="1.0" CRC="436235783" xmlns:dt="urn:schemas-microsoft-com:datatypes"><Document_Format>Materials Data Inc.</Document_Format><Document_Contents>XRD Powder Diffraction Data</Document_Contents><Document_Creator>MDI Jade 7</Document_Creator><Document_Originator>lenovo</Document_Originator><Document_Origination>Materials Data, Inc.</Document_Origination><Document_Date_Created>2021/6/7 18:59:19</Document_Date_Created><Document_Note>...</Document_Note><PDF Card="01-079-1716" QM="Calculated(C)" d="Calculated" I="Calculated"><Date>2021/6/7 18:59:19</Date><Name>Diyttrium oxide</Name><Formula>Y2O3</Formula><Wavelength Source="CuKa1">1.54060</Wavelength><AngleLimit>16.705-89.528</AngleLimit><Reference>Calculated from ICSD using POWD-12++</Reference><Comment>FIZ=066730: Rietveld profile refinement applied At least one TF implausible. ITF The structure characteristics of the diluted magnetic semiconductor Y2-xDyxO3 e d b (IA3-) A2X3</Comment><StrongLines>3.06/X 1.87/4 1.60/3 2.65/2 4.33/1 2.08/1 1.22/1 2.26/1</StrongLines><UnitCell System="Cubic"><Source>Profile Analysis</Source><SpaceGroup>Ia-3 (206)</SpaceGroup><a>10.6056</a><b>10.6056</b><c>10.6056</c><Alpha>90.0</Alpha><Beta>90.0</Beta><Gamma>90.0</Gamma><Volume>1192.90</Volume><FormulaUnits>16</FormulaUnits><PearsonSymbol>cI80 (Mn2 O3)</PearsonSymbol><CalculatedDensity>5.028</CalculatedDensity><MeasuredDensity>5.07A</MeasuredDensity><MolecularWeight>225.81</MolecularWeight><SmithSnyder-FOM>F(30)=999.9(.0000,30/0)</SmithSnyder-FOM><Reference>Antic, B., Oennerud, P., Rodic, D., Tellgren, R. Powder Diffraction, v8 p216 (1993)</Reference></UnitCell><d-I-List N="41" d="Angstrom" RIR="9.31" id="Diyttrium oxide, Y2O3"><Peak n="1" hkl="2 0 0" d="5.3028">3.0%</Peak><Peak n="2" hkl="2 1 1" d="4.3297">128.0%</Peak><Peak n="3" hkl="2 2 0" d="3.7497">1.0%</Peak><Peak n="4" hkl="2 2 2" d="3.0616">999.0%</Peak><Peak n="5" hkl="3 2 1" d="2.8345">5.0%</Peak><Peak n="6" hkl="4 0 0" d="2.6514">247.0%</Peak><Peak n="7" hkl="4 1 1" d="2.4998">48.0%</Peak><Peak n="8" hkl="4 2 0" d="2.3715">10.0%</Peak><Peak n="9" hkl="3 3 2" d="2.2611">54.0%</Peak><Peak n="10" hkl="4 2 2" d="2.1649">8.0%</Peak><Peak n="11" hkl="1 3 4" d="2.0799">77.0%</Peak><Peak n="12" hkl="1 2 5" d="1.9363">25.0%</Peak><Peak n="13" hkl="4 4 0" d="1.8748">392.0%</Peak><Peak n="14" hkl="4 3 3" d="1.8189">20.0%</Peak><Peak n="15" hkl="6 0 0" d="1.7676">4.0%</Peak><Peak n="16" hkl="6 1 1" d="1.7205">46.0%</Peak><Peak n="17" hkl="0 2 6" d="1.6769">10.0%</Peak><Peak n="18" hkl="1 4 5" d="1.6365">36.0%</Peak><Peak n="19" hkl="6 2 2" d="1.5989">251.0%</Peak><Peak n="20" hkl="1 3 6" d="1.5637">53.0%</Peak><Peak n="21" hkl="4 4 4" d="1.5308">41.0%</Peak><Peak n="22" hkl="5 4 3" d="1.4999">17.0%</Peak><Peak n="23" hkl="0 4 6" d="1.4707">10.0%</Peak><Peak n="24" hkl="7 2 1" d="1.4432">27.0%</Peak><Peak n="25" hkl="6 4 2" d="1.4172">12.0%</Peak><Peak n="26" hkl="1 5 6" d="1.3469">17.0%</Peak><Peak n="27" hkl="8 0 0" d="1.3257">36.0%</Peak><Peak n="28" hkl="8 1 1" d="1.3055">29.0%</Peak><Peak n="29" hkl="8 2 0" d="1.2861">15.0%</Peak><Peak n="30" hkl="6 5 3" d="1.2676">17.0%</Peak><Peak n="31" hkl="8 2 2" d="1.2499">10.0%</Peak><Peak n="32" hkl="8 3 1" d="1.2329">26.0%</Peak><Peak n="33" hkl="6 6 2" d="1.2165">61.0%</Peak><Peak n="34" hkl="7 5 2" d="1.2009">1.0%</Peak><Peak n="35" hkl="0 4 8" d="1.1857">39.0%</Peak><Peak n="36" hkl="8 3 3" d="1.1712">8.0%</Peak><Peak n="37" hkl="2 4 8" d="1.1572">8.0%</Peak><Peak n="38" hkl="7 6 1" d="1.1436">17.0%</Peak><Peak n="39" hkl="6 6 4" d="1.1306">1.0%</Peak><Peak n="40" hkl="1 5 8" d="1.1179">18.0%</Peak><Peak n="41" hkl="7 6 3" d="1.0939">19.0%</Peak></d-I-List></PDF></MDI>
