<?xml version="1.0"?>
<MDI version="1.0" CRC="738201633" xmlns:dt="urn:schemas-microsoft-com:datatypes"><Document_Format>Materials Data Inc.</Document_Format><Document_Contents>XRD Powder Diffraction Data</Document_Contents><Document_Creator>MDI Jade 7</Document_Creator><Document_Originator>lenovo</Document_Originator><Document_Origination>Materials Data, Inc.</Document_Origination><Document_Date_Created>2021/6/7 19:07:24</Document_Date_Created><Document_Note>...</Document_Note><PDF Card="01-089-3657" QM="Calculated(C)" d="Calculated" I="Calculated"><Date>2021/6/7 19:07:24</Date><Name>Aluminum, syn</Name><Formula>Al</Formula><Wavelength Source="CuKa1">1.54060</Wavelength><AngleLimit>38.473-82.437</AngleLimit><Reference>Calculated from ICSD using POWD-12++</Reference><Comment>FIZ=044321: REM      TEM 25 C. M PDF 00-004-0787. No R value given. At least one TF missing. See PDF 01-085-1327. Absorption correction in precision determination of lattice parameters a (FM3-M) N</Comment><StrongLines>2.34/X 2.02/5 1.43/2 1.22/2 1.17/1</StrongLines><UnitCell System="Cubic"><Source>(Unknown)</Source><SpaceGroup>Fm-3m (225)</SpaceGroup><a>4.04954</a><b>4.04954</b><c>4.04954</c><Alpha>90.0</Alpha><Beta>90.0</Beta><Gamma>90.0</Gamma><Volume>66.41</Volume><FormulaUnits>4</FormulaUnits><PearsonSymbol>cF4 (?)</PearsonSymbol><CalculatedDensity>2.698</CalculatedDensity><MeasuredDensity>2.698</MeasuredDensity><MolecularWeight>26.98</MolecularWeight><SmithSnyder-FOM>F(5)=999.9(.0000,5/0)</SmithSnyder-FOM><Reference>Straumanis, M.E. J. Appl. Phys., v30 p1965 (1959)</Reference></UnitCell><d-I-List N="5" d="Angstrom" RIR="4.1" id="Aluminum, syn, Al"><Peak n="1" hkl="1 1 1" d="2.3380">999.0%</Peak><Peak n="2" hkl="2 0 0" d="2.0248">456.0%</Peak><Peak n="3" hkl="2 2 0" d="1.4317">232.0%</Peak><Peak n="4" hkl="3 1 1" d="1.2210">229.0%</Peak><Peak n="5" hkl="2 2 2" d="1.1690">62.0%</Peak></d-I-List></PDF></MDI>
