<?xml version="1.0"?>
<MDI version="1.0" CRC="302019021" xmlns:dt="urn:schemas-microsoft-com:datatypes"><Document_Format>Materials Data Inc.</Document_Format><Document_Contents>XRD Powder Diffraction Data</Document_Contents><Document_Creator>MDI Jade 7</Document_Creator><Document_Originator>lenovo</Document_Originator><Document_Origination>Materials Data, Inc.</Document_Origination><Document_Date_Created>2021/6/7 18:15:18</Document_Date_Created><Document_Note>...</Document_Note><PDF Card="01-089-4791" QM="Calculated(C)" d="Calculated" I="Calculated"><Date>2021/6/7 18:15:18</Date><Name>Zirconium - $-alpha</Name><Formula>Zr</Formula><Wavelength Source="CuKa1">1.54060</Wavelength><AngleLimit>31.950-82.406</AngleLimit><Reference>Calculated from ICSD using POWD-12++</Reference><Comment>FIZ=076042: M Stable below 1135 K. M PDF 00-005-0665. M Cell with 1.2 at.% Hf: 3.2307, 5.1455. Cell at 417 K: 3.2337, 5.1529, at 837 K: 3.2444, 5.1771, at 1135 K 3.2505, 5.2036. Cell from Phys. Rev., 144 478-484 (1966): 3.233, 5.1480, at 4.2 K: 3.2294, 5.1414, at 1125 K: 3.2468, 5.1964. No R value given. At least one TF missing. See PDF 01-089-3045. Coefficients ot thermal expansion for zirconium c (P63/MMC) N</Comment><StrongLines>2.46/X 2.57/3 2.80/3 1.62/1 1.46/1 1.37/1 1.89/1 1.35/1</StrongLines><UnitCell System="Hexagonal"><Source>Powder Diffraction</Source><SpaceGroup>P63/mmc (194)</SpaceGroup><a>3.2318</a><b>3.2318</b><c>5.1483</c><Alpha>90.0</Alpha><Beta>90.0</Beta><Gamma>120.0</Gamma><Volume>46.57</Volume><FormulaUnits>2</FormulaUnits><PearsonSymbol>hP2 ($GA) (?)</PearsonSymbol><CalculatedDensity>6.504</CalculatedDensity><MeasuredDensity>6.50A</MeasuredDensity><MolecularWeight>91.22</MolecularWeight><SmithSnyder-FOM>F(12)=999.9(.0002,12/0)</SmithSnyder-FOM><Reference>Russel, R.B. J. Met., v6 p1045 (1954)</Reference></UnitCell><d-I-List N="12" d="Angstrom" RIR="12.59" id="Zirconium - $-alpha, Zr"><Peak n="1" hkl="1 0 0" d="2.7988">252.0%</Peak><Peak n="2" hkl="0 0 2" d="2.5742">256.0%</Peak><Peak n="3" hkl="1 0 1" d="2.4590">999.0%</Peak><Peak n="4" hkl="1 0 2" d="1.8947">135.0%</Peak><Peak n="5" hkl="1 1 0" d="1.6159">145.0%</Peak><Peak n="6" hkl="1 0 3" d="1.4630">143.0%</Peak><Peak n="7" hkl="2 0 0" d="1.3994">20.0%</Peak><Peak n="8" hkl="1 1 2" d="1.3686">142.0%</Peak><Peak n="9" hkl="2 0 1" d="1.3504">102.0%</Peak><Peak n="10" hkl="0 0 4" d="1.2871">18.0%</Peak><Peak n="11" hkl="2 0 2" d="1.2295">23.0%</Peak><Peak n="12" hkl="1 0 4" d="1.1694">18.0%</Peak></d-I-List></PDF></MDI>
