<?xml version="1.0"?>
<MDI version="1.0" CRC="2113935415" xmlns:dt="urn:schemas-microsoft-com:datatypes"><Document_Format>Materials Data Inc.</Document_Format><Document_Contents>XRD Powder Diffraction Data</Document_Contents><Document_Creator>MDI Jade 7</Document_Creator><Document_Originator>lenovo</Document_Originator><Document_Origination>Materials Data, Inc.</Document_Origination><Document_Date_Created>2021/6/7 18:15:57</Document_Date_Created><Document_Note>...</Document_Note><PDF Card="01-089-4892(Deleted)" QM="Calculated(C)" d="Calculated" I="Calculated"><Date>2021/6/7 18:15:57</Date><Name>Zirconium</Name><Formula>Zr</Formula><Wavelength Source="CuKa1">1.54060</Wavelength><AngleLimit>31.957-82.419</AngleLimit><Reference>Calculated from ICSD using POWD-12++</Reference><Comment>FIZ=076143: M PDF 00-005-0665. No R value given. At least one TF missing. See PDF 01-089-3045. On the Zr-Hf system Delete: same as 03-065-3366. Cell from Z. Phys. Chem. (B), 11 433-455 (1930): 3.229, 5.141. c (P63/MMC) N</Comment><StrongLines>2.46/X 2.57/3 2.80/3 1.62/1 1.37/1 1.46/1 1.89/1 1.35/1</StrongLines><UnitCell System="Hexagonal"><Source>Powder Diffraction</Source><SpaceGroup>P63/mmc (194)</SpaceGroup><a>3.2312</a><b>3.2312</b><c>5.1477</c><Alpha>90.0</Alpha><Beta>90.0</Beta><Gamma>120.0</Gamma><Volume>46.54</Volume><FormulaUnits>2</FormulaUnits><PearsonSymbol>hP2 (?)</PearsonSymbol><CalculatedDensity>6.507</CalculatedDensity><MeasuredDensity>6.500</MeasuredDensity><MolecularWeight>91.22</MolecularWeight><SmithSnyder-FOM>F(12)=999.9(.0000,12/0)</SmithSnyder-FOM><Reference>Russel, R.B. J. Appl. Phys., v24 p232 (1953)</Reference></UnitCell><d-I-List N="12" d="Angstrom" RIR="12.59" id="Zirconium, Zr"><Peak n="1" hkl="1 0 0" d="2.7983">250.0%</Peak><Peak n="2" hkl="0 0 2" d="2.5738">258.0%</Peak><Peak n="3" hkl="1 0 1" d="2.4585">999.0%</Peak><Peak n="4" hkl="1 0 2" d="1.8944">133.0%</Peak><Peak n="5" hkl="1 1 0" d="1.6156">144.0%</Peak><Peak n="6" hkl="1 0 3" d="1.4628">143.0%</Peak><Peak n="7" hkl="2 0 0" d="1.3992">20.0%</Peak><Peak n="8" hkl="1 1 2" d="1.3684">143.0%</Peak><Peak n="9" hkl="2 0 1" d="1.3502">101.0%</Peak><Peak n="10" hkl="0 0 4" d="1.2869">18.0%</Peak><Peak n="11" hkl="2 0 2" d="1.2293">22.0%</Peak><Peak n="12" hkl="1 0 4" d="1.1692">18.0%</Peak></d-I-List></PDF></MDI>
