<?xml version="1.0"?>
<MDI version="1.0" CRC="1476408081" xmlns:dt="urn:schemas-microsoft-com:datatypes"><Document_Format>Materials Data Inc.</Document_Format><Document_Contents>XRD Powder Diffraction Data</Document_Contents><Document_Creator>MDI Jade 7</Document_Creator><Document_Originator>lenovo</Document_Originator><Document_Origination>Materials Data, Inc.</Document_Origination><Document_Date_Created>2021/6/7 18:16:22</Document_Date_Created><Document_Note>...</Document_Note><PDF Card="01-089-7195" QM="Calculated(C)" d="Calculated" I="Calculated"><Date>2021/6/7 18:16:22</Date><Name>Magnesium</Name><Formula>Mg</Formula><Wavelength Source="CuKa1">1.54060</Wavelength><AngleLimit>32.180-81.549</AngleLimit><Reference>Calculated from ICSD using POWD-12++</Reference><Comment>FIZ=076748: M PDF 00-035-0821. No R value given. At least one TF missing. The precision determination of lattice constants by the powder and rotation crystal methods and applications See PDF 01-089-4894. c (P63/MMC) N</Comment><StrongLines>2.45/X 2.61/3 2.78/3 1.47/1 1.60/1 1.90/1 1.37/1 1.34/1</StrongLines><UnitCell System="Hexagonal"><Source>(Unknown)</Source><SpaceGroup>P63/mmc (194)</SpaceGroup><a>3.2093</a><b>3.2093</b><c>5.2103</c><Alpha>90.0</Alpha><Beta>90.0</Beta><Gamma>120.0</Gamma><Volume>46.47</Volume><FormulaUnits>2</FormulaUnits><PearsonSymbol>hP2 (?)</PearsonSymbol><CalculatedDensity>1.737</CalculatedDensity><MeasuredDensity>1.730</MeasuredDensity><MolecularWeight>24.31</MolecularWeight><SmithSnyder-FOM>F(12)=999.9(.0000,12/0)</SmithSnyder-FOM><Reference>Straumanis, M.E. J. Appl. Phys., v20 p726 (1949)</Reference></UnitCell><d-I-List N="12" d="Angstrom" RIR="3.85" id="Magnesium, Mg"><Peak n="1" hkl="1 0 0" d="2.7793">251.0%</Peak><Peak n="2" hkl="0 0 2" d="2.6051">272.0%</Peak><Peak n="3" hkl="1 0 1" d="2.4523">999.0%</Peak><Peak n="4" hkl="1 0 2" d="1.9007">136.0%</Peak><Peak n="5" hkl="1 1 0" d="1.6047">138.0%</Peak><Peak n="6" hkl="1 0 3" d="1.4728">143.0%</Peak><Peak n="7" hkl="2 0 0" d="1.3897">18.0%</Peak><Peak n="8" hkl="1 1 2" d="1.3663">135.0%</Peak><Peak n="9" hkl="2 0 1" d="1.3427">92.0%</Peak><Peak n="10" hkl="0 0 4" d="1.3026">18.0%</Peak><Peak n="11" hkl="2 0 2" d="1.2261">20.0%</Peak><Peak n="12" hkl="1 0 4" d="1.1795">17.0%</Peak></d-I-List></PDF></MDI>
