<?xml version="1.0"?>
<MDI version="1.0" CRC="922777667" xmlns:dt="urn:schemas-microsoft-com:datatypes"><Document_Format>Materials Data Inc.</Document_Format><Document_Contents>XRD Powder Diffraction Data</Document_Contents><Document_Creator>MDI Jade 7</Document_Creator><Document_Originator>lenovo</Document_Originator><Document_Origination>Materials Data, Inc.</Document_Origination><Document_Date_Created>2021/6/7 19:07:28</Document_Date_Created><Document_Note>...</Document_Note><PDF Card="00-065-8119" QM="Calculated(C)" d="Calculated" I="Calculated"><Date>2021/6/7 19:07:28</Date><Name>Cerium Palladium Rhodium</Name><Formula>Ce5Rh9Pd6</Formula><Wavelength Source="CuKa1">1.54060</Wavelength><AngleLimit>21.912-143.712</AngleLimit><Reference>Calculated from NIST using POWD-12++</Reference><Comment>L 17499  14805      0 TF was not given, B set to 1.000 for calc. prepared by arc melting. 4fGROUND STATE PROPERTIES OF CERIUM IN AuCu3 INTERMETALLIC COMPOUNDS STUDIED BY X-RAY ABSORPTION SPECTROSCOPY</Comment><StrongLines>2.34/X 2.03/5 1.22/2 1.43/2 0.93/1 0.91/1 0.83/1 1.17/1</StrongLines><UnitCell System="Cubic"><Source>(Unknown)</Source><SpaceGroup>Pm-3m (221)</SpaceGroup><a>4.053</a><b>4.053</b><c>4.053</c><Alpha>90.0</Alpha><Beta>90.0</Beta><Gamma>90.0</Gamma><Volume>66.58</Volume><FormulaUnits>0.2</FormulaUnits><PearsonSymbol>cP4 (Au Cu3)</PearsonSymbol><CalculatedDensity>11.279</CalculatedDensity><MeasuredDensity>10.60A</MeasuredDensity><MolecularWeight>2265.15</MolecularWeight><SmithSnyder-FOM>F(22)=999.9(.0002,22/0)</SmithSnyder-FOM><Reference>Beaurepaire, E., Krill, G., Kappler, J. P., Rohler, J. Solid State Commun., v49 p65 (1984)</Reference></UnitCell><d-I-List N="22" d="Angstrom" RIR="16.69" id="Cerium Palladium Rhodium, Ce5Rh9Pd6"><Peak n="1" hkl="1 0 0" d="4.0530">14.0%</Peak><Peak n="2" hkl="1 1 0" d="2.8659">11.0%</Peak><Peak n="3" hkl="1 1 1" d="2.3400">999.0%</Peak><Peak n="4" hkl="2 0 0" d="2.0265">451.0%</Peak><Peak n="5" hkl="2 1 0" d="1.8126">5.0%</Peak><Peak n="6" hkl="2 1 1" d="1.6546">4.0%</Peak><Peak n="7" hkl="2 2 0" d="1.4330">223.0%</Peak><Peak n="8" hkl="3 0 0" d="1.3510">2.0%</Peak><Peak n="9" hkl="3 1 0" d="1.2817">2.0%</Peak><Peak n="10" hkl="3 1 1" d="1.2220">224.0%</Peak><Peak n="11" hkl="2 2 2" d="1.1700">62.0%</Peak><Peak n="12" hkl="3 2 0" d="1.1241">1.0%</Peak><Peak n="13" hkl="3 2 1" d="1.0832">2.0%</Peak><Peak n="14" hkl="4 0 0" d="1.0132">27.0%</Peak><Peak n="15" hkl="4 1 0" d="0.9830">1.0%</Peak><Peak n="16" hkl="4 1 1" d="0.9553">1.0%</Peak><Peak n="17" hkl="3 3 1" d="0.9298">82.0%</Peak><Peak n="18" hkl="4 2 0" d="0.9063">77.0%</Peak><Peak n="19" hkl="4 2 1" d="0.8844">1.0%</Peak><Peak n="20" hkl="3 3 2" d="0.8641">1.0%</Peak><Peak n="21" hkl="4 2 2" d="0.8273">67.0%</Peak><Peak n="22" hkl="4 3 0" d="0.8106">1.0%</Peak></d-I-List></PDF></MDI>
