<?xml version="1.0"?>
<MDI version="1.0" CRC="1996493099" xmlns:dt="urn:schemas-microsoft-com:datatypes"><Document_Format>Materials Data Inc.</Document_Format><Document_Contents>XRD Powder Diffraction Data</Document_Contents><Document_Creator>MDI Jade 7</Document_Creator><Document_Originator>lenovo</Document_Originator><Document_Origination>Materials Data, Inc.</Document_Origination><Document_Date_Created>2021/6/7 19:07:13</Document_Date_Created><Document_Note>...</Document_Note><PDF Card="01-089-2769" QM="Calculated(C)" d="Calculated" I="Calculated"><Date>2021/6/7 19:07:13</Date><Name>Aluminum</Name><Formula>Al</Formula><Wavelength Source="CuKa1">1.54060</Wavelength><AngleLimit>38.471-82.432</AngleLimit><Reference>Calculated from ICSD using POWD-12++</Reference><Comment>FIZ=043423: M PDF 00-004-0787. No R value given. At least one TF missing. See PDF 01-085-1327. Precise lattice constsants of germanium, aluminum, gallium arsenide, uranium, sulphur, quartz and sapphire a (FM3-M) N</Comment><StrongLines>2.34/X 2.02/5 1.43/2 1.22/2 1.17/1</StrongLines><UnitCell System="Cubic"><Source>(Unknown)</Source><SpaceGroup>Fm-3m (225)</SpaceGroup><a>4.04975</a><b>4.04975</b><c>4.04975</c><Alpha>90.0</Alpha><Beta>90.0</Beta><Gamma>90.0</Gamma><Volume>66.42</Volume><FormulaUnits>4</FormulaUnits><PearsonSymbol>cF4 (?)</PearsonSymbol><CalculatedDensity>2.698</CalculatedDensity><MeasuredDensity>2.700</MeasuredDensity><MolecularWeight>26.98</MolecularWeight><SmithSnyder-FOM>F(5)=999.9(.0000,5/0)</SmithSnyder-FOM><Reference>Cooper, A.S. Acta Crystallogr., v15 p578 (1962)</Reference></UnitCell><d-I-List N="5" d="Angstrom" RIR="4.1" id="Aluminum, Al"><Peak n="1" hkl="1 1 1" d="2.3381">999.0%</Peak><Peak n="2" hkl="2 0 0" d="2.0249">454.0%</Peak><Peak n="3" hkl="2 2 0" d="1.4318">229.0%</Peak><Peak n="4" hkl="3 1 1" d="1.2211">226.0%</Peak><Peak n="5" hkl="2 2 2" d="1.1691">62.0%</Peak></d-I-List></PDF></MDI>
