<?xml version="1.0"?>
<MDI version="1.0" CRC="218116363" xmlns:dt="urn:schemas-microsoft-com:datatypes"><Document_Format>Materials Data Inc.</Document_Format><Document_Contents>XRD Powder Diffraction Data</Document_Contents><Document_Creator>MDI Jade 7</Document_Creator><Document_Originator>lenovo</Document_Originator><Document_Origination>Materials Data, Inc.</Document_Origination><Document_Date_Created>2021/6/7 19:07:10</Document_Date_Created><Document_Note>...</Document_Note><PDF Card="01-089-3610" QM="(Unknown)" d="Calculated" I="Calculated"><Date>2021/6/7 19:07:10</Date><Name>Griceite, syn</Name><Formula>LiF</Formula><Wavelength Source="CuKa1">1.54060</Wavelength><AngleLimit>38.468-82.426</AngleLimit><Reference>Calculated from ICSD using POWD-12++</Reference><Comment>FIZ=044272: Structure calculated theoretically. M Measured cell at 298 K: 4.03; at 0 K: 4.01. M PDF 45-1460. No R value given. At least one TF missing. Direct determination of self-consistent total energies and and charge densities of solids: a study of the cohesive properties of the alkali halides b a (FM3-M) AX</Comment><StrongLines>2.03/X 2.34/8 1.43/4 1.17/1 1.22/1</StrongLines><UnitCell System="Cubic"><Source>(Unknown)</Source><SpaceGroup>Fm-3m (225)</SpaceGroup><a>4.05</a><b>4.05</b><c>4.05</c><Alpha>90.0</Alpha><Beta>90.0</Beta><Gamma>90.0</Gamma><Volume>66.43</Volume><FormulaUnits>4</FormulaUnits><PearsonSymbol>cF8 (?)</PearsonSymbol><CalculatedDensity>2.593</CalculatedDensity><MeasuredDensity>2.39A</MeasuredDensity><MolecularWeight>25.94</MolecularWeight><SmithSnyder-FOM>F(5)=999.9(.0000,5/0)</SmithSnyder-FOM><Reference>Cortona, P. Phys. Rev. B: Condens. Matter, v46 p2008 (1992)</Reference></UnitCell><d-I-List N="5" d="Angstrom" RIR="1.53" id="Griceite, syn, LiF"><Peak n="1" hkl="1 1 1" d="2.3383">805.0%</Peak><Peak n="2" hkl="2 0 0" d="2.0250">999.0%</Peak><Peak n="3" hkl="2 2 0" d="1.4319">401.0%</Peak><Peak n="4" hkl="3 1 1" d="1.2211">86.0%</Peak><Peak n="5" hkl="2 2 2" d="1.1691">91.0%</Peak></d-I-List></PDF></MDI>
