<?xml version="1.0"?>
<MDI version="1.0" CRC="2113949253" xmlns:dt="urn:schemas-microsoft-com:datatypes"><Document_Format>Materials Data Inc.</Document_Format><Document_Contents>XRD Powder Diffraction Data</Document_Contents><Document_Creator>MDI Jade 7</Document_Creator><Document_Originator>lenovo</Document_Originator><Document_Origination>Materials Data, Inc.</Document_Origination><Document_Date_Created>2021/6/7 19:07:20</Document_Date_Created><Document_Note>...</Document_Note><PDF Card="01-089-4037" QM="Calculated(C)" d="Calculated" I="Calculated"><Date>2021/6/7 19:07:20</Date><Name>Aluminum, syn</Name><Formula>Al</Formula><Wavelength Source="CuKa1">1.54060</Wavelength><AngleLimit>38.472-82.435</AngleLimit><Reference>Calculated from ICSD using POWD-12++</Reference><Comment>FIZ=044713: M PDF 00-004-0787. M Cell at 20.4 K: 4.03186, at 55.1 K: 4.03219, at 85.7 K M Cell at 125 K: 4.03528, at 298.7 K: 4.04968. No R value given. At least one TF missing. TEM Mentioned. See PDF 01-085-1327. The thermal expansion of aluminium at low temperatures as measured by an X-ray diffraction method a (FM3-M) N</Comment><StrongLines>2.34/X 2.02/5 1.43/2 1.22/2 1.17/1</StrongLines><UnitCell System="Cubic"><Source>(Unknown)</Source><SpaceGroup>Fm-3m (225)</SpaceGroup><a>4.04963</a><b>4.04963</b><c>4.04963</c><Alpha>90.0</Alpha><Beta>90.0</Beta><Gamma>90.0</Gamma><Volume>66.41</Volume><FormulaUnits>4</FormulaUnits><PearsonSymbol>cF4 (?)</PearsonSymbol><CalculatedDensity>2.698</CalculatedDensity><MeasuredDensity>2.690</MeasuredDensity><MolecularWeight>26.98</MolecularWeight><SmithSnyder-FOM>F(5)=999.9(.0002,5/0)</SmithSnyder-FOM><Reference>Figgins, B.F., Jones, G.O., Riley, D.P. Philos. Mag., v1 p747 (1956)</Reference></UnitCell><d-I-List N="5" d="Angstrom" RIR="4.1" id="Aluminum, syn, Al"><Peak n="1" hkl="1 1 1" d="2.3380">999.0%</Peak><Peak n="2" hkl="2 0 0" d="2.0248">455.0%</Peak><Peak n="3" hkl="2 2 0" d="1.4318">230.0%</Peak><Peak n="4" hkl="3 1 1" d="1.2210">228.0%</Peak><Peak n="5" hkl="2 2 2" d="1.1690">62.0%</Peak></d-I-List></PDF></MDI>
