<?xml version="1.0"?>
<MDI version="1.0" CRC="335552909" xmlns:dt="urn:schemas-microsoft-com:datatypes"><Document_Format>Materials Data Inc.</Document_Format><Document_Contents>XRD Powder Diffraction Data</Document_Contents><Document_Creator>MDI Jade 7</Document_Creator><Document_Originator>lenovo</Document_Originator><Document_Origination>Materials Data, Inc.</Document_Origination><Document_Date_Created>2021/6/7 18:16:47</Document_Date_Created><Document_Note>...</Document_Note><PDF Card="00-065-9362" QM="Calculated(C)" d="Calculated" I="Calculated"><Date>2021/6/7 18:16:47</Date><Name>Magnesium Lead</Name><Formula>Mg93Pb7</Formula><Wavelength Source="CuKa1">1.54060</Wavelength><AngleLimit>32.194-147.672</AngleLimit><Reference>Calculated from NIST using POWD-12++</Reference><Comment>L 38709  41157      0 TF  TF was not given, B set to 1.000 for calc. Melting Pb and Mg together in magnesia-lined alundum crucibles under an atmosphere of H2,then freezed in the crucible and filed clean.The ingots were annealed for a week,then quenched in water,cleaned again by filing. X-ray Study of the Solid Solubility of Lead,Bismuth and Gold in Magnesium Unit cell dimensions taken from figure.</Comment><StrongLines>2.45/X 2.62/3 2.78/2 1.48/1 1.60/1 1.37/1 1.91/1 1.34/1</StrongLines><UnitCell System="Hexagonal"><Source>(Unknown)</Source><SpaceGroup>P63/mmc (194)</SpaceGroup><a>3.208</a><b>3.208</b><c>5.236</c><Alpha>90.0</Alpha><Beta>90.0</Beta><Gamma>120.0</Gamma><Volume>46.67</Volume><FormulaUnits>0.02</FormulaUnits><PearsonSymbol>hP2 (Mg)</PearsonSymbol><CalculatedDensity>2.641</CalculatedDensity><MeasuredDensity>2.62A</MeasuredDensity><MolecularWeight>3710.76</MolecularWeight><SmithSnyder-FOM>F(26)=239.6(.0037,29/0)</SmithSnyder-FOM><Reference>Foote, F., Jette, E. R. Trans. Am. Inst. Min. Metall. Pet. Eng., v143 p124 (1941)</Reference></UnitCell><d-I-List N="27" d="Angstrom" RIR="5.23" id="Magnesium Lead, Mg93Pb7"><Peak n="1" hkl="1 0 0" d="2.7782">245.0%</Peak><Peak n="2" hkl="0 0 2" d="2.6180">272.0%</Peak><Peak n="3" hkl="1 0 1" d="2.4541">999.0%</Peak><Peak n="4" hkl="1 0 2" d="1.9053">138.0%</Peak><Peak n="5" hkl="1 1 0" d="1.6040">141.0%</Peak><Peak n="6" hkl="1 0 3" d="1.4779">149.0%</Peak><Peak n="7" hkl="2 0 0" d="1.3891">19.0%</Peak><Peak n="8" hkl="1 1 2" d="1.3677">140.0%</Peak><Peak n="9" hkl="2 0 1" d="1.3427">97.0%</Peak><Peak n="10" hkl="0 0 4" d="1.3090">19.0%</Peak><Peak n="11" hkl="2 0 2" d="1.2271">21.0%</Peak><Peak n="12" hkl="1 0 4" d="1.1841">18.0%</Peak><Peak n="13" hkl="2 0 3" d="1.0869">37.0%</Peak><Peak n="14" hkl="2 1 0" d="1.0501">11.0%</Peak><Peak n="15" hkl="2 1 1" d="1.0296">58.0%</Peak><Peak n="16" hkl="1 1 4" d="1.0142">37.0%</Peak><Peak n="17" hkl="1 0 5" d="0.9799">24.0%</Peak><Peak n="18" hkl="2 1 2" d="0.9746">16.0%</Peak><Peak n="19" hkl="2 0 4" d="0.9527">7.0%</Peak><Peak n="20" hkl="3 0 0" d="0.9261">13.0%</Peak><Peak n="21" hkl="2 1 3" d="0.8998">37.0%</Peak><Peak n="22" hkl="0 0 6" d="0.8731">24.0%</Peak><Peak n="23" hkl="3 0 2" d="0.8731">24.0%</Peak><Peak n="24" hkl="2 0 5" d="0.8362">16.0%</Peak><Peak n="25" hkl="1 0 6" d="0.8326">5.0%</Peak><Peak n="26" hkl="2 1 4" d="0.8191">10.0%</Peak><Peak n="27" hkl="2 2 0" d="0.8020">10.0%</Peak></d-I-List></PDF></MDI>
