<?xml version="1.0"?>
<MDI version="1.0" CRC="671091173" xmlns:dt="urn:schemas-microsoft-com:datatypes"><Document_Format>Materials Data Inc.</Document_Format><Document_Contents>XRD Powder Diffraction Data</Document_Contents><Document_Creator>MDI Jade 7</Document_Creator><Document_Originator>lenovo</Document_Originator><Document_Origination>Materials Data, Inc.</Document_Origination><Document_Date_Created>2021/6/7 19:06:37</Document_Date_Created><Document_Note>...</Document_Note><PDF Card="00-065-8513" QM="Calculated(C)" d="Calculated" I="Calculated"><Date>2021/6/7 19:06:37</Date><Name>Aluminum Germanium</Name><Formula>Al0.904Ge0.096</Formula><Wavelength Source="CuKa1">1.54060</Wavelength><AngleLimit>38.420-137.070</AngleLimit><Reference>Calculated from NIST using POWD-12++</Reference><Comment>0-0.145, a=4.0409-4.0578, linear dependence</Comment><StrongLines>2.34/X 2.03/5 1.43/2 1.22/2 0.93/1 0.91/1 1.17/1 0.83/1</StrongLines><UnitCell System="Cubic"><Source>(Unknown)</Source><SpaceGroup>Fm-3m (225)</SpaceGroup><a>4.0549</a><b>4.0549</b><c>4.0549</c><Alpha>90.0</Alpha><Beta>90.0</Beta><Gamma>90.0</Gamma><Volume>66.67</Volume><FormulaUnits>4</FormulaUnits><PearsonSymbol>cF4 (Cu)</PearsonSymbol><CalculatedDensity>3.124</CalculatedDensity><MeasuredDensity>3.21A</MeasuredDensity><MolecularWeight>31.36</MolecularWeight><SmithSnyder-FOM>F(9)=999.9(.0003,9/0)</SmithSnyder-FOM><Reference>Predel, B., Schluckebier, G. Z. Metallkd., v63 p198 (1972)</Reference></UnitCell><d-I-List N="9" d="Angstrom" RIR="4.7" id="Aluminum Germanium, Al0.904Ge0.096"><Peak n="1" hkl="1 1 1" d="2.3411">999.0%</Peak><Peak n="2" hkl="2 0 0" d="2.0275">454.0%</Peak><Peak n="3" hkl="2 2 0" d="1.4336">230.0%</Peak><Peak n="4" hkl="3 1 1" d="1.2226">225.0%</Peak><Peak n="5" hkl="2 2 2" d="1.1705">61.0%</Peak><Peak n="6" hkl="4 0 0" d="1.0137">25.0%</Peak><Peak n="7" hkl="3 3 1" d="0.9303">72.0%</Peak><Peak n="8" hkl="4 2 0" d="0.9067">67.0%</Peak><Peak n="9" hkl="4 2 2" d="0.8277">53.0%</Peak></d-I-List></PDF></MDI>
