<?xml version="1.0"?>
<MDI version="1.0" CRC="822104705" xmlns:dt="urn:schemas-microsoft-com:datatypes"><Document_Format>Materials Data Inc.</Document_Format><Document_Contents>XRD Powder Diffraction Data</Document_Contents><Document_Creator>MDI Jade 7</Document_Creator><Document_Originator>lenovo</Document_Originator><Document_Origination>Materials Data, Inc.</Document_Origination><Document_Date_Created>2021/6/7 18:16:01</Document_Date_Created><Document_Note>...</Document_Note><PDF Card="00-005-0665" QM="Indexed(I)" d="(Unknown)" I="Diffractometer"><Date>2021/6/7 18:16:01</Date><Name>Zirconium</Name><Formula>Zr</Formula><CAS-Number>7440-67-7</CAS-Number><Wavelength Source="CuKa1">1.5405</Wavelength><Filter>Ni</Filter><AngleLimit>31.960-139.858</AngleLimit><Color>Bluish black</Color><Reference>Swanson, Fuyat. Natl. Bur. Stand. (U.S.), Circ. 539, vII p11 (1953)</Reference><Comment>Sample from Johnson Matthey Company, Ltd. Spectroscopic analysis: &lt;0.1% Hf; &lt;0.01% Ti, Fe; &lt;0.001% Mg, Cu, Si, Al, Ag, Ca. Pattern taken at 25 C. Zr becomes BCC at 850 C. Merck Index, 8th Ed., p. 1131. Component of pyrotechnic boom powders.</Comment><StrongLines>2.46/X 2.80/3 2.57/3 1.37/2 1.46/2 1.89/2 1.62/2 1.35/1</StrongLines><UnitCell System="Hexagonal"><Source>Powder Diffraction</Source><SpaceGroup>P63/mmc (194)</SpaceGroup><a>3.232</a><b>3.232</b><c>5.147</c><Alpha>90.0</Alpha><Beta>90.0</Beta><Gamma>120.0</Gamma><Volume>46.56</Volume><FormulaUnits>2</FormulaUnits><PearsonSymbol>hP2 (Mg)</PearsonSymbol><CalculatedDensity>6.505</CalculatedDensity><MeasuredDensity>6.50A</MeasuredDensity><MolecularWeight>91.22</MolecularWeight><SmithSnyder-FOM>F(25)=37.7(0.026,26/0)</SmithSnyder-FOM><Reference>Ibid.</Reference></UnitCell><d-I-List N="25" d="Angstrom" id="Zirconium, Zr"><Peak n="1" hkl="1 0 0" d="2.7980">33.0%</Peak><Peak n="2" hkl="0 0 2" d="2.5730">32.0%</Peak><Peak n="3" hkl="1 0 1" d="2.4590">100.0%</Peak><Peak n="4" hkl="1 0 2" d="1.8940">17.0%</Peak><Peak n="5" hkl="1 1 0" d="1.6160">17.0%</Peak><Peak n="6" hkl="1 0 3" d="1.4630">18.0%</Peak><Peak n="7" hkl="2 0 0" d="1.3990">3.0%</Peak><Peak n="8" hkl="1 1 2" d="1.3680">18.0%</Peak><Peak n="9" hkl="2 0 1" d="1.3500">12.0%</Peak><Peak n="10" hkl="0 0 4" d="1.2870">4.0%</Peak><Peak n="11" hkl="2 0 2" d="1.2296">4.0%</Peak><Peak n="12" hkl="1 0 4" d="1.1689">3.0%</Peak><Peak n="13" hkl="2 0 3" d="1.0842">4.0%</Peak><Peak n="14" hkl="2 1 0" d="1.0588">2.0%</Peak><Peak n="15" hkl="2 1 1" d="1.0360">6.0%</Peak><Peak n="16" hkl="1 1 4" d="1.0063">3.0%</Peak><Peak n="17" hkl="2 1 2" d="0.9783">2.0%</Peak><Peak n="18" hkl="1 0 5" d="0.9660">4.0%</Peak><Peak n="19" hkl="2 0 4" d="0.9474">2.0%</Peak><Peak n="20" hkl="3 0 0" d="0.9327">3.0%</Peak><Peak n="21" hkl="2 1 3" d="0.9003">5.0%</Peak><Peak n="22" hkl="3 0 2" d="0.8771">3.0%</Peak><Peak n="23" hkl="0 0 6" d="0.8577">1.0%</Peak><Peak n="24" hkl="2 0 5" d="0.8292">2.0%</Peak><Peak n="25" hkl="1 0 6" d="0.8201">2.0%</Peak></d-I-List></PDF></MDI>
