<?xml version="1.0"?>
<MDI version="1.0" CRC="486563073" xmlns:dt="urn:schemas-microsoft-com:datatypes"><Document_Format>Materials Data Inc.</Document_Format><Document_Contents>XRD Powder Diffraction Data</Document_Contents><Document_Creator>MDI Jade 7</Document_Creator><Document_Originator>lenovo</Document_Originator><Document_Origination>Materials Data, Inc.</Document_Origination><Document_Date_Created>2021/6/7 18:59:24</Document_Date_Created><Document_Note>...</Document_Note><PDF Card="01-082-2415" QM="Calculated(C)" d="Calculated" I="Calculated"><Date>2021/6/7 18:59:24</Date><Name>Yttrium Oxide</Name><Formula>Y2O3</Formula><Wavelength Source="CuKa1">1.54060</Wavelength><AngleLimit>16.711-89.568</AngleLimit><Reference>Calculated from ICSD using POWD-12++</Reference><Comment>FIZ=078581: ITF Electron density distribution and chemical bonding of Ln2 O3 (Ln= Y, Tm, Yb) from powder x-ray diffraction data by the maximum-entropy method e d b (IA3-) A2X3</Comment><StrongLines>3.06/X 1.87/4 2.65/2 1.60/2 4.33/1 2.08/1 1.22/1 2.26/1</StrongLines><UnitCell System="Cubic"><Source>Powder Diffraction</Source><SpaceGroup>Ia-3 (206)</SpaceGroup><a>10.6018</a><b>10.6018</b><c>10.6018</c><Alpha>90.0</Alpha><Beta>90.0</Beta><Gamma>90.0</Gamma><Volume>1191.62</Volume><FormulaUnits>16</FormulaUnits><PearsonSymbol>cI80 (Mn2 O3)</PearsonSymbol><CalculatedDensity>5.034</CalculatedDensity><MeasuredDensity>5.07A</MeasuredDensity><MolecularWeight>225.81</MolecularWeight><SmithSnyder-FOM>F(30)=999.9(.0000,30/0)</SmithSnyder-FOM><Reference>Ishibashi, H., Shimomoto, K., Nakahigashi, K. J. Phys. Chem. Solids, v55 p809 (1994)</Reference></UnitCell><d-I-List N="41" d="Angstrom" RIR="9.19" id="Yttrium Oxide, Y2O3"><Peak n="1" hkl="2 0 0" d="5.3009">2.0%</Peak><Peak n="2" hkl="2 1 1" d="4.3282">132.0%</Peak><Peak n="3" hkl="2 2 0" d="3.7483">1.0%</Peak><Peak n="4" hkl="2 2 2" d="3.0605">999.0%</Peak><Peak n="5" hkl="3 2 1" d="2.8335">5.0%</Peak><Peak n="6" hkl="4 0 0" d="2.6504">242.0%</Peak><Peak n="7" hkl="4 1 1" d="2.4989">46.0%</Peak><Peak n="8" hkl="4 2 0" d="2.3706">10.0%</Peak><Peak n="9" hkl="3 3 2" d="2.2603">53.0%</Peak><Peak n="10" hkl="4 2 2" d="2.1641">8.0%</Peak><Peak n="11" hkl="1 3 4" d="2.0792">76.0%</Peak><Peak n="12" hkl="5 2 1" d="1.9356">23.0%</Peak><Peak n="13" hkl="4 4 0" d="1.8742">383.0%</Peak><Peak n="14" hkl="4 3 3" d="1.8182">20.0%</Peak><Peak n="15" hkl="6 0 0" d="1.7670">4.0%</Peak><Peak n="16" hkl="6 1 1" d="1.7198">43.0%</Peak><Peak n="17" hkl="0 2 6" d="1.6763">10.0%</Peak><Peak n="18" hkl="1 4 5" d="1.6359">36.0%</Peak><Peak n="19" hkl="6 2 2" d="1.5983">240.0%</Peak><Peak n="20" hkl="1 3 6" d="1.5632">52.0%</Peak><Peak n="21" hkl="4 4 4" d="1.5302">39.0%</Peak><Peak n="22" hkl="5 4 3" d="1.4993">16.0%</Peak><Peak n="23" hkl="0 4 6" d="1.4702">9.0%</Peak><Peak n="24" hkl="7 2 1" d="1.4427">26.0%</Peak><Peak n="25" hkl="6 4 2" d="1.4167">12.0%</Peak><Peak n="26" hkl="2 3 7" d="1.3464">17.0%</Peak><Peak n="27" hkl="8 0 0" d="1.3252">34.0%</Peak><Peak n="28" hkl="8 1 1" d="1.3050">28.0%</Peak><Peak n="29" hkl="8 2 0" d="1.2857">15.0%</Peak><Peak n="30" hkl="3 5 6" d="1.2672">16.0%</Peak><Peak n="31" hkl="8 2 2" d="1.2494">10.0%</Peak><Peak n="32" hkl="8 3 1" d="1.2324">24.0%</Peak><Peak n="33" hkl="6 6 2" d="1.2161">56.0%</Peak><Peak n="34" hkl="7 5 2" d="1.2004">1.0%</Peak><Peak n="35" hkl="0 4 8" d="1.1853">34.0%</Peak><Peak n="36" hkl="8 3 3" d="1.1708">7.0%</Peak><Peak n="37" hkl="2 4 8" d="1.1567">8.0%</Peak><Peak n="38" hkl="7 6 1" d="1.1432">15.0%</Peak><Peak n="39" hkl="6 6 4" d="1.1302">1.0%</Peak><Peak n="40" hkl="1 5 8" d="1.1175">15.0%</Peak><Peak n="41" hkl="7 6 3" d="1.0935">17.0%</Peak></d-I-List></PDF></MDI>
