<?xml version="1.0"?>
<MDI version="1.0" CRC="184580251" xmlns:dt="urn:schemas-microsoft-com:datatypes"><Document_Format>Materials Data Inc.</Document_Format><Document_Contents>XRD Powder Diffraction Data</Document_Contents><Document_Creator>MDI Jade 7</Document_Creator><Document_Originator>lenovo</Document_Originator><Document_Origination>Materials Data, Inc.</Document_Origination><Document_Date_Created>2021/6/7 19:01:44</Document_Date_Created><Document_Note>...</Document_Note><PDF Card="01-088-2321" QM="(Unknown)" d="Calculated" I="Calculated"><Date>2021/6/7 19:01:44</Date><Name>Titanium</Name><Formula>Ti</Formula><Wavelength Source="CuKa1">1.54060</Wavelength><AngleLimit>38.370-82.179</AngleLimit><Reference>Calculated from ICSD using POWD-12++</Reference><Comment>FIZ=041503: Structure calculated theoretically. M Ab initio calculation, existence of this form not proven. M alpha-form h.c.p. with a= 2.951, c=4.684, P63/mmc, D=4.54. M beta-form stable above 1155 K, b.c.c. in Im3-m, a=3.3065. No R value given. At least one TF missing. Theory of bonding in transition-metal carbides and nitrides a (FM3-M) N</Comment><StrongLines>2.34/X 2.03/4 1.44/2 1.22/2 1.17/1</StrongLines><UnitCell System="Cubic"><Source>(Unknown)</Source><SpaceGroup>Fm-3m (225)</SpaceGroup><a>4.06</a><b>4.06</b><c>4.06</c><Alpha>90.0</Alpha><Beta>90.0</Beta><Gamma>90.0</Gamma><Volume>66.92</Volume><FormulaUnits>4</FormulaUnits><PearsonSymbol>cF4 (?)</PearsonSymbol><CalculatedDensity>4.753</CalculatedDensity><MeasuredDensity>4.49A</MeasuredDensity><MolecularWeight>47.90</MolecularWeight><SmithSnyder-FOM>F(5)=999.9(.0000,5/0)</SmithSnyder-FOM><Reference>Haglund, J., Fernandez-Guillermet, F., Grimvall, G., Korling, M. Phys. Rev. B: Condens. Matter, v48 p11685 (1993)</Reference></UnitCell><d-I-List N="5" d="Angstrom" RIR="6.99" id="Titanium, Ti"><Peak n="1" hkl="1 1 1" d="2.3440">999.0%</Peak><Peak n="2" hkl="2 0 0" d="2.0300">442.0%</Peak><Peak n="3" hkl="2 2 0" d="1.4354">202.0%</Peak><Peak n="4" hkl="3 1 1" d="1.2241">193.0%</Peak><Peak n="5" hkl="2 2 2" d="1.1720">53.0%</Peak></d-I-List></PDF></MDI>
