<?xml version="1.0"?>
<MDI version="1.0" CRC="570447215" xmlns:dt="urn:schemas-microsoft-com:datatypes"><Document_Format>Materials Data Inc.</Document_Format><Document_Contents>XRD Powder Diffraction Data</Document_Contents><Document_Creator>MDI Jade 7</Document_Creator><Document_Originator>lenovo</Document_Originator><Document_Origination>Materials Data, Inc.</Document_Origination><Document_Date_Created>2021/6/7 18:59:15</Document_Date_Created><Document_Note>...</Document_Note><PDF Card="01-079-1256" QM="Calculated(C)" d="Calculated" I="Calculated"><Date>2021/6/7 18:59:15</Date><Name>Yttrium Oxide</Name><Formula>Y2O3</Formula><Wavelength Source="CuKa1">1.54060</Wavelength><AngleLimit>16.708-89.546</AngleLimit><Reference>Calculated from ICSD using POWD-12++</Reference><Comment>FIZ=066242: Rietveld profile refinement applied ITF Rietveld refinement of Y2O3 using the pearson VII profile shape function e d b (IA3-) A2X3</Comment><StrongLines>3.06/X 1.87/4 2.65/2 1.60/2 4.33/1 2.08/1 1.22/1 2.26/1</StrongLines><UnitCell System="Cubic"><Source>Profile Analysis</Source><SpaceGroup>Ia-3 (206)</SpaceGroup><a>10.6038</a><b>10.6038</b><c>10.6038</c><Alpha>90.0</Alpha><Beta>90.0</Beta><Gamma>90.0</Gamma><Volume>1192.30</Volume><FormulaUnits>16</FormulaUnits><PearsonSymbol>cI80 (Mn2 O3)</PearsonSymbol><CalculatedDensity>5.031</CalculatedDensity><MeasuredDensity>5.07A</MeasuredDensity><MolecularWeight>225.81</MolecularWeight><SmithSnyder-FOM>F(30)=999.9(.0000,30/0)</SmithSnyder-FOM><Reference>Smrcok, L. Cryst. Res. Technol., v24 p607 (1989)</Reference></UnitCell><d-I-List N="41" d="Angstrom" RIR="9.19" id="Yttrium Oxide, Y2O3"><Peak n="1" hkl="2 0 0" d="5.3019">2.0%</Peak><Peak n="2" hkl="2 1 1" d="4.3290">126.0%</Peak><Peak n="3" hkl="2 2 0" d="3.7490">1.0%</Peak><Peak n="4" hkl="2 2 2" d="3.0610">999.0%</Peak><Peak n="5" hkl="3 2 1" d="2.8340">5.0%</Peak><Peak n="6" hkl="4 0 0" d="2.6509">242.0%</Peak><Peak n="7" hkl="4 1 1" d="2.4993">44.0%</Peak><Peak n="8" hkl="4 2 0" d="2.3711">10.0%</Peak><Peak n="9" hkl="3 3 2" d="2.2607">53.0%</Peak><Peak n="10" hkl="4 2 2" d="2.1645">8.0%</Peak><Peak n="11" hkl="1 3 4" d="2.0796">76.0%</Peak><Peak n="12" hkl="1 2 5" d="1.9360">24.0%</Peak><Peak n="13" hkl="4 4 0" d="1.8745">379.0%</Peak><Peak n="14" hkl="4 3 3" d="1.8185">20.0%</Peak><Peak n="15" hkl="6 0 0" d="1.7673">4.0%</Peak><Peak n="16" hkl="6 1 1" d="1.7202">43.0%</Peak><Peak n="17" hkl="0 2 6" d="1.6766">9.0%</Peak><Peak n="18" hkl="5 4 1" d="1.6362">36.0%</Peak><Peak n="19" hkl="6 2 2" d="1.5986">238.0%</Peak><Peak n="20" hkl="1 3 6" d="1.5634">50.0%</Peak><Peak n="21" hkl="4 4 4" d="1.5305">39.0%</Peak><Peak n="22" hkl="5 4 3" d="1.4996">16.0%</Peak><Peak n="23" hkl="0 4 6" d="1.4705">9.0%</Peak><Peak n="24" hkl="7 2 1" d="1.4430">26.0%</Peak><Peak n="25" hkl="6 4 2" d="1.4170">11.0%</Peak><Peak n="26" hkl="2 3 7" d="1.3467">16.0%</Peak><Peak n="27" hkl="8 0 0" d="1.3255">34.0%</Peak><Peak n="28" hkl="8 1 1" d="1.3052">28.0%</Peak><Peak n="29" hkl="8 2 0" d="1.2859">14.0%</Peak><Peak n="30" hkl="3 5 6" d="1.2674">16.0%</Peak><Peak n="31" hkl="8 2 2" d="1.2497">9.0%</Peak><Peak n="32" hkl="8 3 1" d="1.2327">24.0%</Peak><Peak n="33" hkl="6 6 2" d="1.2163">56.0%</Peak><Peak n="34" hkl="7 5 2" d="1.2006">1.0%</Peak><Peak n="35" hkl="0 4 8" d="1.1855">35.0%</Peak><Peak n="36" hkl="8 3 3" d="1.1710">7.0%</Peak><Peak n="37" hkl="2 4 8" d="1.1570">7.0%</Peak><Peak n="38" hkl="7 6 1" d="1.1434">15.0%</Peak><Peak n="39" hkl="6 6 4" d="1.1304">1.0%</Peak><Peak n="40" hkl="1 5 8" d="1.1177">15.0%</Peak><Peak n="41" hkl="7 6 3" d="1.0937">17.0%</Peak></d-I-List></PDF></MDI>
