<?xml version="1.0"?>
<MDI version="1.0" CRC="1577065727" xmlns:dt="urn:schemas-microsoft-com:datatypes"><Document_Format>Materials Data Inc.</Document_Format><Document_Contents>XRD Powder Diffraction Data</Document_Contents><Document_Creator>MDI Jade 7</Document_Creator><Document_Originator>lenovo</Document_Originator><Document_Origination>Materials Data, Inc.</Document_Origination><Document_Date_Created>2021/6/7 18:16:10</Document_Date_Created><Document_Note>...</Document_Note><PDF Card="01-089-5003" QM="Calculated(C)" d="Calculated" I="Calculated"><Date>2021/6/7 18:16:10</Date><Name>Magnesium</Name><Formula>Mg</Formula><Wavelength Source="CuKa1">1.54060</Wavelength><AngleLimit>32.186-81.559</AngleLimit><Reference>Calculated from ICSD using POWD-12++</Reference><Comment>FIZ=076259: 5.2025. 5.2001. M Cell with .46% Ag: 3.2061, 5.2056, with 1.87% Al: 3.20 No R value given. M Cell with .55% Sn: 3.2090, 5.2115 (alloys all at RT). REM      TEM 25 C. At least one TF missing. M PDF 35-821. M Cell at 283 K: 3.2082, 5.2091, at 433 K: 3.2212, 5.230 M Cell at 583.5 K: 3.2343, 5.2529, at 779.8 K: 3.2551, 5 M Cell at 870 K: 3.2665, 5.3067; cell with .18% Ag: 3.20 Effect of temperature on the lattice parameters of magnesium alloys c (P63/MMC) N</Comment><StrongLines>2.45/X 2.60/3 2.78/2 1.47/1 1.60/1 1.90/1 1.37/1 1.34/1</StrongLines><UnitCell System="Hexagonal"><Source>Powder Diffraction</Source><SpaceGroup>P63/mmc (194)</SpaceGroup><a>3.2088</a><b>3.2088</b><c>5.2099</c><Alpha>90.0</Alpha><Beta>90.0</Beta><Gamma>120.0</Gamma><Volume>46.46</Volume><FormulaUnits>2</FormulaUnits><PearsonSymbol>hP2 (?)</PearsonSymbol><CalculatedDensity>1.738</CalculatedDensity><MeasuredDensity>1.74A</MeasuredDensity><MolecularWeight>24.31</MolecularWeight><SmithSnyder-FOM>F(12)=999.9(.0001,12/0)</SmithSnyder-FOM><Reference>Busk, R.S. J. Met., v4 p207 (1952)</Reference></UnitCell><d-I-List N="12" d="Angstrom" RIR="3.85" id="Magnesium, Mg"><Peak n="1" hkl="1 0 0" d="2.7789">249.0%</Peak><Peak n="2" hkl="0 0 2" d="2.6049">270.0%</Peak><Peak n="3" hkl="1 0 1" d="2.4519">999.0%</Peak><Peak n="4" hkl="1 0 2" d="1.9005">136.0%</Peak><Peak n="5" hkl="1 1 0" d="1.6044">137.0%</Peak><Peak n="6" hkl="1 0 3" d="1.4727">141.0%</Peak><Peak n="7" hkl="2 0 0" d="1.3894">18.0%</Peak><Peak n="8" hkl="1 1 2" d="1.3661">134.0%</Peak><Peak n="9" hkl="2 0 1" d="1.3425">92.0%</Peak><Peak n="10" hkl="0 0 4" d="1.3025">18.0%</Peak><Peak n="11" hkl="2 0 2" d="1.2260">20.0%</Peak><Peak n="12" hkl="1 0 4" d="1.1794">17.0%</Peak></d-I-List></PDF></MDI>
