<?xml version="1.0"?>
<MDI version="1.0" CRC="1157655687" xmlns:dt="urn:schemas-microsoft-com:datatypes"><Document_Format>Materials Data Inc.</Document_Format><Document_Contents>XRD Powder Diffraction Data</Document_Contents><Document_Creator>MDI Jade 7</Document_Creator><Document_Originator>lenovo</Document_Originator><Document_Origination>Materials Data, Inc.</Document_Origination><Document_Date_Created>2021/6/7 18:17:02</Document_Date_Created><Document_Note>...</Document_Note><PDF Card="01-070-4728" QM="Calculated(C)" d="Calculated" I="Calculated"><Date>2021/6/7 18:17:02</Date><Name>Calcium Aluminum Nitride</Name><Formula>Ca3Al2N4</Formula><Wavelength Source="CuKa1">1.54060</Wavelength><AngleLimit>9.971-66.775</AngleLimit><Reference>Calculated from ICSD using POWD-12++</Reference><Comment>FIZ=280348: REF  Inorganic Chemistry. CLAS 222   (Hermann-Mauguin) - D2  (Schoenflies). PRS  oP72. ANX  A2B3X4. WYCK a18. ITF Crystal structures of two polymorphs of Ca3 (Al2 N4)</Comment><StrongLines>2.56/X 2.19/8 2.19/8 2.70/8 2.55/6 2.67/5 2.47/3 2.64/2</StrongLines><UnitCell System="Orthorhombic"><Source>(Unknown)</Source><SpaceGroup>P212121 (19)</SpaceGroup><a>5.826</a><b>10.691</b><c>15.854</c><Alpha>90.0</Alpha><Beta>90.0</Beta><Gamma>90.0</Gamma><Volume>987.48</Volume><FormulaUnits>8</FormulaUnits><PearsonSymbol>oP72 (?)</PearsonSymbol><CalculatedDensity>3.097</CalculatedDensity><MeasuredDensity>2.65A</MeasuredDensity><MolecularWeight>230.23</MolecularWeight><SmithSnyder-FOM>F(30)=999.9(.0000,37/0)</SmithSnyder-FOM><Reference>Ludwig, M., Jaeger, J., Niewa, R., Kniep, R. Inorg. Chem., v39 p5909 (2000)</Reference></UnitCell><d-I-List N="198" d="Angstrom" RIR="1.39" id="Calcium Aluminum Nitride, Ca3Al2N4"><Peak n="1" hkl="0 1 1" d="8.8639">53.0%</Peak><Peak n="2" hkl="0 0 2" d="7.9270">1.0%</Peak><Peak n="3" hkl="0 1 2" d="6.3676">1.0%</Peak><Peak n="4" hkl="1 0 1" d="5.4685">19.0%</Peak><Peak n="5" hkl="0 2 0" d="5.3455">1.0%</Peak><Peak n="6" hkl="0 2 1" d="5.0653">48.0%</Peak><Peak n="7" hkl="1 1 1" d="4.8685">3.0%</Peak><Peak n="8" hkl="0 1 3" d="4.7375">24.0%</Peak><Peak n="9" hkl="1 0 2" d="4.6945">18.0%</Peak><Peak n="10" hkl="0 2 2" d="4.4320">1.0%</Peak><Peak n="11" hkl="1 1 2" d="4.2983">1.0%</Peak><Peak n="12" hkl="0 0 4" d="3.9635">12.0%</Peak><Peak n="13" hkl="1 0 3" d="3.9142">7.0%</Peak><Peak n="14" hkl="1 2 1" d="3.8226">3.0%</Peak><Peak n="15" hkl="0 1 4" d="3.7163">46.0%</Peak><Peak n="16" hkl="1 1 3" d="3.6756">7.0%</Peak><Peak n="17" hkl="1 2 2" d="3.5273">15.0%</Peak><Peak n="18" hkl="0 3 1" d="3.4769">9.0%</Peak><Peak n="19" hkl="0 3 2" d="3.2503">5.0%</Peak><Peak n="20" hkl="1 2 3" d="3.1581">61.0%</Peak><Peak n="21" hkl="1 1 4" d="3.1332">21.0%</Peak><Peak n="22" hkl="1 3 0" d="3.0399">19.0%</Peak><Peak n="23" hkl="0 1 5" d="3.0399">19.0%</Peak><Peak n="24" hkl="1 3 1" d="2.9856">3.0%</Peak><Peak n="25" hkl="0 3 3" d="2.9546">1.0%</Peak><Peak n="26" hkl="2 0 0" d="2.9130">1.0%</Peak><Peak n="27" hkl="2 0 1" d="2.8650">8.0%</Peak><Peak n="28" hkl="1 3 2" d="2.8385">3.0%</Peak><Peak n="29" hkl="1 2 4" d="2.7938">96.0%</Peak><Peak n="30" hkl="1 0 5" d="2.7850">70.0%</Peak><Peak n="31" hkl="2 1 1" d="2.7674">11.0%</Peak><Peak n="32" hkl="2 0 2" d="2.7342">36.0%</Peak><Peak n="33" hkl="0 2 5" d="2.7271">28.0%</Peak><Peak n="34" hkl="1 1 5" d="2.6951">796.0%</Peak><Peak n="35" hkl="0 4 0" d="2.6727">532.0%</Peak><Peak n="36" hkl="0 3 4" d="2.6490">66.0%</Peak><Peak n="37" hkl="2 1 2" d="2.6490">66.0%</Peak><Peak n="38" hkl="0 4 1" d="2.6351">206.0%</Peak><Peak n="39" hkl="1 3 3" d="2.6351">206.0%</Peak><Peak n="40" hkl="2 2 0" d="2.5579">999.0%</Peak><Peak n="41" hkl="2 0 3" d="2.5511">600.0%</Peak><Peak n="42" hkl="2 2 1" d="2.5252">26.0%</Peak><Peak n="43" hkl="2 1 3" d="2.4814">69.0%</Peak><Peak n="44" hkl="1 2 5" d="2.4699">278.0%</Peak><Peak n="45" hkl="2 2 2" d="2.4343">38.0%</Peak><Peak n="46" hkl="1 4 0" d="2.4293">27.0%</Peak><Peak n="47" hkl="1 3 4" d="2.4122">11.0%</Peak><Peak n="48" hkl="1 4 1" d="2.4013">19.0%</Peak><Peak n="49" hkl="0 4 3" d="2.3851">7.0%</Peak><Peak n="50" hkl="0 2 6" d="2.3687">23.0%</Peak><Peak n="51" hkl="0 3 5" d="2.3687">23.0%</Peak><Peak n="52" hkl="2 0 4" d="2.3477">5.0%</Peak><Peak n="53" hkl="1 1 6" d="2.3477">5.0%</Peak><Peak n="54" hkl="1 4 2" d="2.3227">26.0%</Peak><Peak n="55" hkl="2 2 3" d="2.3024">18.0%</Peak><Peak n="56" hkl="2 1 4" d="2.2926">57.0%</Peak><Peak n="57" hkl="2 3 0" d="2.2554">12.0%</Peak><Peak n="58" hkl="2 3 1" d="2.2329">31.0%</Peak><Peak n="59" hkl="0 1 7" d="2.2160">13.0%</Peak><Peak n="60" hkl="0 4 4" d="2.2160">13.0%</Peak><Peak n="61" hkl="1 4 3" d="2.2073">38.0%</Peak><Peak n="62" hkl="1 3 5" d="2.1944">843.0%</Peak><Peak n="63" hkl="1 2 6" d="2.1944">843.0%</Peak><Peak n="64" hkl="2 3 2" d="2.1693">37.0%</Peak><Peak n="65" hkl="2 2 4" d="2.1492">3.0%</Peak><Peak n="66" hkl="2 0 5" d="2.1452">3.0%</Peak><Peak n="67" hkl="0 3 6" d="2.1225">10.0%</Peak><Peak n="68" hkl="0 5 1" d="2.1190">9.0%</Peak><Peak n="69" hkl="2 1 5" d="2.1032">39.0%</Peak><Peak n="70" hkl="0 2 7" d="2.0854">3.0%</Peak><Peak n="71" hkl="1 4 4" d="2.0712">21.0%</Peak><Peak n="72" hkl="1 1 7" d="2.0712">21.0%</Peak><Peak n="73" hkl="0 5 2" d="2.0644">12.0%</Peak><Peak n="74" hkl="0 4 5" d="2.0436">6.0%</Peak><Peak n="75" hkl="1 5 0" d="2.0073">9.0%</Peak><Peak n="76" hkl="1 3 6" d="1.9943">16.0%</Peak><Peak n="77" hkl="1 5 1" d="1.9908">18.0%</Peak><Peak n="78" hkl="2 2 5" d="1.9908">18.0%</Peak><Peak n="79" hkl="0 5 3" d="1.9818">71.0%</Peak><Peak n="80" hkl="0 0 8" d="1.9818">71.0%</Peak><Peak n="81" hkl="2 0 6" d="1.9571">46.0%</Peak><Peak n="82" hkl="2 4 1" d="1.9571">46.0%</Peak><Peak n="83" hkl="1 5 2" d="1.9459">13.0%</Peak><Peak n="84" hkl="1 4 5" d="1.9284">64.0%</Peak><Peak n="85" hkl="3 0 1" d="1.9284">64.0%</Peak><Peak n="86" hkl="2 1 6" d="1.9251">39.0%</Peak><Peak n="87" hkl="3 1 0" d="1.9115">6.0%</Peak><Peak n="88" hkl="0 3 7" d="1.9115">6.0%</Peak><Peak n="89" hkl="3 1 1" d="1.8970">3.0%</Peak><Peak n="90" hkl="3 0 2" d="1.8862">15.0%</Peak><Peak n="91" hkl="0 4 6" d="1.8818">10.0%</Peak><Peak n="92" hkl="0 5 4" d="1.8818">10.0%</Peak><Peak n="93" hkl="1 5 3" d="1.8765">13.0%</Peak><Peak n="94" hkl="1 0 8" d="1.8765">13.0%</Peak><Peak n="95" hkl="0 2 8" d="1.8575">3.0%</Peak><Peak n="96" hkl="3 1 2" d="1.8575">3.0%</Peak><Peak n="97" hkl="1 1 8" d="1.8454">3.0%</Peak><Peak n="98" hkl="2 4 3" d="1.8454">3.0%</Peak><Peak n="99" hkl="2 3 5" d="1.8379">20.0%</Peak><Peak n="100" hkl="2 2 6" d="1.8379">20.0%</Peak><Peak n="101" hkl="3 0 3" d="1.8228">20.0%</Peak><Peak n="102" hkl="3 2 0" d="1.8228">20.0%</Peak><Peak n="103" hkl="1 3 7" d="1.8162">12.0%</Peak><Peak n="104" hkl="3 2 1" d="1.8133">6.0%</Peak><Peak n="105" hkl="3 1 3" d="1.7969">5.0%</Peak><Peak n="106" hkl="1 5 4" d="1.7907">10.0%</Peak><Peak n="107" hkl="2 0 7" d="1.7884">11.0%</Peak><Peak n="108" hkl="1 4 6" d="1.7884">11.0%</Peak><Peak n="109" hkl="0 6 0" d="1.7818">6.0%</Peak><Peak n="110" hkl="3 2 2" d="1.7787">10.0%</Peak><Peak n="111" hkl="0 5 5" d="1.7728">6.0%</Peak><Peak n="112" hkl="0 6 1" d="1.7703">14.0%</Peak><Peak n="113" hkl="1 2 8" d="1.7703">14.0%</Peak><Peak n="114" hkl="2 1 7" d="1.7637">8.0%</Peak><Peak n="115" hkl="2 4 4" d="1.7637">8.0%</Peak><Peak n="116" hkl="3 0 4" d="1.7439">21.0%</Peak><Peak n="117" hkl="0 1 9" d="1.7381">16.0%</Peak><Peak n="118" hkl="0 6 2" d="1.7381">16.0%</Peak><Peak n="119" hkl="0 3 8" d="1.7320">7.0%</Peak><Peak n="120" hkl="3 2 3" d="1.7237">24.0%</Peak><Peak n="121" hkl="2 5 0" d="1.7237">24.0%</Peak><Peak n="122" hkl="3 1 4" d="1.7212">15.0%</Peak><Peak n="123" hkl="2 3 6" d="1.7136">17.0%</Peak><Peak n="124" hkl="2 5 1" d="1.7136">17.0%</Peak><Peak n="125" hkl="1 6 0" d="1.7039">8.0%</Peak><Peak n="126" hkl="3 3 0" d="1.7039">8.0%</Peak><Peak n="127" hkl="1 6 1" d="1.6960">201.0%</Peak><Peak n="128" hkl="1 5 5" d="1.6960">201.0%</Peak><Peak n="129" hkl="1 0 9" d="1.6843">26.0%</Peak><Peak n="130" hkl="2 5 2" d="1.6843">26.0%</Peak><Peak n="131" hkl="0 2 9" d="1.6730">4.0%</Peak><Peak n="132" hkl="2 4 5" d="1.6730">4.0%</Peak><Peak n="133" hkl="1 6 2" d="1.6656">7.0%</Peak><Peak n="134" hkl="1 1 9" d="1.6656">7.0%</Peak><Peak n="135" hkl="1 4 7" d="1.6561">59.0%</Peak><Peak n="136" hkl="3 0 5" d="1.6561">59.0%</Peak><Peak n="137" hkl="3 1 5" d="1.6366">187.0%</Peak><Peak n="138" hkl="2 0 8" d="1.6366">187.0%</Peak><Peak n="139" hkl="2 1 8" d="1.6217">21.0%</Peak><Peak n="140" hkl="1 6 3" d="1.6217">21.0%</Peak><Peak n="141" hkl="1 2 9" d="1.6081">13.0%</Peak><Peak n="142" hkl="1 5 6" d="1.5984">27.0%</Peak><Peak n="143" hkl="2 3 7" d="1.5984">27.0%</Peak><Peak n="144" hkl="0 0 10" d="1.5854">5.0%</Peak><Peak n="145" hkl="3 2 5" d="1.5819">13.0%</Peak><Peak n="146" hkl="2 4 6" d="1.5790">24.0%</Peak><Peak n="147" hkl="0 3 9" d="1.5790">24.0%</Peak><Peak n="148" hkl="0 1 10" d="1.5682">36.0%</Peak><Peak n="149" hkl="3 0 6" d="1.5654">47.0%</Peak><Peak n="150" hkl="1 6 4" d="1.5654">47.0%</Peak><Peak n="151" hkl="3 1 6" d="1.5483">2.0%</Peak><Peak n="152" hkl="3 4 2" d="1.5411">5.0%</Peak><Peak n="153" hkl="1 4 8" d="1.5356">5.0%</Peak><Peak n="154" hkl="1 0 10" d="1.5298">7.0%</Peak><Peak n="155" hkl="2 6 0" d="1.5200">202.0%</Peak><Peak n="156" hkl="0 2 10" d="1.5200">202.0%</Peak><Peak n="157" hkl="2 5 5" d="1.5144">108.0%</Peak><Peak n="158" hkl="1 1 10" d="1.5144">108.0%</Peak><Peak n="159" hkl="3 4 3" d="1.5059">16.0%</Peak><Peak n="160" hkl="2 0 9" d="1.5059">16.0%</Peak><Peak n="161" hkl="3 3 5" d="1.5018">131.0%</Peak><Peak n="162" hkl="1 6 5" d="1.5018">131.0%</Peak><Peak n="163" hkl="2 6 2" d="1.4926">10.0%</Peak><Peak n="164" hkl="2 1 9" d="1.4926">10.0%</Peak><Peak n="165" hkl="2 3 8" d="1.4887">12.0%</Peak><Peak n="166" hkl="2 4 7" d="1.4861">6.0%</Peak><Peak n="167" hkl="1 7 0" d="1.4773">8.0%</Peak><Peak n="168" hkl="0 6 6" d="1.4773">8.0%</Peak><Peak n="169" hkl="3 0 7" d="1.4742">6.0%</Peak><Peak n="170" hkl="0 4 9" d="1.4707">14.0%</Peak><Peak n="171" hkl="1 2 10" d="1.4707">14.0%</Peak><Peak n="172" hkl="0 7 3" d="1.4672">11.0%</Peak><Peak n="173" hkl="3 1 7" d="1.4605">13.0%</Peak><Peak n="174" hkl="3 4 4" d="1.4605">13.0%</Peak><Peak n="175" hkl="4 0 0" d="1.4565">58.0%</Peak><Peak n="176" hkl="0 5 8" d="1.4524">30.0%</Peak><Peak n="177" hkl="1 7 2" d="1.4524">30.0%</Peak><Peak n="178" hkl="0 3 10" d="1.4485">17.0%</Peak><Peak n="179" hkl="2 5 6" d="1.4432">11.0%</Peak><Peak n="180" hkl="4 1 0" d="1.4432">11.0%</Peak><Peak n="181" hkl="3 5 0" d="1.4372">14.0%</Peak><Peak n="182" hkl="4 1 1" d="1.4372">14.0%</Peak><Peak n="183" hkl="1 6 6" d="1.4328">11.0%</Peak><Peak n="184" hkl="3 3 6" d="1.4328">11.0%</Peak><Peak n="185" hkl="0 1 11" d="1.4283">8.0%</Peak><Peak n="186" hkl="0 7 4" d="1.4261">12.0%</Peak><Peak n="187" hkl="1 4 9" d="1.4261">12.0%</Peak><Peak n="188" hkl="1 7 3" d="1.4212">7.0%</Peak><Peak n="189" hkl="3 2 7" d="1.4212">7.0%</Peak><Peak n="190" hkl="2 6 4" d="1.4198">4.0%</Peak><Peak n="191" hkl="4 1 2" d="1.4198">4.0%</Peak><Peak n="192" hkl="3 5 2" d="1.4145">3.0%</Peak><Peak n="193" hkl="1 5 8" d="1.4102">10.0%</Peak><Peak n="194" hkl="3 4 5" d="1.4078">27.0%</Peak><Peak n="195" hkl="4 2 0" d="1.4042">14.0%</Peak><Peak n="196" hkl="4 0 3" d="1.4042">14.0%</Peak><Peak n="197" hkl="1 0 11" d="1.3998">2.0%</Peak><Peak n="198" hkl="4 2 1" d="1.3998">2.0%</Peak></d-I-List></PDF></MDI>
