<?xml version="1.0"?>
<MDI version="1.0" CRC="385899149" xmlns:dt="urn:schemas-microsoft-com:datatypes"><Document_Format>Materials Data Inc.</Document_Format><Document_Contents>XRD Powder Diffraction Data</Document_Contents><Document_Creator>MDI Jade 7</Document_Creator><Document_Originator>lenovo</Document_Originator><Document_Origination>Materials Data, Inc.</Document_Origination><Document_Date_Created>2021/6/7 19:07:16</Document_Date_Created><Document_Note>...</Document_Note><PDF Card="00-065-5191" QM="Calculated(C)" d="Calculated" I="Calculated"><Date>2021/6/7 19:07:16</Date><Name>Aluminum Scandium</Name><Formula>Al0.968Sc0.032</Formula><Wavelength Source="CuKa1">1.54060</Wavelength><AngleLimit>38.321-136.352</AngleLimit><Reference>Calculated from NIST using POWD-12++</Reference><Comment>L 4740  40963      06 TF was not given, B set to 1.000 for calc. prepared in an argon arc furnace sample composition is Al30.3Sc; unit  cell dimension taken from figure. CHANGES OF THE LATTICE PARAMETER IN Al 3d ALLOYS DUE TO THE VIRTUAL BOUND STATE</Comment><StrongLines>2.35/X 2.03/5 1.44/2 1.23/2 0.93/1 0.91/1 1.17/1 0.83/1</StrongLines><UnitCell System="Cubic"><Source>(Unknown)</Source><SpaceGroup>Fm-3m (225)</SpaceGroup><a>4.065</a><b>4.065</b><c>4.065</c><Alpha>90.0</Alpha><Beta>90.0</Beta><Gamma>90.0</Gamma><Volume>67.17</Volume><FormulaUnits>4</FormulaUnits><PearsonSymbol>cF4 (Cu)</PearsonSymbol><CalculatedDensity>2.724</CalculatedDensity><MeasuredDensity>2.83A</MeasuredDensity><MolecularWeight>27.56</MolecularWeight><SmithSnyder-FOM>F(9)=999.9(.0002,9/0)</SmithSnyder-FOM><Reference>Ocko, M., Babic, E., Zlatic, V. Solid State Commun., v18 p705 (1976)</Reference></UnitCell><d-I-List N="9" d="Angstrom" RIR="4.19" id="Aluminum Scandium, Al0.968Sc0.032"><Peak n="1" hkl="1 1 1" d="2.3469">999.0%</Peak><Peak n="2" hkl="2 0 0" d="2.0325">451.0%</Peak><Peak n="3" hkl="2 2 0" d="1.4372">230.0%</Peak><Peak n="4" hkl="3 1 1" d="1.2256">225.0%</Peak><Peak n="5" hkl="2 2 2" d="1.1735">61.0%</Peak><Peak n="6" hkl="4 0 0" d="1.0163">25.0%</Peak><Peak n="7" hkl="3 3 1" d="0.9326">73.0%</Peak><Peak n="8" hkl="4 2 0" d="0.9090">68.0%</Peak><Peak n="9" hkl="4 2 2" d="0.8298">53.0%</Peak></d-I-List></PDF></MDI>
