<?xml version="1.0"?>
<MDI version="1.0" CRC="1828718819" xmlns:dt="urn:schemas-microsoft-com:datatypes"><Document_Format>Materials Data Inc.</Document_Format><Document_Contents>XRD Powder Diffraction Data</Document_Contents><Document_Creator>MDI Jade 7</Document_Creator><Document_Originator>lenovo</Document_Originator><Document_Origination>Materials Data, Inc.</Document_Origination><Document_Date_Created>2021/6/7 18:16:43</Document_Date_Created><Document_Note>...</Document_Note><PDF Card="00-040-1277" QM="Indexed(I)" d="Diffractometer" I="Diffractometer"><Date>2021/6/7 18:16:43</Date><Name>Hafnium Nitride</Name><Formula>HfN0.40</Formula><Wavelength Source="CuKa1">1.54056</Wavelength><Calibration>External(Si)</Calibration><AngleLimit>32.054-169.245</AngleLimit><Reference>Lengauer, W., Technische Universitat Wien, Vienna, Austria. Private Communication (1988)</Reference><Comment>Composition near nitrogen-rich phase boundary. Lattice parameters depend on composition.</Comment><StrongLines>2.45/X 2.58/2 1.37/2 1.46/2 2.79/2 1.61/2 1.89/2 1.35/2</StrongLines><UnitCell System="Hexagonal"><Source>(Unknown)</Source><SpaceGroup>P63/mmc (194)</SpaceGroup><a>3.221</a><b>3.221</b><c>5.157</c><Alpha>90.0</Alpha><Beta>90.0</Beta><Gamma>120.0</Gamma><Volume>46.34</Volume><FormulaUnits>2.14</FormulaUnits><PearsonSymbol>hP3 ($GA) (As Ni)</PearsonSymbol><CalculatedDensity>14.118</CalculatedDensity><MeasuredDensity>12.38A</MeasuredDensity><MolecularWeight>184.09</MolecularWeight><SmithSnyder-FOM>F(28)=60.1(.0155,30/0)</SmithSnyder-FOM><Reference>Rudy, E., Benesovsky, F. Monatsh. Chem., v92 p415 (1961)</Reference></UnitCell><d-I-List N="28" d="Angstrom" id="Hafnium Nitride, HfN0.40"><Peak n="1" hkl="1 0 0" d="2.7900">20.0%</Peak><Peak n="2" hkl="0 0 2" d="2.5790">24.0%</Peak><Peak n="3" hkl="1 0 1" d="2.4540">100.0%</Peak><Peak n="4" hkl="1 0 2" d="1.8940">17.0%</Peak><Peak n="5" hkl="1 1 0" d="1.6110">19.0%</Peak><Peak n="6" hkl="1 0 3" d="1.4630">20.0%</Peak><Peak n="7" hkl="2 0 0" d="1.3950">3.0%</Peak><Peak n="8" hkl="1 1 2" d="1.3660">20.0%</Peak><Peak n="9" hkl="2 0 1" d="1.3460">15.0%</Peak><Peak n="10" hkl="0 0 4" d="1.2890">3.0%</Peak><Peak n="11" hkl="2 0 2" d="1.2270">4.0%</Peak><Peak n="12" hkl="1 0 4" d="1.1700">3.0%</Peak><Peak n="13" hkl="2 0 3" d="1.0830">8.0%</Peak><Peak n="14" hkl="2 1 0" d="1.0540">2.0%</Peak><Peak n="15" hkl="2 1 1" d="1.0330">14.0%</Peak><Peak n="16" hkl="1 1 4" d="1.0070">10.0%</Peak><Peak n="17" hkl="2 1 2" d="0.9759">5.0%</Peak><Peak n="18" hkl="1 0 5" d="0.9674">7.0%</Peak><Peak n="19" hkl="2 0 4" d="0.9467">2.0%</Peak><Peak n="20" hkl="3 0 0" d="0.9298">5.0%</Peak><Peak n="21" hkl="2 1 3" d="0.8987">14.0%</Peak><Peak n="22" hkl="3 0 2" d="0.8747">9.0%</Peak><Peak n="23" hkl="0 0 6" d="0.8595">2.0%</Peak><Peak n="24" hkl="2 0 5" d="0.8293">9.0%</Peak><Peak n="25" hkl="1 0 6" d="0.8214">3.0%</Peak><Peak n="26" hkl="2 1 4" d="0.8162">6.0%</Peak><Peak n="27" hkl="2 2 0" d="0.8052">8.0%</Peak><Peak n="28" hkl="3 1 0" d="0.7737">11.0%</Peak></d-I-List></PDF></MDI>
