<?xml version="1.0"?>
<MDI version="1.0" CRC="1845517859" xmlns:dt="urn:schemas-microsoft-com:datatypes"><Document_Format>Materials Data Inc.</Document_Format><Document_Contents>XRD Powder Diffraction Data</Document_Contents><Document_Creator>MDI Jade 7</Document_Creator><Document_Originator>lenovo</Document_Originator><Document_Origination>Materials Data, Inc.</Document_Origination><Document_Date_Created>2021/6/7 18:59:57</Document_Date_Created><Document_Note>...</Document_Note><PDF Card="00-065-3178" QM="Calculated(C)" d="Calculated" I="Calculated"><Date>2021/6/7 18:59:57</Date><Name>Yttrium Oxide</Name><Formula>Y2O3</Formula><Wavelength Source="CuKa1">1.54060</Wavelength><AngleLimit>16.712-149.149</AngleLimit><Reference>Calculated from NIST using POWD-12++</Reference><Comment>Y,O</Comment><StrongLines>3.06/X 1.87/4 1.60/3 2.65/2 4.33/1 2.08/1 1.22/1</StrongLines><UnitCell System="Cubic"><Source>(Unknown)</Source><SpaceGroup>Ia-3 (206)</SpaceGroup><a>10.601</a><b>10.601</b><c>10.601</c><Alpha>90.0</Alpha><Beta>90.0</Beta><Gamma>90.0</Gamma><Volume>1191.35</Volume><FormulaUnits>16</FormulaUnits><PearsonSymbol>cI80 (Mn2 O3)</PearsonSymbol><CalculatedDensity>5.035</CalculatedDensity><MeasuredDensity>5.07A</MeasuredDensity><MolecularWeight>225.81</MolecularWeight><SmithSnyder-FOM>F(30)=999.9(.0000,30/0)</SmithSnyder-FOM><Reference>G.Brauer Z. Anorg. Allg. Chem., v276 p209 (1954)</Reference></UnitCell><d-I-List N="78" d="Angstrom" RIR="9.31" id="Yttrium Oxide, Y2O3"><Peak n="1" hkl="2 0 0" d="5.3005">2.0%</Peak><Peak n="2" hkl="2 1 1" d="4.3278">133.0%</Peak><Peak n="3" hkl="2 2 0" d="3.7480">1.0%</Peak><Peak n="4" hkl="2 2 2" d="3.0603">999.0%</Peak><Peak n="5" hkl="1 2 3" d="2.8332">4.0%</Peak><Peak n="6" hkl="4 0 0" d="2.6502">235.0%</Peak><Peak n="7" hkl="4 1 1" d="2.4987">42.0%</Peak><Peak n="8" hkl="4 2 0" d="2.3705">7.0%</Peak><Peak n="9" hkl="3 3 2" d="2.2601">43.0%</Peak><Peak n="10" hkl="4 2 2" d="2.1639">6.0%</Peak><Peak n="11" hkl="1 3 4" d="2.0790">67.0%</Peak><Peak n="12" hkl="1 2 5" d="1.9355">15.0%</Peak><Peak n="13" hkl="4 4 0" d="1.8740">404.0%</Peak><Peak n="14" hkl="4 3 3" d="1.8181">16.0%</Peak><Peak n="15" hkl="6 0 0" d="1.7668">3.0%</Peak><Peak n="16" hkl="6 1 1" d="1.7197">37.0%</Peak><Peak n="17" hkl="0 2 6" d="1.6762">7.0%</Peak><Peak n="18" hkl="1 4 5" d="1.6358">30.0%</Peak><Peak n="19" hkl="6 2 2" d="1.5982">253.0%</Peak><Peak n="20" hkl="1 3 6" d="1.5630">49.0%</Peak><Peak n="21" hkl="4 4 4" d="1.5301">39.0%</Peak><Peak n="22" hkl="5 4 3" d="1.4992">14.0%</Peak><Peak n="23" hkl="0 4 6" d="1.4701">8.0%</Peak><Peak n="24" hkl="7 2 1" d="1.4426">21.0%</Peak><Peak n="25" hkl="6 4 2" d="1.4166">9.0%</Peak><Peak n="26" hkl="1 5 6" d="1.3463">17.0%</Peak><Peak n="27" hkl="8 0 0" d="1.3251">38.0%</Peak><Peak n="28" hkl="8 1 1" d="1.3049">25.0%</Peak><Peak n="29" hkl="8 2 0" d="1.2856">11.0%</Peak><Peak n="30" hkl="3 5 6" d="1.2671">13.0%</Peak><Peak n="31" hkl="8 2 2" d="1.2493">8.0%</Peak><Peak n="32" hkl="8 3 1" d="1.2323">22.0%</Peak><Peak n="33" hkl="6 6 2" d="1.2160">61.0%</Peak><Peak n="34" hkl="7 5 2" d="1.2003">1.0%</Peak><Peak n="35" hkl="0 4 8" d="1.1852">34.0%</Peak><Peak n="36" hkl="8 3 3" d="1.1707">7.0%</Peak><Peak n="37" hkl="2 4 8" d="1.1567">6.0%</Peak><Peak n="38" hkl="6 5 5" d="1.1431">13.0%</Peak><Peak n="39" hkl="6 6 4" d="1.1301">1.0%</Peak><Peak n="40" hkl="1 5 8" d="1.1174">15.0%</Peak><Peak n="41" hkl="7 6 3" d="1.0934">16.0%</Peak><Peak n="42" hkl="8 4 4" d="1.0820">46.0%</Peak><Peak n="43" hkl="8 5 3" d="1.0709">15.0%</Peak><Peak n="44" hkl="10 0 0" d="1.0601">8.0%</Peak><Peak n="45" hkl="10 1 1" d="1.0497">6.0%</Peak><Peak n="46" hkl="10 2 0" d="1.0395">17.0%</Peak><Peak n="47" hkl="3 4 9" d="1.0297">5.0%</Peak><Peak n="48" hkl="10 2 2" d="1.0201">34.0%</Peak><Peak n="49" hkl="7 6 5" d="1.0108">18.0%</Peak><Peak n="50" hkl="1 7 8" d="0.9929">15.0%</Peak><Peak n="51" hkl="8 6 4" d="0.9843">13.0%</Peak><Peak n="52" hkl="10 3 3" d="0.9759">12.0%</Peak><Peak n="53" hkl="10 4 2" d="0.9677">12.0%</Peak><Peak n="54" hkl="8 7 3" d="0.9598">11.0%</Peak><Peak n="55" hkl="10 5 1" d="0.9444">13.0%</Peak><Peak n="56" hkl="8 8 0" d="0.9370">11.0%</Peak><Peak n="57" hkl="10 4 4" d="0.9227">6.0%</Peak><Peak n="58" hkl="3 5 10" d="0.9158">11.0%</Peak><Peak n="59" hkl="8 6 6" d="0.9090">4.0%</Peak><Peak n="60" hkl="8 7 5" d="0.9024">9.0%</Peak><Peak n="61" hkl="10 6 2" d="0.8959">26.0%</Peak><Peak n="62" hkl="9 6 5" d="0.8896">4.0%</Peak><Peak n="63" hkl="12 0 0" d="0.8834">10.0%</Peak><Peak n="64" hkl="1 8 9" d="0.8773">14.0%</Peak><Peak n="65" hkl="12 2 0" d="0.8714">8.0%</Peak><Peak n="66" hkl="1 7 10" d="0.8656">11.0%</Peak><Peak n="67" hkl="12 2 2" d="0.8599">11.0%</Peak><Peak n="68" hkl="9 8 3" d="0.8543">9.0%</Peak><Peak n="69" hkl="11 6 1" d="0.8434">11.0%</Peak><Peak n="70" hkl="12 4 0" d="0.8381">17.0%</Peak><Peak n="71" hkl="8 7 7" d="0.8329">7.0%</Peak><Peak n="72" hkl="0 8 10" d="0.8278">19.0%</Peak><Peak n="73" hkl="6 7 9" d="0.8228">7.0%</Peak><Peak n="74" hkl="10 8 2" d="0.8179">14.0%</Peak><Peak n="75" hkl="12 5 1" d="0.8131">9.0%</Peak><Peak n="76" hkl="10 6 6" d="0.8083">7.0%</Peak><Peak n="77" hkl="10 7 5" d="0.8037">6.0%</Peak><Peak n="78" hkl="12 4 4" d="0.7991">6.0%</Peak></d-I-List></PDF></MDI>
