<?xml version="1.0"?>
<MDI version="1.0" CRC="2113961757" xmlns:dt="urn:schemas-microsoft-com:datatypes"><Document_Format>Materials Data Inc.</Document_Format><Document_Contents>XRD Powder Diffraction Data</Document_Contents><Document_Creator>MDI Jade 7</Document_Creator><Document_Originator>lenovo</Document_Originator><Document_Origination>Materials Data, Inc.</Document_Origination><Document_Date_Created>2021/6/7 18:16:35</Document_Date_Created><Document_Note>...</Document_Note><PDF Card="01-075-1526" QM="Calculated(C)" d="Calculated" I="Calculated"><Date>2021/6/7 18:16:35</Date><Name>Zincite, syn</Name><Formula>ZnO</Formula><Wavelength Source="CuKa1">1.54060</Wavelength><AngleLimit>32.071-81.651</AngleLimit><Reference>Calculated from ICSD using POWD-12++ (1997)</Reference><Comment>FIZ=031052: No R value given. At least one TF missing. See PDF 00-036-1451. Calc. density unusual but tolerable. Ueber Lauephotogramme und Struktur von Zinkit. b2 (P63MC) AX</Comment><StrongLines>2.46/X 2.79/6 2.60/4 1.61/3 1.47/3 1.90/2 1.37/2 1.35/1</StrongLines><UnitCell System="Hexagonal"><Source>(Unknown)</Source><SpaceGroup>P63mc (186)</SpaceGroup><a>3.22</a><b>3.22</b><c>5.2</c><Alpha>90.0</Alpha><Beta>90.0</Beta><Gamma>120.0</Gamma><Volume>46.69</Volume><FormulaUnits>2</FormulaUnits><PearsonSymbol>hP4 (S Zn)</PearsonSymbol><CalculatedDensity>5.786</CalculatedDensity><MeasuredDensity>5.700</MeasuredDensity><MolecularWeight>81.38</MolecularWeight><SmithSnyder-FOM>F(12)=999.9(.0000,12/0)</SmithSnyder-FOM><Reference>Aminoff, G. Z. Kristallogr., Kristallgeom., Kristallphys., Kristallchem., v56 p495 (1921)</Reference></UnitCell><d-I-List N="12" d="Angstrom" RIR="5.32" id="Zincite, syn, ZnO"><Peak n="1" hkl="1 0 0" d="2.7886">561.0%</Peak><Peak n="2" hkl="0 0 2" d="2.6000">404.0%</Peak><Peak n="3" hkl="1 0 1" d="2.4575">999.0%</Peak><Peak n="4" hkl="1 0 2" d="1.9017">200.0%</Peak><Peak n="5" hkl="1 1 0" d="1.6100">283.0%</Peak><Peak n="6" hkl="1 0 3" d="1.4721">257.0%</Peak><Peak n="7" hkl="2 0 0" d="1.3943">36.0%</Peak><Peak n="8" hkl="1 1 2" d="1.3688">190.0%</Peak><Peak n="9" hkl="2 0 1" d="1.3467">96.0%</Peak><Peak n="10" hkl="0 0 4" d="1.3000">15.0%</Peak><Peak n="11" hkl="2 0 2" d="1.2288">28.0%</Peak><Peak n="12" hkl="1 0 4" d="1.1783">15.0%</Peak></d-I-List></PDF></MDI>
