<?xml version="1.0"?>
<MDI version="1.0" CRC="16791817" xmlns:dt="urn:schemas-microsoft-com:datatypes"><Document_Format>Materials Data Inc.</Document_Format><Document_Contents>XRD Powder Diffraction Data</Document_Contents><Document_Creator>MDI Jade 7</Document_Creator><Document_Originator>lenovo</Document_Originator><Document_Origination>Materials Data, Inc.</Document_Origination><Document_Date_Created>2021/6/7 19:07:52</Document_Date_Created><Document_Note>...</Document_Note><PDF Card="00-065-7533" QM="Calculated(C)" d="Calculated" I="Calculated"><Date>2021/6/7 19:07:52</Date><Name>Aluminum Lithium</Name><Formula>Al8.9Li1.1</Formula><Wavelength Source="CuKa1">1.54060</Wavelength><AngleLimit>38.506-137.701</AngleLimit><Reference>Calculated from NIST using POWD-12++</Reference><Comment>L 3769  13368      03 TF was not given, B set to 1.000 for calc. Melting of alloys was performed by induction heating in a helium atmosphere.Solidification was accomplished by means of a suction apparatus. sample composition is Al8.9Li1.1; A Study of the Aluminum-Lithium System Between Aluminum and Al-Li</Comment><StrongLines>2.34/X 2.02/5 1.43/2 1.22/2 0.93/1 0.90/1 1.17/1 0.83/1</StrongLines><UnitCell System="Cubic"><Source>(Unknown)</Source><SpaceGroup>Fm-3m (225)</SpaceGroup><a>4.0462</a><b>4.0462</b><c>4.0462</c><Alpha>90.0</Alpha><Beta>90.0</Beta><Gamma>90.0</Gamma><Volume>66.24</Volume><FormulaUnits>0.4</FormulaUnits><PearsonSymbol>cF4 ($GA) (Cu)</PearsonSymbol><CalculatedDensity>2.484</CalculatedDensity><MeasuredDensity>2.60A</MeasuredDensity><MolecularWeight>247.77</MolecularWeight><SmithSnyder-FOM>F(9)=999.9(.0002,9/0)</SmithSnyder-FOM><Reference>Levine, E. D., Rapperport, E. J. Trans. Met. Soc. AIME, v227 p1204 (1963)</Reference></UnitCell><d-I-List N="9" d="Angstrom" RIR="3.7" id="Aluminum Lithium, Al8.9Li1.1"><Peak n="1" hkl="1 1 1" d="2.3361">999.0%</Peak><Peak n="2" hkl="2 0 0" d="2.0231">455.0%</Peak><Peak n="3" hkl="2 2 0" d="1.4305">231.0%</Peak><Peak n="4" hkl="3 1 1" d="1.2200">227.0%</Peak><Peak n="5" hkl="2 2 2" d="1.1680">62.0%</Peak><Peak n="6" hkl="4 0 0" d="1.0115">25.0%</Peak><Peak n="7" hkl="3 3 1" d="0.9283">73.0%</Peak><Peak n="8" hkl="4 2 0" d="0.9048">68.0%</Peak><Peak n="9" hkl="4 2 2" d="0.8259">54.0%</Peak></d-I-List></PDF></MDI>
