<?xml version="1.0"?>
<MDI version="1.0" CRC="1090542575" xmlns:dt="urn:schemas-microsoft-com:datatypes"><Document_Format>Materials Data Inc.</Document_Format><Document_Contents>XRD Powder Diffraction Data</Document_Contents><Document_Creator>MDI Jade 7</Document_Creator><Document_Originator>lenovo</Document_Originator><Document_Origination>Materials Data, Inc.</Document_Origination><Document_Date_Created>2021/6/7 18:16:39</Document_Date_Created><Document_Note>...</Document_Note><PDF Card="00-040-1275" QM="Indexed(I)" d="Diffractometer" I="Diffractometer"><Date>2021/6/7 18:16:39</Date><Name>Zirconium Nitride</Name><Formula>ZrN0.28</Formula><Wavelength Source="CuKa1">1.54056</Wavelength><Calibration>External(Si)</Calibration><AngleLimit>32.054-168.935</AngleLimit><Reference>Lengauer, W., Technische Universitat Wien, Vienna, Austria. Private Communication (1988)</Reference><Comment>Arc melting of ZrN/Zr mixtures and annealing at 1400 K. Lattice parameters depend on composition. Composition near nitrogen-rich phase boundary.</Comment><StrongLines>2.46/X 2.59/2 1.47/2 2.79/2 1.61/2 1.37/2 1.90/2 1.35/2</StrongLines><UnitCell System="Hexagonal"><Source>(Unknown)</Source><SpaceGroup>P63/mmc (194)</SpaceGroup><a>3.222</a><b>3.222</b><c>5.1755</c><Alpha>90.0</Alpha><Beta>90.0</Beta><Gamma>120.0</Gamma><Volume>46.53</Volume><FormulaUnits>2</FormulaUnits><PearsonSymbol>hP2.56 ($GA) (Mg)</PearsonSymbol><CalculatedDensity>6.791</CalculatedDensity><MeasuredDensity>6.71A</MeasuredDensity><MolecularWeight>95.14</MolecularWeight><SmithSnyder-FOM>F(28)=95.4(.0098,30/0)</SmithSnyder-FOM><Reference>Ibid.</Reference></UnitCell><d-I-List N="28" d="Angstrom" id="Zirconium Nitride, ZrN0.28"><Peak n="1" hkl="1 0 0" d="2.7900">20.0%</Peak><Peak n="2" hkl="0 0 2" d="2.5880">24.0%</Peak><Peak n="3" hkl="1 0 1" d="2.4560">100.0%</Peak><Peak n="4" hkl="1 0 2" d="1.8970">18.0%</Peak><Peak n="5" hkl="1 1 0" d="1.6110">19.0%</Peak><Peak n="6" hkl="1 0 3" d="1.4670">20.0%</Peak><Peak n="7" hkl="2 0 0" d="1.3950">2.0%</Peak><Peak n="8" hkl="1 1 2" d="1.3680">19.0%</Peak><Peak n="9" hkl="2 0 1" d="1.3470">15.0%</Peak><Peak n="10" hkl="0 0 4" d="1.2940">3.0%</Peak><Peak n="11" hkl="2 0 2" d="1.2280">4.0%</Peak><Peak n="12" hkl="1 0 4" d="1.1740">3.0%</Peak><Peak n="13" hkl="2 0 3" d="1.0850">8.0%</Peak><Peak n="14" hkl="2 1 0" d="1.0550">2.0%</Peak><Peak n="15" hkl="2 1 1" d="1.0330">14.0%</Peak><Peak n="16" hkl="1 1 4" d="1.0090">10.0%</Peak><Peak n="17" hkl="2 1 2" d="0.9767">5.0%</Peak><Peak n="18" hkl="1 0 5" d="0.9705">7.0%</Peak><Peak n="19" hkl="2 0 4" d="0.9487">2.0%</Peak><Peak n="20" hkl="3 0 0" d="0.9301">5.0%</Peak><Peak n="21" hkl="2 1 3" d="0.8998">14.0%</Peak><Peak n="22" hkl="3 0 2" d="0.8753">10.0%</Peak><Peak n="23" hkl="0 0 6" d="0.8626">2.0%</Peak><Peak n="24" hkl="2 0 5" d="0.8313">10.0%</Peak><Peak n="25" hkl="1 0 6" d="0.8241">4.0%</Peak><Peak n="26" hkl="2 1 4" d="0.8175">6.0%</Peak><Peak n="27" hkl="2 2 0" d="0.8055">9.0%</Peak><Peak n="28" hkl="3 1 0" d="0.7739">11.0%</Peak></d-I-List></PDF></MDI>
