<?xml version="1.0"?>
<MDI version="1.0" CRC="184570693" xmlns:dt="urn:schemas-microsoft-com:datatypes"><Document_Format>Materials Data Inc.</Document_Format><Document_Contents>XRD Powder Diffraction Data</Document_Contents><Document_Creator>MDI Jade 7</Document_Creator><Document_Originator>lenovo</Document_Originator><Document_Origination>Materials Data, Inc.</Document_Origination><Document_Date_Created>2021/6/7 19:07:32</Document_Date_Created><Document_Note>...</Document_Note><PDF Card="00-065-2869" QM="Calculated(C)" d="Calculated" I="Calculated"><Date>2021/6/7 19:07:32</Date><Name>Aluminum</Name><Formula>Al</Formula><Wavelength Source="CuKa1">1.54060</Wavelength><AngleLimit>38.471-137.446</AngleLimit><Reference>Calculated from NIST using POWD-12++</Reference><Comment>Al See PDF 85-1327.</Comment><StrongLines>2.34/X 2.02/5 1.22/3 1.43/2 0.93/1 0.91/1 0.83/1 1.17/1</StrongLines><UnitCell System="Cubic"><Source>(Unknown)</Source><SpaceGroup>Fm-3m (225)</SpaceGroup><a>4.0497</a><b>4.0497</b><c>4.0497</c><Alpha>90.0</Alpha><Beta>90.0</Beta><Gamma>90.0</Gamma><Volume>66.42</Volume><FormulaUnits>4</FormulaUnits><PearsonSymbol>cF4 (Cu)</PearsonSymbol><CalculatedDensity>2.698</CalculatedDensity><MeasuredDensity>2.70A</MeasuredDensity><MolecularWeight>26.98</MolecularWeight><SmithSnyder-FOM>F(9)=999.9(.0001,9/0)</SmithSnyder-FOM><Reference>M.E.Straumanis J. Appl. Phys., v20 p726 (1949)</Reference></UnitCell><d-I-List N="9" d="Angstrom" RIR="4.3" id="Aluminum, Al"><Peak n="1" hkl="1 1 1" d="2.3381">999.0%</Peak><Peak n="2" hkl="2 0 0" d="2.0248">461.0%</Peak><Peak n="3" hkl="2 2 0" d="1.4318">247.0%</Peak><Peak n="4" hkl="3 1 1" d="1.2210">256.0%</Peak><Peak n="5" hkl="2 2 2" d="1.1690">71.0%</Peak><Peak n="6" hkl="4 0 0" d="1.0124">31.0%</Peak><Peak n="7" hkl="3 3 1" d="0.9291">93.0%</Peak><Peak n="8" hkl="4 2 0" d="0.9055">88.0%</Peak><Peak n="9" hkl="4 2 2" d="0.8266">74.0%</Peak></d-I-List></PDF></MDI>
