<?xml version="1.0"?>
<MDI version="1.0" CRC="67116689" xmlns:dt="urn:schemas-microsoft-com:datatypes"><Document_Format>Materials Data Inc.</Document_Format><Document_Contents>XRD Powder Diffraction Data</Document_Contents><Document_Creator>MDI Jade 7</Document_Creator><Document_Originator>lenovo</Document_Originator><Document_Origination>Materials Data, Inc.</Document_Origination><Document_Date_Created>2021/6/7 19:06:57</Document_Date_Created><Document_Note>...</Document_Note><PDF Card="00-065-0207" QM="Calculated(C)" d="Calculated" I="Calculated"><Date>2021/6/7 19:06:57</Date><Name>Palladium Thulium</Name><Formula>Pd3Tm</Formula><Wavelength Source="CuKa1">1.54060</Wavelength><AngleLimit>21.901-143.540</AngleLimit><Reference>Calculated from NIST using POWD-12++</Reference><Comment>1.0 assumed</Comment><StrongLines>2.34/X 2.03/5 1.43/2 1.22/2 0.93/1 0.91/1 0.83/1 1.17/1</StrongLines><UnitCell System="Cubic"><Source>(Unknown)</Source><SpaceGroup>Pm-3m (221)</SpaceGroup><a>4.055</a><b>4.055</b><c>4.055</c><Alpha>90.0</Alpha><Beta>90.0</Beta><Gamma>90.0</Gamma><Volume>66.68</Volume><FormulaUnits>1</FormulaUnits><PearsonSymbol>cP4 (Au Cu3)</PearsonSymbol><CalculatedDensity>12.154</CalculatedDensity><MeasuredDensity>12.57A</MeasuredDensity><MolecularWeight>488.13</MolecularWeight><SmithSnyder-FOM>F(22)=999.9(.0002,22/0)</SmithSnyder-FOM><Reference>S.K.Malik, S.K.Dhar &amp; R.Vijayaraghavan Bull. Mater. Sci. (India), v6 p263-2 (1984)</Reference></UnitCell><d-I-List N="22" d="Angstrom" RIR="17.01" id="Palladium Thulium, Pd3Tm"><Peak n="1" hkl="1 0 0" d="4.0550">20.0%</Peak><Peak n="2" hkl="1 1 0" d="2.8673">16.0%</Peak><Peak n="3" hkl="1 1 1" d="2.3412">999.0%</Peak><Peak n="4" hkl="2 0 0" d="2.0275">451.0%</Peak><Peak n="5" hkl="2 1 0" d="1.8134">8.0%</Peak><Peak n="6" hkl="2 1 1" d="1.6554">6.0%</Peak><Peak n="7" hkl="2 2 0" d="1.4337">221.0%</Peak><Peak n="8" hkl="2 2 1" d="1.3517">3.0%</Peak><Peak n="9" hkl="3 1 0" d="1.2823">2.0%</Peak><Peak n="10" hkl="3 1 1" d="1.2226">216.0%</Peak><Peak n="11" hkl="2 2 2" d="1.1706">60.0%</Peak><Peak n="12" hkl="3 2 0" d="1.1247">1.0%</Peak><Peak n="13" hkl="3 2 1" d="1.0837">2.0%</Peak><Peak n="14" hkl="4 0 0" d="1.0137">25.0%</Peak><Peak n="15" hkl="3 2 2" d="0.9835">1.0%</Peak><Peak n="16" hkl="4 1 1" d="0.9558">1.0%</Peak><Peak n="17" hkl="3 3 1" d="0.9303">77.0%</Peak><Peak n="18" hkl="4 2 0" d="0.9067">73.0%</Peak><Peak n="19" hkl="4 2 1" d="0.8849">1.0%</Peak><Peak n="20" hkl="3 3 2" d="0.8645">1.0%</Peak><Peak n="21" hkl="4 2 2" d="0.8277">62.0%</Peak><Peak n="22" hkl="4 3 0" d="0.8110">1.0%</Peak></d-I-List></PDF></MDI>
