<?xml version="1.0"?>
<MDI version="1.0" CRC="570430873" xmlns:dt="urn:schemas-microsoft-com:datatypes"><Document_Format>Materials Data Inc.</Document_Format><Document_Contents>XRD Powder Diffraction Data</Document_Contents><Document_Creator>MDI Jade 7</Document_Creator><Document_Originator>lenovo</Document_Originator><Document_Origination>Materials Data, Inc.</Document_Origination><Document_Date_Created>2021/6/7 19:06:28</Document_Date_Created><Document_Note>...</Document_Note><PDF Card="01-089-2837" QM="Calculated(C)" d="Calculated" I="Calculated"><Date>2021/6/7 19:06:28</Date><Name>Aluminum</Name><Formula>Al</Formula><Wavelength Source="CuKa1">1.54060</Wavelength><AngleLimit>38.377-82.198</AngleLimit><Reference>Calculated from ICSD using POWD-12++</Reference><Comment>FIZ=043492: M Cell for Al-filings: 4.04920(5). M PDF 00-004-0787. No R value given. At least one TF missing. See PDF 01-085-1327. Lattice parameter determinations with an X-ray spectrogoniometer by the Debye-Scherrer method and the effect of specimen condition a (FM3-M) N</Comment><StrongLines>2.34/X 2.03/5 1.44/2 1.22/2 1.17/1</StrongLines><UnitCell System="Cubic"><Source>(Unknown)</Source><SpaceGroup>Fm-3m (225)</SpaceGroup><a>4.05925</a><b>4.05925</b><c>4.05925</c><Alpha>90.0</Alpha><Beta>90.0</Beta><Gamma>90.0</Gamma><Volume>66.89</Volume><FormulaUnits>4</FormulaUnits><PearsonSymbol>cF4 (?)</PearsonSymbol><CalculatedDensity>2.679</CalculatedDensity><MeasuredDensity>2.70A</MeasuredDensity><MolecularWeight>26.98</MolecularWeight><SmithSnyder-FOM>F(5)=999.9(.0000,5/0)</SmithSnyder-FOM><Reference>Otte, H.M. J. Appl. Phys., v32 p1536 (1961)</Reference></UnitCell><d-I-List N="5" d="Angstrom" RIR="4.1" id="Aluminum, Al"><Peak n="1" hkl="1 1 1" d="2.3436">999.0%</Peak><Peak n="2" hkl="2 0 0" d="2.0296">454.0%</Peak><Peak n="3" hkl="2 2 0" d="1.4352">230.0%</Peak><Peak n="4" hkl="3 1 1" d="1.2239">227.0%</Peak><Peak n="5" hkl="2 2 2" d="1.1718">62.0%</Peak></d-I-List></PDF></MDI>
