<?xml version="1.0"?>
<MDI version="1.0" CRC="1157634849" xmlns:dt="urn:schemas-microsoft-com:datatypes"><Document_Format>Materials Data Inc.</Document_Format><Document_Contents>XRD Powder Diffraction Data</Document_Contents><Document_Creator>MDI Jade 7</Document_Creator><Document_Originator>lenovo</Document_Originator><Document_Origination>Materials Data, Inc.</Document_Origination><Document_Date_Created>2021/6/7 19:07:06</Document_Date_Created><Document_Note>...</Document_Note><PDF Card="00-065-6808" QM="Calculated(C)" d="Calculated" I="Calculated"><Date>2021/6/7 19:07:06</Date><Name>Erbium Palladium</Name><Formula>ErPd3</Formula><Wavelength Source="CuKa1">1.54060</Wavelength><AngleLimit>21.905-143.609</AngleLimit><Reference>Calculated from NIST using POWD-12++</Reference><Comment>L 26724  42339      0 TF was not given, B set to 1.000 for calc. prepared by argon arc melting appropriate amounts of the constituent elements. The magnetic properties of rare earth-Pd3 phases See PDF 03-065-7749.</Comment><StrongLines>2.34/X 2.03/5 1.43/2 1.22/2 0.93/1 0.91/1 0.83/1 1.17/1</StrongLines><UnitCell System="Cubic"><Source>(Unknown)</Source><SpaceGroup>Pm-3m (221)</SpaceGroup><a>4.0542</a><b>4.0542</b><c>4.0542</c><Alpha>90.0</Alpha><Beta>90.0</Beta><Gamma>90.0</Gamma><Volume>66.64</Volume><FormulaUnits>1</FormulaUnits><PearsonSymbol>cP4 (Au Cu3)</PearsonSymbol><CalculatedDensity>12.120</CalculatedDensity><MeasuredDensity>12.43A</MeasuredDensity><MolecularWeight>486.46</MolecularWeight><SmithSnyder-FOM>F(22)=999.9(.0001,22/0)</SmithSnyder-FOM><Reference>Gardner, W. E., Penfold, J., Smith, T. F., Harris, I. R. J. Phys. F, v2 p133 (1972)</Reference></UnitCell><d-I-List N="22" d="Angstrom" RIR="16.57" id="Erbium Palladium, ErPd3"><Peak n="1" hkl="1 0 0" d="4.0542">14.0%</Peak><Peak n="2" hkl="1 1 0" d="2.8668">11.0%</Peak><Peak n="3" hkl="1 1 1" d="2.3407">999.0%</Peak><Peak n="4" hkl="2 0 0" d="2.0271">450.0%</Peak><Peak n="5" hkl="2 1 0" d="1.8131">5.0%</Peak><Peak n="6" hkl="2 1 1" d="1.6551">4.0%</Peak><Peak n="7" hkl="2 2 0" d="1.4334">219.0%</Peak><Peak n="8" hkl="3 0 0" d="1.3514">2.0%</Peak><Peak n="9" hkl="3 1 0" d="1.2821">1.0%</Peak><Peak n="10" hkl="3 1 1" d="1.2224">215.0%</Peak><Peak n="11" hkl="2 2 2" d="1.1703">59.0%</Peak><Peak n="12" hkl="3 2 0" d="1.1244">1.0%</Peak><Peak n="13" hkl="3 2 1" d="1.0835">1.0%</Peak><Peak n="14" hkl="4 0 0" d="1.0136">25.0%</Peak><Peak n="15" hkl="4 1 0" d="0.9833">1.0%</Peak><Peak n="16" hkl="4 1 1" d="0.9556">1.0%</Peak><Peak n="17" hkl="3 3 1" d="0.9301">76.0%</Peak><Peak n="18" hkl="4 2 0" d="0.9065">72.0%</Peak><Peak n="19" hkl="4 2 1" d="0.8847">1.0%</Peak><Peak n="20" hkl="3 3 2" d="0.8644">1.0%</Peak><Peak n="21" hkl="4 2 2" d="0.8276">61.0%</Peak><Peak n="22" hkl="4 3 0" d="0.8108">1.0%</Peak></d-I-List></PDF></MDI>
