<?xml version="1.0"?>
<MDI version="1.0" CRC="687890827" xmlns:dt="urn:schemas-microsoft-com:datatypes"><Document_Format>Materials Data Inc.</Document_Format><Document_Contents>XRD Powder Diffraction Data</Document_Contents><Document_Creator>MDI Jade 7</Document_Creator><Document_Originator>lenovo</Document_Originator><Document_Origination>Materials Data, Inc.</Document_Origination><Document_Date_Created>2021/6/7 19:00:05</Document_Date_Created><Document_Note>...</Document_Note><PDF Card="01-083-0928" QM="Calculated(C)" d="Calculated" I="Calculated"><Date>2021/6/7 19:00:05</Date><Name>Yttrium Holmium Oxide</Name><Formula>(Y1.795Ho0.205)O3</Formula><Wavelength Source="CuKa1">1.54060</Wavelength><AngleLimit>16.698-89.480</AngleLimit><Reference>Calculated from ICSD using POWD-12++</Reference><Comment>FIZ=080034: Rietveld profile refinement applied ITF See PDF 01-083-0929, PDF 01-083-0930 and PDF 01-083-0931. Structure properties and magnetic susceptibility of diluted magnetic semiconductor Y2-x Hox O3 e d b (IA3-) A2X3</Comment><StrongLines>3.06/X 1.88/3 2.65/3 1.60/2 4.33/1 2.08/1 1.22/1 2.50/1</StrongLines><UnitCell System="Cubic"><Source>Profile Analysis</Source><SpaceGroup>Ia-3 (206)</SpaceGroup><a>10.61</a><b>10.61</b><c>10.61</c><Alpha>90.0</Alpha><Beta>90.0</Beta><Gamma>90.0</Gamma><Volume>1194.39</Volume><FormulaUnits>16</FormulaUnits><PearsonSymbol>cI80 (Mn2 O3)</PearsonSymbol><CalculatedDensity>5.369</CalculatedDensity><MeasuredDensity>5.44A</MeasuredDensity><MolecularWeight>241.40</MolecularWeight><SmithSnyder-FOM>F(30)=999.9(.0000,30/0)</SmithSnyder-FOM><Reference>Antic, B., Mitric, M., Rodic, D. J. Magn. Magn. Mater., v145 p349 (1995)</Reference></UnitCell><d-I-List N="41" d="Angstrom" RIR="9.27" id="Yttrium Holmium Oxide, (Y1.795Ho0.205)O3"><Peak n="1" hkl="2 0 0" d="5.3050">7.0%</Peak><Peak n="2" hkl="2 1 1" d="4.3315">103.0%</Peak><Peak n="3" hkl="2 2 0" d="3.7512">1.0%</Peak><Peak n="4" hkl="2 2 2" d="3.0628">999.0%</Peak><Peak n="5" hkl="3 2 1" d="2.8356">5.0%</Peak><Peak n="6" hkl="4 0 0" d="2.6525">287.0%</Peak><Peak n="7" hkl="4 1 1" d="2.5008">50.0%</Peak><Peak n="8" hkl="4 2 0" d="2.3725">10.0%</Peak><Peak n="9" hkl="3 3 2" d="2.2621">43.0%</Peak><Peak n="10" hkl="4 2 2" d="2.1658">10.0%</Peak><Peak n="11" hkl="1 3 4" d="2.0808">66.0%</Peak><Peak n="12" hkl="1 2 5" d="1.9371">23.0%</Peak><Peak n="13" hkl="4 4 0" d="1.8756">324.0%</Peak><Peak n="14" hkl="4 3 3" d="1.8196">18.0%</Peak><Peak n="15" hkl="6 0 0" d="1.7683">5.0%</Peak><Peak n="16" hkl="6 1 1" d="1.7212">40.0%</Peak><Peak n="17" hkl="0 2 6" d="1.6776">8.0%</Peak><Peak n="18" hkl="1 4 5" d="1.6372">27.0%</Peak><Peak n="19" hkl="6 2 2" d="1.5995">237.0%</Peak><Peak n="20" hkl="1 3 6" d="1.5644">40.0%</Peak><Peak n="21" hkl="4 4 4" d="1.5314">50.0%</Peak><Peak n="22" hkl="5 4 3" d="1.5005">16.0%</Peak><Peak n="23" hkl="0 4 6" d="1.4713">10.0%</Peak><Peak n="24" hkl="1 2 7" d="1.4438">21.0%</Peak><Peak n="25" hkl="6 4 2" d="1.4178">11.0%</Peak><Peak n="26" hkl="2 3 7" d="1.3475">15.0%</Peak><Peak n="27" hkl="8 0 0" d="1.3262">27.0%</Peak><Peak n="28" hkl="8 1 1" d="1.3060">23.0%</Peak><Peak n="29" hkl="8 2 0" d="1.2866">13.0%</Peak><Peak n="30" hkl="6 5 3" d="1.2681">14.0%</Peak><Peak n="31" hkl="8 2 2" d="1.2504">9.0%</Peak><Peak n="32" hkl="8 3 1" d="1.2334">22.0%</Peak><Peak n="33" hkl="6 6 2" d="1.2170">53.0%</Peak><Peak n="34" hkl="7 5 2" d="1.2013">1.0%</Peak><Peak n="35" hkl="0 4 8" d="1.1862">43.0%</Peak><Peak n="36" hkl="8 3 3" d="1.1717">6.0%</Peak><Peak n="37" hkl="8 4 2" d="1.1576">6.0%</Peak><Peak n="38" hkl="7 6 1" d="1.1441">14.0%</Peak><Peak n="39" hkl="6 6 4" d="1.1310">1.0%</Peak><Peak n="40" hkl="1 5 8" d="1.1184">14.0%</Peak><Peak n="41" hkl="7 6 3" d="1.0943">10.0%</Peak></d-I-List></PDF></MDI>
