<?xml version="1.0"?>
<MDI version="1.0" CRC="637543879" xmlns:dt="urn:schemas-microsoft-com:datatypes"><Document_Format>Materials Data Inc.</Document_Format><Document_Contents>XRD Powder Diffraction Data</Document_Contents><Document_Creator>MDI Jade 7</Document_Creator><Document_Originator>lenovo</Document_Originator><Document_Origination>Materials Data, Inc.</Document_Origination><Document_Date_Created>2021/6/7 18:16:51</Document_Date_Created><Document_Note>...</Document_Note><PDF Card="01-071-2343" QM="Calculated(C)" d="Calculated" I="Calculated"><Date>2021/6/7 18:16:51</Date><Name>Zinc Germanium Nitride</Name><Formula>ZnGeN2</Formula><Wavelength Source="CuKa1">1.54060</Wavelength><AngleLimit>21.330-89.581</AngleLimit><Reference>Calculated from ICSD using POWD-12++ (1997)</Reference><Comment>FIZ=015144: At least one TF missing. No R value given. Groupe spatial et ordre des atomes de zinc et de germanium dans Zn Ge N2 a4 (PNA21) ABX2</Comment><StrongLines>2.45/X 2.60/5 2.41/5 2.77/5 1.47/2 2.73/2 1.58/2 1.58/2</StrongLines><UnitCell System="Orthorhombic"><Source>Powder Diffraction</Source><SpaceGroup>Pna21 (33)</SpaceGroup><a>5.454</a><b>6.441</b><c>5.194</c><Alpha>90.0</Alpha><Beta>90.0</Beta><Gamma>90.0</Gamma><Volume>182.46</Volume><FormulaUnits>4</FormulaUnits><PearsonSymbol>oP16 (Mn N2 Si)</PearsonSymbol><CalculatedDensity>6.041</CalculatedDensity><MeasuredDensity>6.19A</MeasuredDensity><MolecularWeight>165.98</MolecularWeight><SmithSnyder-FOM>F(30)=999.9(.0004,35/0)</SmithSnyder-FOM><Reference>Wintenberger, M., Maunaye, M., Laurent, Y. Mater. Res. Bull., v8 p1049 (1973)</Reference></UnitCell><d-I-List N="65" d="Angstrom" RIR="4.07" id="Zinc Germanium Nitride, ZnGeN2"><Peak n="1" hkl="1 1 0" d="4.1623">4.0%</Peak><Peak n="2" hkl="0 1 1" d="4.0432">11.0%</Peak><Peak n="3" hkl="1 1 1" d="3.2480">1.0%</Peak><Peak n="4" hkl="0 2 0" d="3.2205">1.0%</Peak><Peak n="5" hkl="1 2 0" d="2.7731">459.0%</Peak><Peak n="6" hkl="2 0 0" d="2.7270">227.0%</Peak><Peak n="7" hkl="0 0 2" d="2.5970">547.0%</Peak><Peak n="8" hkl="1 2 1" d="2.4463">999.0%</Peak><Peak n="9" hkl="2 0 1" d="2.4144">482.0%</Peak><Peak n="10" hkl="2 1 1" d="2.2608">1.0%</Peak><Peak n="11" hkl="1 1 2" d="2.2033">1.0%</Peak><Peak n="12" hkl="2 2 0" d="2.0811">1.0%</Peak><Peak n="13" hkl="0 2 2" d="2.0216">1.0%</Peak><Peak n="14" hkl="1 3 0" d="1.9978">1.0%</Peak><Peak n="15" hkl="0 3 1" d="1.9842">1.0%</Peak><Peak n="16" hkl="2 2 1" d="1.9318">1.0%</Peak><Peak n="17" hkl="1 2 2" d="1.8956">179.0%</Peak><Peak n="18" hkl="2 0 2" d="1.8806">91.0%</Peak><Peak n="19" hkl="1 3 1" d="1.8646">3.0%</Peak><Peak n="20" hkl="2 1 2" d="1.8053">1.0%</Peak><Peak n="21" hkl="3 1 0" d="1.7496">1.0%</Peak><Peak n="22" hkl="2 3 0" d="1.6869">1.0%</Peak><Peak n="23" hkl="0 1 3" d="1.6720">1.0%</Peak><Peak n="24" hkl="3 1 1" d="1.6581">1.0%</Peak><Peak n="25" hkl="0 4 0" d="1.6102">121.0%</Peak><Peak n="26" hkl="3 2 0" d="1.5832">226.0%</Peak><Peak n="27" hkl="1 3 2" d="1.5832">226.0%</Peak><Peak n="28" hkl="1 4 0" d="1.5444">1.0%</Peak><Peak n="29" hkl="3 2 1" d="1.5144">1.0%</Peak><Peak n="30" hkl="1 4 1" d="1.4803">2.0%</Peak><Peak n="31" hkl="1 2 3" d="1.4686">228.0%</Peak><Peak n="32" hkl="2 0 3" d="1.4616">117.0%</Peak><Peak n="33" hkl="2 1 3" d="1.4254">1.0%</Peak><Peak n="34" hkl="2 3 2" d="1.4147">1.0%</Peak><Peak n="35" hkl="2 4 0" d="1.3866">31.0%</Peak><Peak n="36" hkl="3 3 0" d="1.3866">31.0%</Peak><Peak n="37" hkl="0 4 2" d="1.3685">90.0%</Peak><Peak n="38" hkl="3 2 2" d="1.3518">170.0%</Peak><Peak n="39" hkl="0 3 3" d="1.3477">90.0%</Peak><Peak n="40" hkl="3 3 1" d="1.3397">99.0%</Peak><Peak n="41" hkl="2 4 1" d="1.3397">99.0%</Peak><Peak n="42" hkl="1 4 2" d="1.3274">1.0%</Peak><Peak n="43" hkl="4 0 1" d="1.3188">46.0%</Peak><Peak n="44" hkl="1 3 3" d="1.3084">1.0%</Peak><Peak n="45" hkl="0 0 4" d="1.2985">25.0%</Peak><Peak n="46" hkl="1 5 0" d="1.2537">1.0%</Peak><Peak n="47" hkl="0 5 1" d="1.2503">1.0%</Peak><Peak n="48" hkl="1 1 4" d="1.2396">1.0%</Peak><Peak n="49" hkl="3 1 3" d="1.2307">1.0%</Peak><Peak n="50" hkl="2 4 2" d="1.2232">26.0%</Peak><Peak n="51" hkl="3 3 2" d="1.2232">26.0%</Peak><Peak n="52" hkl="4 2 1" d="1.2205">14.0%</Peak><Peak n="53" hkl="4 0 2" d="1.2072">12.0%</Peak><Peak n="54" hkl="0 2 4" d="1.2043">7.0%</Peak><Peak n="55" hkl="4 1 2" d="1.1866">1.0%</Peak><Peak n="56" hkl="1 2 4" d="1.1760">16.0%</Peak><Peak n="57" hkl="2 0 4" d="1.1724">12.0%</Peak><Peak n="58" hkl="2 5 0" d="1.1648">1.0%</Peak><Peak n="59" hkl="2 1 4" d="1.1534">1.0%</Peak><Peak n="60" hkl="4 3 0" d="1.1510">1.0%</Peak><Peak n="61" hkl="2 5 1" d="1.1365">1.0%</Peak><Peak n="62" hkl="1 5 2" d="1.1290">1.0%</Peak><Peak n="63" hkl="4 3 1" d="1.1237">1.0%</Peak><Peak n="64" hkl="2 2 4" d="1.1016">1.0%</Peak><Peak n="65" hkl="3 4 2" d="1.0934">1.0%</Peak></d-I-List></PDF></MDI>
