<?xml version="1.0"?>
<MDI version="1.0" CRC="671096731" xmlns:dt="urn:schemas-microsoft-com:datatypes"><Document_Format>Materials Data Inc.</Document_Format><Document_Contents>XRD Powder Diffraction Data</Document_Contents><Document_Creator>MDI Jade 7</Document_Creator><Document_Originator>lenovo</Document_Originator><Document_Origination>Materials Data, Inc.</Document_Origination><Document_Date_Created>2021/6/7 18:16:31</Document_Date_Created><Document_Note>...</Document_Note><PDF Card="00-065-3365" QM="Calculated(C)" d="Calculated" I="Calculated"><Date>2021/6/7 18:16:31</Date><Name>Magnesium</Name><Formula>Mg</Formula><Wavelength Source="CuKa1">1.54060</Wavelength><AngleLimit>32.185-147.561</AngleLimit><Reference>Calculated from NIST using POWD-12++</Reference><Comment>Mg See PDF 01-089-4894.</Comment><StrongLines>2.45/X 2.61/3 2.78/2 1.47/2 1.37/1 1.60/1 1.90/1 1.34/1</StrongLines><UnitCell System="Hexagonal"><Source>(Unknown)</Source><SpaceGroup>P63/mmc (194)</SpaceGroup><a>3.2089</a><b>3.2089</b><c>5.2101</c><Alpha>90.0</Alpha><Beta>90.0</Beta><Gamma>120.0</Gamma><Volume>46.46</Volume><FormulaUnits>2</FormulaUnits><PearsonSymbol>hP2 (Mg)</PearsonSymbol><CalculatedDensity>1.737</CalculatedDensity><MeasuredDensity>1.74A</MeasuredDensity><MolecularWeight>24.31</MolecularWeight><SmithSnyder-FOM>F(27)=203.6(.0046,29/0)</SmithSnyder-FOM><Reference>G.Raynor Proc. R. Soc. London, Ser. A, vA17 p457 (1940)</Reference></UnitCell><d-I-List N="28" d="Angstrom" RIR="4.01" id="Magnesium, Mg"><Peak n="1" hkl="1 0 0" d="2.7790">245.0%</Peak><Peak n="2" hkl="0 0 2" d="2.6051">269.0%</Peak><Peak n="3" hkl="1 0 1" d="2.4520">999.0%</Peak><Peak n="4" hkl="1 0 2" d="1.9006">140.0%</Peak><Peak n="5" hkl="1 1 0" d="1.6044">145.0%</Peak><Peak n="6" hkl="1 0 3" d="1.4728">153.0%</Peak><Peak n="7" hkl="2 0 0" d="1.3895">20.0%</Peak><Peak n="8" hkl="1 1 2" d="1.3661">146.0%</Peak><Peak n="9" hkl="2 0 1" d="1.3426">101.0%</Peak><Peak n="10" hkl="0 0 4" d="1.3025">20.0%</Peak><Peak n="11" hkl="2 0 2" d="1.2260">23.0%</Peak><Peak n="12" hkl="1 0 4" d="1.1794">19.0%</Peak><Peak n="13" hkl="2 0 3" d="1.0850">39.0%</Peak><Peak n="14" hkl="2 1 0" d="1.0504">11.0%</Peak><Peak n="15" hkl="2 1 1" d="1.0296">63.0%</Peak><Peak n="16" hkl="1 1 4" d="1.0112">39.0%</Peak><Peak n="17" hkl="1 0 5" d="0.9757">27.0%</Peak><Peak n="18" hkl="2 1 2" d="0.9742">20.0%</Peak><Peak n="19" hkl="2 0 4" d="0.9503">8.0%</Peak><Peak n="20" hkl="3 0 0" d="0.9263">15.0%</Peak><Peak n="21" hkl="2 1 3" d="0.8988">41.0%</Peak><Peak n="22" hkl="3 0 2" d="0.8728">26.0%</Peak><Peak n="23" hkl="0 0 6" d="0.8684">4.0%</Peak><Peak n="24" hkl="2 0 5" d="0.8336">17.0%</Peak><Peak n="25" hkl="1 0 6" d="0.8288">6.0%</Peak><Peak n="26" hkl="3 0 3" d="0.8176">11.0%</Peak><Peak n="27" hkl="2 1 4" d="0.8176">11.0%</Peak><Peak n="28" hkl="2 2 0" d="0.8022">11.0%</Peak></d-I-List></PDF></MDI>
