<?xml version="1.0"?>
<MDI version="1.0" CRC="1895844881" xmlns:dt="urn:schemas-microsoft-com:datatypes"><Document_Format>Materials Data Inc.</Document_Format><Document_Contents>XRD Powder Diffraction Data</Document_Contents><Document_Creator>MDI Jade 7</Document_Creator><Document_Originator>lenovo</Document_Originator><Document_Origination>Materials Data, Inc.</Document_Origination><Document_Date_Created>2021/6/7 19:06:42</Document_Date_Created><Document_Note>...</Document_Note><PDF Card="01-088-0994" QM="Calculated(C)" d="Calculated" I="Calculated"><Date>2021/6/7 19:06:42</Date><Name>Lithium silver germanide</Name><Formula>(Li3Ag3Ge2)0.5</Formula><Wavelength Source="CuKa1">1.54060</Wavelength><AngleLimit>21.956-86.725</AngleLimit><Reference>Calculated from ICSD using POWD-12++</Reference><Comment>FIZ=085308: Rietveld profile refinement applied No R value given. At least one TF missing. X-ray investigations of the Li - Ag - (Si, Ge) systems at 470 K c a (PM3-M) NO3</Comment><StrongLines>2.34/X 2.02/4 1.43/2 1.22/2 1.17/1</StrongLines><UnitCell System="Cubic"><Source>Profile Analysis</Source><SpaceGroup>Pm-3m (221)</SpaceGroup><a>4.045</a><b>4.045</b><c>4.045</c><Alpha>90.0</Alpha><Beta>90.0</Beta><Gamma>90.0</Gamma><Volume>66.18</Volume><FormulaUnits>1</FormulaUnits><PearsonSymbol>cP4 (?)</PearsonSymbol><CalculatedDensity>6.141</CalculatedDensity><MeasuredDensity>5.91A</MeasuredDensity><MolecularWeight>244.80</MolecularWeight><SmithSnyder-FOM>F(12)=999.9(.0000,12/0)</SmithSnyder-FOM><Reference>Kevorkov, D.G., Pavlyuk, V.V., Bodak, O.I. Pol. J. Chem., v71 p712 (1997)</Reference></UnitCell><d-I-List N="12" d="Angstrom" RIR="9.19" id="Lithium silver germanide, (Li3Ag3Ge2)0.5"><Peak n="1" hkl="1 0 0" d="4.0450">12.0%</Peak><Peak n="2" hkl="1 1 0" d="2.8602">9.0%</Peak><Peak n="3" hkl="1 1 1" d="2.3354">999.0%</Peak><Peak n="4" hkl="2 0 0" d="2.0225">446.0%</Peak><Peak n="5" hkl="2 1 0" d="1.8090">4.0%</Peak><Peak n="6" hkl="2 1 1" d="1.6514">3.0%</Peak><Peak n="7" hkl="2 2 0" d="1.4301">222.0%</Peak><Peak n="8" hkl="3 0 0" d="1.3483">1.0%</Peak><Peak n="9" hkl="3 1 0" d="1.2791">1.0%</Peak><Peak n="10" hkl="3 1 1" d="1.2196">216.0%</Peak><Peak n="11" hkl="2 2 2" d="1.1677">60.0%</Peak><Peak n="12" hkl="3 2 0" d="1.1219">1.0%</Peak></d-I-List></PDF></MDI>
