<?xml version="1.0"?>
<MDI version="1.0" CRC="1426080553" xmlns:dt="urn:schemas-microsoft-com:datatypes"><Document_Format>Materials Data Inc.</Document_Format><Document_Contents>XRD Powder Diffraction Data</Document_Contents><Document_Creator>MDI Jade 7</Document_Creator><Document_Originator>lenovo</Document_Originator><Document_Origination>Materials Data, Inc.</Document_Origination><Document_Date_Created>2021/6/7 18:59:50</Document_Date_Created><Document_Note>...</Document_Note><PDF Card="01-072-0927" QM="Calculated(C)" d="Calculated" I="Calculated"><Date>2021/6/7 18:59:50</Date><Name>Yttrium Oxide</Name><Formula>Y2O3</Formula><Wavelength Source="CuKa1">1.54060</Wavelength><AngleLimit>16.702-89.509</AngleLimit><Reference>Calculated from ICSD using POWD-12++</Reference><Comment>FIZ=016394: REM      TEM -196 C. ITF Refinement of the Y2 O3 structure at 77K d c b (IA3-) A2X3</Comment><StrongLines>3.06/X 1.88/4 1.60/2 2.65/2 4.33/1 2.08/1 1.22/1 2.26/1</StrongLines><UnitCell System="Cubic"><Source>Powder Diffraction</Source><SpaceGroup>Ia-3 (206)</SpaceGroup><a>10.6073</a><b>10.6073</b><c>10.6073</c><Alpha>90.0</Alpha><Beta>90.0</Beta><Gamma>90.0</Gamma><Volume>1193.48</Volume><FormulaUnits>16</FormulaUnits><PearsonSymbol>cI80 (Mn2 O3)</PearsonSymbol><CalculatedDensity>5.026</CalculatedDensity><MeasuredDensity>5.07A</MeasuredDensity><MolecularWeight>225.81</MolecularWeight><SmithSnyder-FOM>F(30)=999.9(.0000,30/0)</SmithSnyder-FOM><Reference>Faucher, M. Acta Crystallogr., Sec. B, v36 p3209 (1980)</Reference></UnitCell><d-I-List N="41" d="Angstrom" RIR="9.24" id="Yttrium Oxide, Y2O3"><Peak n="1" hkl="2 0 0" d="5.3036">3.0%</Peak><Peak n="2" hkl="2 1 1" d="4.3304">127.0%</Peak><Peak n="3" hkl="2 2 0" d="3.7503">1.0%</Peak><Peak n="4" hkl="2 2 2" d="3.0621">999.0%</Peak><Peak n="5" hkl="1 2 3" d="2.8349">4.0%</Peak><Peak n="6" hkl="4 0 0" d="2.6518">242.0%</Peak><Peak n="7" hkl="4 1 1" d="2.5002">48.0%</Peak><Peak n="8" hkl="4 2 0" d="2.3719">10.0%</Peak><Peak n="9" hkl="3 3 2" d="2.2615">54.0%</Peak><Peak n="10" hkl="4 2 2" d="2.1652">9.0%</Peak><Peak n="11" hkl="1 3 4" d="2.0803">76.0%</Peak><Peak n="12" hkl="5 2 1" d="1.9366">24.0%</Peak><Peak n="13" hkl="4 4 0" d="1.8751">386.0%</Peak><Peak n="14" hkl="4 3 3" d="1.8191">19.0%</Peak><Peak n="15" hkl="6 0 0" d="1.7679">4.0%</Peak><Peak n="16" hkl="6 1 1" d="1.7207">45.0%</Peak><Peak n="17" hkl="0 2 6" d="1.6772">10.0%</Peak><Peak n="18" hkl="1 4 5" d="1.6367">35.0%</Peak><Peak n="19" hkl="6 2 2" d="1.5991">245.0%</Peak><Peak n="20" hkl="1 3 6" d="1.5640">51.0%</Peak><Peak n="21" hkl="4 4 4" d="1.5310">40.0%</Peak><Peak n="22" hkl="5 4 3" d="1.5001">17.0%</Peak><Peak n="23" hkl="0 4 6" d="1.4710">10.0%</Peak><Peak n="24" hkl="1 2 7" d="1.4435">26.0%</Peak><Peak n="25" hkl="6 4 2" d="1.4175">12.0%</Peak><Peak n="26" hkl="1 5 6" d="1.3471">16.0%</Peak><Peak n="27" hkl="8 0 0" d="1.3259">35.0%</Peak><Peak n="28" hkl="8 1 1" d="1.3057">28.0%</Peak><Peak n="29" hkl="8 2 0" d="1.2863">15.0%</Peak><Peak n="30" hkl="6 5 3" d="1.2678">16.0%</Peak><Peak n="31" hkl="8 2 2" d="1.2501">10.0%</Peak><Peak n="32" hkl="8 3 1" d="1.2331">25.0%</Peak><Peak n="33" hkl="6 6 2" d="1.2167">58.0%</Peak><Peak n="34" hkl="7 5 2" d="1.2010">1.0%</Peak><Peak n="35" hkl="0 4 8" d="1.1859">37.0%</Peak><Peak n="36" hkl="8 3 3" d="1.1714">7.0%</Peak><Peak n="37" hkl="2 4 8" d="1.1573">8.0%</Peak><Peak n="38" hkl="7 6 1" d="1.1438">16.0%</Peak><Peak n="39" hkl="6 6 4" d="1.1307">1.0%</Peak><Peak n="40" hkl="1 5 8" d="1.1181">17.0%</Peak><Peak n="41" hkl="7 6 3" d="1.0941">17.0%</Peak></d-I-List></PDF></MDI>
