<?xml version="1.0"?>
<MDI version="1.0" CRC="1828741209" xmlns:dt="urn:schemas-microsoft-com:datatypes"><Document_Format>Materials Data Inc.</Document_Format><Document_Contents>XRD Powder Diffraction Data</Document_Contents><Document_Creator>MDI Jade 7</Document_Creator><Document_Originator>lenovo</Document_Originator><Document_Origination>Materials Data, Inc.</Document_Origination><Document_Date_Created>2021/6/7 18:59:46</Document_Date_Created><Document_Note>...</Document_Note><PDF Card="01-070-4227" QM="Calculated(C)" d="Calculated" I="Calculated"><Date>2021/6/7 18:59:46</Date><Name>Thulium Yttrium Oxide</Name><Formula>(Tm0.1Y1.9)O3</Formula><Wavelength Source="CuKa1">1.54060</Wavelength><AngleLimit>16.715-89.598</AngleLimit><Reference>Calculated from ICSD using POWD-12++</Reference><Comment>FIZ=090662: REF  Journal of Magnetism and Magnetic Materials. CLAS m-3   (Hermann-Mauguin) - Th  (Schoenflies). PRS  cI80. ANX  A2X3. WYCK e d b. Rietveld profile refinement applied At least one temperature factor missing in the paper. (C An X-ray diffraction and magnetic susceptibility study of Tmx Y2-x O3</Comment><StrongLines>3.06/X 1.87/4 2.65/2 1.60/2 4.33/1 2.08/1 2.26/1 2.50/1</StrongLines><UnitCell System="Cubic"><Source>Profile Analysis</Source><SpaceGroup>Ia-3 (206)</SpaceGroup><a>10.599</a><b>10.599</b><c>10.599</c><Alpha>90.0</Alpha><Beta>90.0</Beta><Gamma>90.0</Gamma><Volume>1190.68</Volume><FormulaUnits>16</FormulaUnits><PearsonSymbol>cI80 (?)</PearsonSymbol><CalculatedDensity>5.216</CalculatedDensity><MeasuredDensity>6.57A</MeasuredDensity><MolecularWeight>233.81</MolecularWeight><SmithSnyder-FOM>F(30)=999.9(.0000,30/0)</SmithSnyder-FOM><Reference>Blanusa, J., Mitric, M., Rodic, D., Szytula, A., Slaski, M. J. Magn. Magn. Mater., v213 p75 (2000)</Reference></UnitCell><d-I-List N="41" d="Angstrom" RIR="9.07" id="Thulium Yttrium Oxide, (Tm0.1Y1.9)O3"><Peak n="1" hkl="2 0 0" d="5.2995">2.0%</Peak><Peak n="2" hkl="2 1 1" d="4.3270">140.0%</Peak><Peak n="3" hkl="2 2 0" d="3.7473">1.0%</Peak><Peak n="4" hkl="2 2 2" d="3.0597">999.0%</Peak><Peak n="5" hkl="3 2 1" d="2.8327">7.0%</Peak><Peak n="6" hkl="4 0 0" d="2.6497">248.0%</Peak><Peak n="7" hkl="4 1 1" d="2.4982">52.0%</Peak><Peak n="8" hkl="4 2 0" d="2.3700">12.0%</Peak><Peak n="9" hkl="3 3 2" d="2.2597">54.0%</Peak><Peak n="10" hkl="4 2 2" d="2.1635">9.0%</Peak><Peak n="11" hkl="1 3 4" d="2.0786">79.0%</Peak><Peak n="12" hkl="1 2 5" d="1.9351">25.0%</Peak><Peak n="13" hkl="4 4 0" d="1.8737">356.0%</Peak><Peak n="14" hkl="4 3 3" d="1.8177">21.0%</Peak><Peak n="15" hkl="6 0 0" d="1.7665">5.0%</Peak><Peak n="16" hkl="6 1 1" d="1.7194">44.0%</Peak><Peak n="17" hkl="0 2 6" d="1.6759">11.0%</Peak><Peak n="18" hkl="1 4 5" d="1.6355">36.0%</Peak><Peak n="19" hkl="6 2 2" d="1.5979">217.0%</Peak><Peak n="20" hkl="1 3 6" d="1.5627">49.0%</Peak><Peak n="21" hkl="4 4 4" d="1.5298">35.0%</Peak><Peak n="22" hkl="5 4 3" d="1.4989">17.0%</Peak><Peak n="23" hkl="0 4 6" d="1.4698">10.0%</Peak><Peak n="24" hkl="1 2 7" d="1.4423">25.0%</Peak><Peak n="25" hkl="6 4 2" d="1.4164">12.0%</Peak><Peak n="26" hkl="7 3 2" d="1.3461">15.0%</Peak><Peak n="27" hkl="8 0 0" d="1.3249">29.0%</Peak><Peak n="28" hkl="8 1 1" d="1.3046">26.0%</Peak><Peak n="29" hkl="8 2 0" d="1.2853">15.0%</Peak><Peak n="30" hkl="3 5 6" d="1.2668">15.0%</Peak><Peak n="31" hkl="8 2 2" d="1.2491">10.0%</Peak><Peak n="32" hkl="8 3 1" d="1.2321">22.0%</Peak><Peak n="33" hkl="6 6 2" d="1.2158">45.0%</Peak><Peak n="34" hkl="7 5 2" d="1.2001">1.0%</Peak><Peak n="35" hkl="0 4 8" d="1.1850">28.0%</Peak><Peak n="36" hkl="8 3 3" d="1.1705">6.0%</Peak><Peak n="37" hkl="8 4 2" d="1.1565">7.0%</Peak><Peak n="38" hkl="6 5 5" d="1.1429">14.0%</Peak><Peak n="39" hkl="6 6 4" d="1.1299">1.0%</Peak><Peak n="40" hkl="1 5 8" d="1.1172">14.0%</Peak><Peak n="41" hkl="7 6 3" d="1.0932">14.0%</Peak></d-I-List></PDF></MDI>
