<?xml version="1.0"?>
<MDI version="1.0" CRC="1627421665" xmlns:dt="urn:schemas-microsoft-com:datatypes"><Document_Format>Materials Data Inc.</Document_Format><Document_Contents>XRD Powder Diffraction Data</Document_Contents><Document_Creator>MDI Jade 7</Document_Creator><Document_Originator>lenovo</Document_Originator><Document_Origination>Materials Data, Inc.</Document_Origination><Document_Date_Created>2021/6/7 19:00:15</Document_Date_Created><Document_Note>...</Document_Note><PDF Card="00-024-1086" QM="Star(S)" d="(Unknown)" I="Diffractometer"><Date>2021/6/7 19:00:15</Date><Name>Holmium Molybdenum Oxide</Name><Formula>Ho6MoO12</Formula><Wavelength Source="CuKa1">1.54056</Wavelength><Filter>Ni</Filter><AngleLimit>29.160-118.481</AngleLimit><Color>Yellow</Color><Reference>McIlvried, McCarthy, Penn State University, University Park, Pennsylvania, USA. ICDD Grant-in-Aid (1972)</Reference><StrongLines>3.06/X 1.87/4 2.65/3 1.60/3 1.53/1 1.22/1</StrongLines><UnitCell System="Cubic"><Source>Powder Diffraction</Source><SpaceGroup>Fm-3m (225)</SpaceGroup><a>5.302</a><b>5.302</b><c>5.302</c><Alpha>90.0</Alpha><Beta>90.0</Beta><Gamma>90.0</Gamma><Volume>149.05</Volume><FormulaUnits>0.63</FormulaUnits><PearsonSymbol>cF11.97 (?)</PearsonSymbol><CalculatedDensity>8.967</CalculatedDensity><MeasuredDensity>8.69A</MeasuredDensity><MolecularWeight>1277.52</MolecularWeight><SmithSnyder-FOM>F(12)=50.4(.0198,12/0)</SmithSnyder-FOM><Reference>Ibid.</Reference></UnitCell><d-I-List N="12" d="Angstrom" RIR="7.2" id="Holmium Molybdenum Oxide, Ho6MoO12"><Peak n="1" hkl="1 1 1" d="3.0600">100.0%</Peak><Peak n="2" hkl="2 0 0" d="2.6510">30.0%</Peak><Peak n="3" hkl="2 2 0" d="1.8740">40.0%</Peak><Peak n="4" hkl="3 1 1" d="1.5990">25.0%</Peak><Peak n="5" hkl="2 2 2" d="1.5308">5.0%</Peak><Peak n="6" hkl="4 0 0" d="1.3257">3.0%</Peak><Peak n="7" hkl="3 3 1" d="1.2167">5.0%</Peak><Peak n="8" hkl="4 2 0" d="1.1858">3.0%</Peak><Peak n="9" hkl="4 2 2" d="1.0826">3.0%</Peak><Peak n="10" hkl="5 1 1" d="1.0207">2.0%</Peak><Peak n="11" hkl="4 4 0" d="0.9373">1.0%</Peak><Peak n="12" hkl="5 3 1" d="0.8964">2.0%</Peak></d-I-List></PDF></MDI>
