<?xml version="1.0"?>
<MDI version="1.0" CRC="453015795" xmlns:dt="urn:schemas-microsoft-com:datatypes"><Document_Format>Materials Data Inc.</Document_Format><Document_Contents>XRD Powder Diffraction Data</Document_Contents><Document_Creator>MDI Jade 7</Document_Creator><Document_Originator>lenovo</Document_Originator><Document_Origination>Materials Data, Inc.</Document_Origination><Document_Date_Created>2021/6/7 18:16:26</Document_Date_Created><Document_Note>...</Document_Note><PDF Card="00-065-8731" QM="Calculated(C)" d="Calculated" I="Calculated"><Date>2021/6/7 18:16:26</Date><Name>Bismuth Magnesium</Name><Formula>BiMg99</Formula><Wavelength Source="CuKa1">1.54060</Wavelength><AngleLimit>32.229-148.094</AngleLimit><Reference>Calculated from NIST using POWD-12++</Reference><Comment>L 12404  41158      0 TF  TF was not given, B set to 1.000 for calc. Melting Bi and Mg together in magnesia-lined alundum crucibles under an atmosphere of H2,then freezed in the crucible and filed clean.The ingots were annealed for a week,then quenched in water,cleaned again by filing. X-ray Study of the Solid Solubility of Lead,Bismuth and Gold in Magnesium Unit cell dimensions taken from figure.</Comment><StrongLines>2.45/X 2.60/3 2.78/3 1.47/1 1.60/1 1.36/1 1.90/1 1.34/1</StrongLines><UnitCell System="Hexagonal"><Source>(Unknown)</Source><SpaceGroup>P63/mmc (194)</SpaceGroup><a>3.2046</a><b>3.2046</b><c>5.2075</c><Alpha>90.0</Alpha><Beta>90.0</Beta><Gamma>120.0</Gamma><Volume>46.31</Volume><FormulaUnits>0.02</FormulaUnits><PearsonSymbol>hP2 (Mg)</PearsonSymbol><CalculatedDensity>1.875</CalculatedDensity><MeasuredDensity>1.88A</MeasuredDensity><MolecularWeight>2615.18</MolecularWeight><SmithSnyder-FOM>F(27)=148.1(.0063,29/0)</SmithSnyder-FOM><Reference>Foote, F., Jette, E. R. Trans. Am. Inst. Min. Metall. Pet. Eng., v143 p124 (1941)</Reference></UnitCell><d-I-List N="28" d="Angstrom" RIR="4.05" id="Bismuth Magnesium, BiMg99"><Peak n="1" hkl="1 0 0" d="2.7753">251.0%</Peak><Peak n="2" hkl="0 0 2" d="2.6037">272.0%</Peak><Peak n="3" hkl="1 0 1" d="2.4492">999.0%</Peak><Peak n="4" hkl="1 0 2" d="1.8989">136.0%</Peak><Peak n="5" hkl="1 1 0" d="1.6023">140.0%</Peak><Peak n="6" hkl="1 0 3" d="1.4717">144.0%</Peak><Peak n="7" hkl="2 0 0" d="1.3876">19.0%</Peak><Peak n="8" hkl="1 1 2" d="1.3646">136.0%</Peak><Peak n="9" hkl="2 0 1" d="1.3408">94.0%</Peak><Peak n="10" hkl="0 0 4" d="1.3019">18.0%</Peak><Peak n="11" hkl="2 0 2" d="1.2246">20.0%</Peak><Peak n="12" hkl="1 0 4" d="1.1786">17.0%</Peak><Peak n="13" hkl="2 0 3" d="1.0839">34.0%</Peak><Peak n="14" hkl="2 1 0" d="1.0489">10.0%</Peak><Peak n="15" hkl="2 1 1" d="1.0283">53.0%</Peak><Peak n="16" hkl="1 1 4" d="1.0104">33.0%</Peak><Peak n="17" hkl="1 0 5" d="0.9751">22.0%</Peak><Peak n="18" hkl="2 1 2" d="0.9730">23.0%</Peak><Peak n="19" hkl="2 0 4" d="0.9494">7.0%</Peak><Peak n="20" hkl="3 0 0" d="0.9251">12.0%</Peak><Peak n="21" hkl="2 1 3" d="0.8978">33.0%</Peak><Peak n="22" hkl="3 0 2" d="0.8717">20.0%</Peak><Peak n="23" hkl="0 0 6" d="0.8679">4.0%</Peak><Peak n="24" hkl="2 0 5" d="0.8330">13.0%</Peak><Peak n="25" hkl="1 0 6" d="0.8284">4.0%</Peak><Peak n="26" hkl="2 1 4" d="0.8168">9.0%</Peak><Peak n="27" hkl="3 0 3" d="0.8168">9.0%</Peak><Peak n="28" hkl="2 2 0" d="0.8012">8.0%</Peak></d-I-List></PDF></MDI>
