<?xml version="1.0"?>
<MDI version="1.0" CRC="1493202189" xmlns:dt="urn:schemas-microsoft-com:datatypes"><Document_Format>Materials Data Inc.</Document_Format><Document_Contents>XRD Powder Diffraction Data</Document_Contents><Document_Creator>MDI Jade 7</Document_Creator><Document_Originator>lenovo</Document_Originator><Document_Origination>Materials Data, Inc.</Document_Origination><Document_Date_Created>2021/6/7 18:59:09</Document_Date_Created><Document_Note>...</Document_Note><PDF Card="00-041-1105" QM="Star(S)" d="Diffractometer" I="Diffractometer"><Date>2021/6/7 18:59:09</Date><Name>Yttria</Name><Formula>Y2O3</Formula><Wavelength Source="CuKa1">1.540598</Wavelength><Filter>Graph</Filter><Calibration>Internal(Si)</Calibration><AngleLimit>16.692-119.946</AngleLimit><Color>White</Color><Reference>Martin, K., McCarthy, G., North Dakota State University, Fargo, North Dakota, USA. ICDD Grant-in-Aid (1989)</Reference><Comment>2%. Validated by a calculated pattern. To replace 00-025-1200.</Comment><StrongLines>3.06/X 1.87/4 1.60/3 2.65/2 4.33/1 2.08/1 1.22/1 2.26/1</StrongLines><UnitCell System="Cubic"><Source>Single Crystal</Source><SpaceGroup>Ia-3 (206)</SpaceGroup><a>10.6041</a><b>10.6041</b><c>10.6041</c><Alpha>90.0</Alpha><Beta>90.0</Beta><Gamma>90.0</Gamma><Volume>1192.40</Volume><FormulaUnits>16</FormulaUnits><PearsonSymbol>cI80 (Mn2 O3)</PearsonSymbol><CalculatedDensity>5.031</CalculatedDensity><MeasuredDensity>5.07A</MeasuredDensity><MolecularWeight>225.81</MolecularWeight><MeltingPoint>2440</MeltingPoint><SmithSnyder-FOM>F(30)=163.1(.0059,31/0)</SmithSnyder-FOM><Reference>Ibid.</Reference></UnitCell><d-I-List N="61" d="Angstrom" RIR="9.1" id="Yttria, Y2O3"><Peak n="1" hkl="2 0 0" d="5.3070">0.0%</Peak><Peak n="2" hkl="2 1 1" d="4.3300">13.0%</Peak><Peak n="3" hkl="2 2 2" d="3.0610">100.0%</Peak><Peak n="4" hkl="3 2 1" d="2.8350">0.0%</Peak><Peak n="5" hkl="4 0 0" d="2.6510">24.0%</Peak><Peak n="6" hkl="4 1 1" d="2.4990">5.0%</Peak><Peak n="7" hkl="4 2 0" d="2.3715">1.0%</Peak><Peak n="8" hkl="3 3 2" d="2.2605">6.0%</Peak><Peak n="9" hkl="4 2 2" d="2.1645">1.0%</Peak><Peak n="10" hkl="4 3 1" d="2.0788">8.0%</Peak><Peak n="11" hkl="5 2 1" d="1.9357">2.0%</Peak><Peak n="12" hkl="4 4 0" d="1.8740">39.0%</Peak><Peak n="13" hkl="4 3 3" d="1.8183">2.0%</Peak><Peak n="14" hkl="6 0 0" d="1.7677">0.0%</Peak><Peak n="15" hkl="6 1 1" d="1.7200">5.0%</Peak><Peak n="16" hkl="6 2 0" d="1.6767">1.0%</Peak><Peak n="17" hkl="5 4 1" d="1.6361">4.0%</Peak><Peak n="18" hkl="6 2 2" d="1.5984">25.0%</Peak><Peak n="19" hkl="6 3 1" d="1.5633">5.0%</Peak><Peak n="20" hkl="4 4 4" d="1.5304">4.0%</Peak><Peak n="21" hkl="5 4 3" d="1.4995">2.0%</Peak><Peak n="22" hkl="6 4 0" d="1.4705">1.0%</Peak><Peak n="23" hkl="7 2 1" d="1.4430">3.0%</Peak><Peak n="24" hkl="6 4 2" d="1.4170">1.0%</Peak><Peak n="25" hkl="6 5 1" d="1.3467">2.0%</Peak><Peak n="26" hkl="8 0 0" d="1.3255">4.0%</Peak><Peak n="27" hkl="8 1 1" d="1.3052">3.0%</Peak><Peak n="28" hkl="8 2 0" d="1.2859">2.0%</Peak><Peak n="29" hkl="6 5 3" d="1.2674">2.0%</Peak><Peak n="30" hkl="6 6 0" d="1.2496">1.0%</Peak><Peak n="31" hkl="8 3 1" d="1.2327">3.0%</Peak><Peak n="32" hkl="6 6 2" d="1.2163">6.0%</Peak><Peak n="33" hkl="7 5 2" d="1.2007">0.0%</Peak><Peak n="34" hkl="8 4 0" d="1.1856">4.0%</Peak><Peak n="35" hkl="8 3 3" d="1.1711">1.0%</Peak><Peak n="36" hkl="8 4 2" d="1.1570">1.0%</Peak><Peak n="37" hkl="9 2 1" d="1.1435">2.0%</Peak><Peak n="38" hkl="6 6 4" d="1.1305">0.0%</Peak><Peak n="39" hkl="8 5 1" d="1.1178">2.0%</Peak><Peak n="40" hkl="9 3 2" d="1.0938">2.0%</Peak><Peak n="41" hkl="8 4 4" d="1.0823">4.0%</Peak><Peak n="42" hkl="9 4 1" d="1.0712">2.0%</Peak><Peak n="43" hkl="10 0 0" d="1.0604">1.0%</Peak><Peak n="44" hkl="10 1 1" d="1.0500">1.0%</Peak><Peak n="45" hkl="10 2 0" d="1.0399">3.0%</Peak><Peak n="46" hkl="9 4 3" d="1.0300">1.0%</Peak><Peak n="47" hkl="10 2 2" d="1.0204">3.0%</Peak><Peak n="48" hkl="10 3 1" d="1.0111">2.0%</Peak><Peak n="49" hkl="8 7 1" d="0.9932">2.0%</Peak><Peak n="50" hkl="10 4 0" d="0.9845">2.0%</Peak><Peak n="51" hkl="10 3 3" d="0.9762">1.0%</Peak><Peak n="52" hkl="10 4 2" d="0.9680">2.0%</Peak><Peak n="53" hkl="9 5 4" d="0.9601">1.0%</Peak><Peak n="54" hkl="11 2 1" d="0.9448">2.0%</Peak><Peak n="55" hkl="8 8 0" d="0.9374">1.0%</Peak><Peak n="56" hkl="10 4 4" d="0.9231">1.0%</Peak><Peak n="57" hkl="11 3 2" d="0.9160">1.0%</Peak><Peak n="58" hkl="10 6 0" d="0.9093">1.0%</Peak><Peak n="59" hkl="11 4 1" d="0.9027">1.0%</Peak><Peak n="60" hkl="10 6 2" d="0.8963">2.0%</Peak><Peak n="61" hkl="9 6 5" d="0.8897">0.0%</Peak></d-I-List></PDF></MDI>
