---,x,y
0,"10.000000","20.000000"
1,"10.020000","15.000000"
2,"10.040000","30.000000"
3,"10.060000","35.000000"
4,"10.080000","25.000000"
5,"10.100000","35.000000"
6,"10.120000","25.000000"
7,"10.140000","15.000000"
8,"10.160000","20.000000"
9,"10.180000","10.000000"
10,"10.200000","15.000000"
11,"10.220000","15.000000"
12,"10.240000","20.000000"
13,"10.260000","30.000000"
14,"10.280000","15.000000"
15,"10.300000","30.000000"
16,"10.320000","25.000000"
17,"10.340000","15.000000"
18,"10.360000","30.000000"
19,"10.380000","25.000000"
20,"10.400000","20.000000"
21,"10.420000","15.000000"
22,"10.440000","20.000000"
23,"10.460000","20.000000"
24,"10.480000","15.000000"
25,"10.500000","10.000000"
26,"10.520000","20.000000"
27,"10.540000","30.000000"
28,"10.560000","25.000000"
29,"10.580000","20.000000"
30,"10.600000","30.000000"
31,"10.620000","10.000000"
32,"10.640000","15.000000"
33,"10.660000","10.000000"
34,"10.680000","30.000000"
35,"10.700000","10.000000"
36,"10.720000","15.000000"
37,"10.740000","25.000000"
38,"10.760000","15.000000"
39,"10.780000","20.000000"
40,"10.800000","30.000000"
41,"10.820000","25.000000"
42,"10.840000","25.000000"
43,"10.860000","25.000000"
44,"10.880000","25.000000"
45,"10.900000","15.000000"
46,"10.920000","15.000000"
47,"10.940000","35.000000"
48,"10.960000","20.000000"
49,"10.980000","25.000000"
50,"11.000000","30.000000"
51,"11.020000","25.000000"
52,"11.040000","15.000000"
53,"11.060000","30.000000"
54,"11.080000","5.000000"
55,"11.100000","15.000000"
56,"11.120000","10.000000"
57,"11.140000","15.000000"
58,"11.160000","10.000000"
59,"11.180000","20.000000"
60,"11.200000","10.000000"
61,"11.220000","20.000000"
62,"11.240000","15.000000"
63,"11.260000","5.000000"
64,"11.280000","25.000000"
65,"11.300000","5.000000"
66,"11.320000","30.000000"
67,"11.340000","20.000000"
68,"11.360000","10.000000"
69,"11.380000","15.000000"
70,"11.400000","10.000000"
71,"11.420000","15.000000"
72,"11.440000","10.000000"
73,"11.460000","25.000000"
74,"11.480000","20.000000"
75,"11.500000","10.000000"
76,"11.520000","15.000000"
77,"11.540000","15.000000"
78,"11.560000","25.000000"
79,"11.580000","15.000000"
80,"11.600000","10.000000"
81,"11.620000","15.000000"
82,"11.640000","20.000000"
83,"11.660000","20.000000"
84,"11.680000","15.000000"
85,"11.700000","15.000000"
86,"11.720000","25.000000"
87,"11.740000","15.000000"
88,"11.760000","10.000000"
89,"11.780000","20.000000"
90,"11.800000","20.000000"
91,"11.820000","25.000000"
92,"11.840000","20.000000"
93,"11.860000","10.000000"
94,"11.880000","10.000000"
95,"11.900000","15.000000"
96,"11.920000","15.000000"
97,"11.940000","10.000000"
98,"11.960000","25.000000"
99,"11.980000","20.000000"
100,"12.000000","20.000000"
101,"12.020000","15.000000"
102,"12.040000","15.000000"
103,"12.060000","15.000000"
104,"12.080000","25.000000"
105,"12.100000","15.000000"
106,"12.120000","15.000000"
107,"12.140000","15.000000"
108,"12.160000","15.000000"
109,"12.180000","15.000000"
110,"12.200000","15.000000"
111,"12.220000","20.000000"
112,"12.240000","20.000000"
113,"12.260000","10.000000"
114,"12.280000","15.000000"
115,"12.300000","15.000000"
116,"12.320000","20.000000"
117,"12.340000","10.000000"
118,"12.360000","5.000000"
119,"12.380000","30.000000"
120,"12.400000","20.000000"
121,"12.420000","5.000000"
122,"12.440000","5.000000"
123,"12.460000","15.000000"
124,"12.480000","15.000000"
125,"12.500000","25.000000"
126,"12.520000","10.000000"
127,"12.540000","5.000000"
128,"12.560000","15.000000"
129,"12.580000","20.000000"
130,"12.600000","25.000000"
131,"12.620000","10.000000"
132,"12.640000","20.000000"
133,"12.660000","15.000000"
134,"12.680000","10.000000"
135,"12.700000","10.000000"
136,"12.720000","5.000000"
137,"12.740000","15.000000"
138,"12.760000","10.000000"
139,"12.780000","15.000000"
140,"12.800000","20.000000"
141,"12.820000","15.000000"
142,"12.840000","10.000000"
143,"12.860000","15.000000"
144,"12.880000","10.000000"
145,"12.900000","15.000000"
146,"12.920000","20.000000"
147,"12.940000","25.000000"
148,"12.960000","15.000000"
149,"12.980000","10.000000"
150,"13.000000","15.000000"
151,"13.020000","15.000000"
152,"13.040000","5.000000"
153,"13.060000","5.000000"
154,"13.080000","20.000000"
155,"13.100000","5.000000"
156,"13.120000","20.000000"
157,"13.140000","10.000000"
158,"13.160000","20.000000"
159,"13.180000","15.000000"
160,"13.200000","10.000000"
161,"13.220000","15.000000"
162,"13.240000","10.000000"
163,"13.260000","15.000000"
164,"13.280000","5.000000"
165,"13.300000","1.000000"
166,"13.320000","10.000000"
167,"13.340000","10.000000"
168,"13.360000","15.000000"
169,"13.380000","15.000000"
170,"13.400000","10.000000"
171,"13.420000","15.000000"
172,"13.440000","20.000000"
173,"13.460000","15.000000"
174,"13.480000","10.000000"
175,"13.500000","15.000000"
176,"13.520000","15.000000"
177,"13.540000","20.000000"
178,"13.560000","20.000000"
179,"13.580000","10.000000"
180,"13.600000","10.000000"
181,"13.620000","15.000000"
182,"13.640000","10.000000"
183,"13.660000","15.000000"
184,"13.680000","5.000000"
185,"13.700000","5.000000"
186,"13.720000","5.000000"
187,"13.740000","10.000000"
188,"13.760000","15.000000"
189,"13.780000","25.000000"
190,"13.800000","5.000000"
191,"13.820000","10.000000"
192,"13.840000","10.000000"
193,"13.860000","5.000000"
194,"13.880000","15.000000"
195,"13.900000","10.000000"
196,"13.920000","10.000000"
197,"13.940000","20.000000"
198,"13.960000","5.000000"
199,"13.980000","5.000000"
200,"14.000000","5.000000"
201,"14.020000","5.000000"
202,"14.040000","5.000000"
203,"14.060000","5.000000"
204,"14.080000","25.000000"
205,"14.100000","10.000000"
206,"14.120000","10.000000"
207,"14.140000","15.000000"
208,"14.160000","5.000000"
209,"14.180000","20.000000"
210,"14.200000","10.000000"
211,"14.220000","15.000000"
212,"14.240000","10.000000"
213,"14.260000","10.000000"
214,"14.280000","15.000000"
215,"14.300000","5.000000"
216,"14.320000","10.000000"
217,"14.340000","10.000000"
218,"14.360000","20.000000"
219,"14.380000","25.000000"
220,"14.400000","5.000000"
221,"14.420000","15.000000"
222,"14.440000","5.000000"
223,"14.460000","15.000000"
224,"14.480000","20.000000"
225,"14.500000","25.000000"
226,"14.520000","10.000000"
227,"14.540000","10.000000"
228,"14.560000","5.000000"
229,"14.580000","15.000000"
230,"14.600000","10.000000"
231,"14.620000","10.000000"
232,"14.640000","5.000000"
233,"14.660000","10.000000"
234,"14.680000","5.000000"
235,"14.700000","15.000000"
236,"14.720000","10.000000"
237,"14.740000","15.000000"
238,"14.760000","5.000000"
239,"14.780000","15.000000"
240,"14.800000","10.000000"
241,"14.820000","10.000000"
242,"14.840000","1.000000"
243,"14.860000","5.000000"
244,"14.880000","10.000000"
245,"14.900000","15.000000"
246,"14.920000","15.000000"
247,"14.940000","20.000000"
248,"14.960000","5.000000"
249,"14.980000","10.000000"
250,"15.000000","10.000000"
251,"15.020000","10.000000"
252,"15.040000","5.000000"
253,"15.060000","10.000000"
254,"15.080000","10.000000"
255,"15.100000","10.000000"
256,"15.120000","15.000000"
257,"15.140000","10.000000"
258,"15.160000","10.000000"
259,"15.180000","10.000000"
260,"15.200000","5.000000"
261,"15.220000","20.000000"
262,"15.240000","5.000000"
263,"15.260000","5.000000"
264,"15.280000","10.000000"
265,"15.300000","5.000000"
266,"15.320000","5.000000"
267,"15.340000","10.000000"
268,"15.360000","15.000000"
269,"15.380000","5.000000"
270,"15.400000","10.000000"
271,"15.420000","1.000000"
272,"15.440000","10.000000"
273,"15.460000","15.000000"
274,"15.480000","5.000000"
275,"15.500000","10.000000"
276,"15.520000","25.000000"
277,"15.540000","5.000000"
278,"15.560000","15.000000"
279,"15.580000","1.000000"
280,"15.600000","10.000000"
281,"15.620000","1.000000"
282,"15.640000","20.000000"
283,"15.660000","10.000000"
284,"15.680000","15.000000"
285,"15.700000","15.000000"
286,"15.720000","10.000000"
287,"15.740000","1.000000"
288,"15.760000","5.000000"
289,"15.780000","25.000000"
290,"15.800000","10.000000"
291,"15.820000","10.000000"
292,"15.840000","10.000000"
293,"15.860000","5.000000"
294,"15.880000","10.000000"
295,"15.900000","10.000000"
296,"15.920000","5.000000"
297,"15.940000","5.000000"
298,"15.960000","5.000000"
299,"15.980000","5.000000"
300,"16.000000","5.000000"
301,"16.020000","10.000000"
302,"16.040001","5.000000"
303,"16.059999","5.000000"
304,"16.080000","5.000000"
305,"16.100000","15.000000"
306,"16.120001","5.000000"
307,"16.139999","10.000000"
308,"16.160000","10.000000"
309,"16.180000","10.000000"
310,"16.200001","5.000000"
311,"16.219999","20.000000"
312,"16.240000","10.000000"
313,"16.260000","1.000000"
314,"16.280001","5.000000"
315,"16.299999","5.000000"
316,"16.320000","10.000000"
317,"16.340000","5.000000"
318,"16.360001","10.000000"
319,"16.379999","15.000000"
320,"16.400000","10.000000"
321,"16.420000","10.000000"
322,"16.440001","5.000000"
323,"16.459999","5.000000"
324,"16.480000","5.000000"
325,"16.500000","15.000000"
326,"16.520000","15.000000"
327,"16.540001","10.000000"
328,"16.559999","10.000000"
329,"16.580000","5.000000"
330,"16.600000","10.000000"
331,"16.620001","1.000000"
332,"16.639999","10.000000"
333,"16.660000","5.000000"
334,"16.680000","5.000000"
335,"16.700001","20.000000"
336,"16.719999","10.000000"
337,"16.740000","10.000000"
338,"16.760000","1.000000"
339,"16.780001","10.000000"
340,"16.799999","20.000000"
341,"16.820000","1.000000"
342,"16.840000","1.000000"
343,"16.860001","10.000000"
344,"16.879999","20.000000"
345,"16.900000","5.000000"
346,"16.920000","5.000000"
347,"16.940001","10.000000"
348,"16.959999","10.000000"
349,"16.980000","5.000000"
350,"17.000000","20.000000"
351,"17.020000","20.000000"
352,"17.040001","5.000000"
353,"17.059999","10.000000"
354,"17.080000","5.000000"
355,"17.100000","10.000000"
356,"17.120001","20.000000"
357,"17.139999","5.000000"
358,"17.160000","10.000000"
359,"17.180000","1.000000"
360,"17.200001","5.000000"
361,"17.219999","5.000000"
362,"17.240000","5.000000"
363,"17.260000","15.000000"
364,"17.280001","5.000000"
365,"17.299999","10.000000"
366,"17.320000","10.000000"
367,"17.340000","10.000000"
368,"17.360001","5.000000"
369,"17.379999","15.000000"
370,"17.400000","5.000000"
371,"17.420000","10.000000"
372,"17.440001","10.000000"
373,"17.459999","5.000000"
374,"17.480000","10.000000"
375,"17.500000","5.000000"
376,"17.520000","5.000000"
377,"17.540001","1.000000"
378,"17.559999","5.000000"
379,"17.580000","1.000000"
380,"17.600000","15.000000"
381,"17.620001","1.000000"
382,"17.639999","5.000000"
383,"17.660000","5.000000"
384,"17.680000","10.000000"
385,"17.700001","5.000000"
386,"17.719999","5.000000"
387,"17.740000","15.000000"
388,"17.760000","10.000000"
389,"17.780001","15.000000"
390,"17.799999","20.000000"
391,"17.820000","5.000000"
392,"17.840000","1.000000"
393,"17.860001","20.000000"
394,"17.879999","10.000000"
395,"17.900000","15.000000"
396,"17.920000","5.000000"
397,"17.940001","5.000000"
398,"17.959999","5.000000"
399,"17.980000","5.000000"
400,"18.000000","5.000000"
401,"18.020000","15.000000"
402,"18.040001","5.000000"
403,"18.059999","15.000000"
404,"18.080000","15.000000"
405,"18.100000","15.000000"
406,"18.120001","10.000000"
407,"18.139999","10.000000"
408,"18.160000","5.000000"
409,"18.180000","5.000000"
410,"18.200001","10.000000"
411,"18.219999","10.000000"
412,"18.240000","10.000000"
413,"18.260000","10.000000"
414,"18.280001","10.000000"
415,"18.299999","5.000000"
416,"18.320000","5.000000"
417,"18.340000","10.000000"
418,"18.360001","10.000000"
419,"18.379999","5.000000"
420,"18.400000","20.000000"
421,"18.420000","5.000000"
422,"18.440001","15.000000"
423,"18.459999","10.000000"
424,"18.480000","10.000000"
425,"18.500000","10.000000"
426,"18.520000","10.000000"
427,"18.540001","5.000000"
428,"18.559999","10.000000"
429,"18.580000","1.000000"
430,"18.600000","15.000000"
431,"18.620001","5.000000"
432,"18.639999","15.000000"
433,"18.660000","1.000000"
434,"18.680000","10.000000"
435,"18.700001","15.000000"
436,"18.719999","15.000000"
437,"18.740000","25.000000"
438,"18.760000","15.000000"
439,"18.780001","10.000000"
440,"18.799999","15.000000"
441,"18.820000","10.000000"
442,"18.840000","15.000000"
443,"18.860001","10.000000"
444,"18.879999","5.000000"
445,"18.900000","20.000000"
446,"18.920000","5.000000"
447,"18.940001","5.000000"
448,"18.959999","5.000000"
449,"18.980000","10.000000"
450,"19.000000","10.000000"
451,"19.020000","5.000000"
452,"19.040001","15.000000"
453,"19.059999","5.000000"
454,"19.080000","10.000000"
455,"19.100000","5.000000"
456,"19.120001","10.000000"
457,"19.139999","10.000000"
458,"19.160000","10.000000"
459,"19.180000","10.000000"
460,"19.200001","5.000000"
461,"19.219999","5.000000"
462,"19.240000","1.000000"
463,"19.260000","15.000000"
464,"19.280001","5.000000"
465,"19.299999","10.000000"
466,"19.320000","1.000000"
467,"19.340000","5.000000"
468,"19.360001","15.000000"
469,"19.379999","10.000000"
470,"19.400000","15.000000"
471,"19.420000","5.000000"
472,"19.440001","5.000000"
473,"19.459999","5.000000"
474,"19.480000","1.000000"
475,"19.500000","10.000000"
476,"19.520000","1.000000"
477,"19.540001","5.000000"
478,"19.559999","1.000000"
479,"19.580000","1.000000"
480,"19.600000","5.000000"
481,"19.620001","15.000000"
482,"19.639999","1.000000"
483,"19.660000","10.000000"
484,"19.680000","1.000000"
485,"19.700001","5.000000"
486,"19.719999","5.000000"
487,"19.740000","15.000000"
488,"19.760000","10.000000"
489,"19.780001","5.000000"
490,"19.799999","5.000000"
491,"19.820000","10.000000"
492,"19.840000","10.000000"
493,"19.860001","1.000000"
494,"19.879999","5.000000"
495,"19.900000","15.000000"
496,"19.920000","5.000000"
497,"19.940001","10.000000"
498,"19.959999","5.000000"
499,"19.980000","5.000000"
500,"20.000000","5.000000"
501,"20.020000","10.000000"
502,"20.040001","1.000000"
503,"20.059999","10.000000"
504,"20.080000","1.000000"
505,"20.100000","1.000000"
506,"20.120001","10.000000"
507,"20.139999","15.000000"
508,"20.160000","5.000000"
509,"20.180000","10.000000"
510,"20.200001","10.000000"
511,"20.219999","5.000000"
512,"20.240000","5.000000"
513,"20.260000","1.000000"
514,"20.280001","15.000000"
515,"20.299999","1.000000"
516,"20.320000","5.000000"
517,"20.340000","5.000000"
518,"20.360001","10.000000"
519,"20.379999","5.000000"
520,"20.400000","10.000000"
521,"20.420000","10.000000"
522,"20.440001","10.000000"
523,"20.459999","5.000000"
524,"20.480000","10.000000"
525,"20.500000","5.000000"
526,"20.520000","5.000000"
527,"20.540001","5.000000"
528,"20.559999","10.000000"
529,"20.580000","5.000000"
530,"20.600000","10.000000"
531,"20.620001","1.000000"
532,"20.639999","5.000000"
533,"20.660000","1.000000"
534,"20.680000","5.000000"
535,"20.700001","5.000000"
536,"20.719999","10.000000"
537,"20.740000","5.000000"
538,"20.760000","10.000000"
539,"20.780001","10.000000"
540,"20.799999","10.000000"
541,"20.820000","5.000000"
542,"20.840000","10.000000"
543,"20.860001","1.000000"
544,"20.879999","10.000000"
545,"20.900000","10.000000"
546,"20.920000","5.000000"
547,"20.940001","10.000000"
548,"20.959999","10.000000"
549,"20.980000","5.000000"
550,"21.000000","5.000000"
551,"21.020000","1.000000"
552,"21.040001","1.000000"
553,"21.059999","10.000000"
554,"21.080000","5.000000"
555,"21.100000","5.000000"
556,"21.120001","10.000000"
557,"21.139999","5.000000"
558,"21.160000","5.000000"
559,"21.180000","1.000000"
560,"21.200001","10.000000"
561,"21.219999","10.000000"
562,"21.240000","5.000000"
563,"21.260000","1.000000"
564,"21.280001","5.000000"
565,"21.299999","10.000000"
566,"21.320000","10.000000"
567,"21.340000","5.000000"
568,"21.360001","5.000000"
569,"21.379999","5.000000"
570,"21.400000","10.000000"
571,"21.420000","10.000000"
572,"21.440001","1.000000"
573,"21.459999","15.000000"
574,"21.480000","15.000000"
575,"21.500000","1.000000"
576,"21.520000","5.000000"
577,"21.540001","20.000000"
578,"21.559999","10.000000"
579,"21.580000","5.000000"
580,"21.600000","5.000000"
581,"21.620001","10.000000"
582,"21.639999","10.000000"
583,"21.660000","10.000000"
584,"21.680000","15.000000"
585,"21.700001","1.000000"
586,"21.719999","5.000000"
587,"21.740000","5.000000"
588,"21.760000","10.000000"
589,"21.780001","5.000000"
590,"21.799999","5.000000"
591,"21.820000","15.000000"
592,"21.840000","5.000000"
593,"21.860001","10.000000"
594,"21.879999","1.000000"
595,"21.900000","5.000000"
596,"21.920000","5.000000"
597,"21.940001","5.000000"
598,"21.959999","20.000000"
599,"21.980000","10.000000"
600,"22.000000","15.000000"
601,"22.020000","10.000000"
602,"22.040001","10.000000"
603,"22.059999","5.000000"
604,"22.080000","1.000000"
605,"22.100000","10.000000"
606,"22.120001","5.000000"
607,"22.139999","5.000000"
608,"22.160000","1.000000"
609,"22.180000","5.000000"
610,"22.200001","10.000000"
611,"22.219999","10.000000"
612,"22.240000","5.000000"
613,"22.260000","1.000000"
614,"22.280001","1.000000"
615,"22.299999","15.000000"
616,"22.320000","5.000000"
617,"22.340000","1.000000"
618,"22.360001","5.000000"
619,"22.379999","1.000000"
620,"22.400000","5.000000"
621,"22.420000","5.000000"
622,"22.440001","5.000000"
623,"22.459999","10.000000"
624,"22.480000","10.000000"
625,"22.500000","5.000000"
626,"22.520000","1.000000"
627,"22.540001","10.000000"
628,"22.559999","1.000000"
629,"22.580000","5.000000"
630,"22.600000","5.000000"
631,"22.620001","5.000000"
632,"22.639999","5.000000"
633,"22.660000","5.000000"
634,"22.680000","10.000000"
635,"22.700001","1.000000"
636,"22.719999","10.000000"
637,"22.740000","5.000000"
638,"22.760000","10.000000"
639,"22.780001","1.000000"
640,"22.799999","5.000000"
641,"22.820000","5.000000"
642,"22.840000","5.000000"
643,"22.860001","1.000000"
644,"22.879999","5.000000"
645,"22.900000","1.000000"
646,"22.920000","20.000000"
647,"22.940001","10.000000"
648,"22.959999","10.000000"
649,"22.980000","5.000000"
650,"23.000000","5.000000"
651,"23.020000","5.000000"
652,"23.040001","10.000000"
653,"23.059999","1.000000"
654,"23.080000","5.000000"
655,"23.100000","5.000000"
656,"23.120001","1.000000"
657,"23.139999","20.000000"
658,"23.160000","1.000000"
659,"23.180000","5.000000"
660,"23.200001","10.000000"
661,"23.219999","15.000000"
662,"23.240000","1.000000"
663,"23.260000","5.000000"
664,"23.280001","5.000000"
665,"23.299999","5.000000"
666,"23.320000","10.000000"
667,"23.340000","5.000000"
668,"23.360001","5.000000"
669,"23.379999","10.000000"
670,"23.400000","1.000000"
671,"23.420000","5.000000"
672,"23.440001","1.000000"
673,"23.459999","5.000000"
674,"23.480000","10.000000"
675,"23.500000","5.000000"
676,"23.520000","1.000000"
677,"23.540001","5.000000"
678,"23.559999","5.000000"
679,"23.580000","1.000000"
680,"23.600000","10.000000"
681,"23.620001","15.000000"
682,"23.639999","5.000000"
683,"23.660000","5.000000"
684,"23.680000","5.000000"
685,"23.700001","10.000000"
686,"23.719999","1.000000"
687,"23.740000","1.000000"
688,"23.760000","10.000000"
689,"23.780001","10.000000"
690,"23.799999","1.000000"
691,"23.820000","1.000000"
692,"23.840000","5.000000"
693,"23.860001","1.000000"
694,"23.879999","10.000000"
695,"23.900000","10.000000"
696,"23.920000","5.000000"
697,"23.940001","5.000000"
698,"23.959999","10.000000"
699,"23.980000","10.000000"
700,"24.000000","5.000000"
701,"24.020000","10.000000"
702,"24.040001","1.000000"
703,"24.059999","5.000000"
704,"24.080000","10.000000"
705,"24.100000","5.000000"
706,"24.120001","5.000000"
707,"24.139999","5.000000"
708,"24.160000","15.000000"
709,"24.180000","10.000000"
710,"24.200001","5.000000"
711,"24.219999","10.000000"
712,"24.240000","10.000000"
713,"24.260000","5.000000"
714,"24.280001","5.000000"
715,"24.299999","5.000000"
716,"24.320000","15.000000"
717,"24.340000","5.000000"
718,"24.360001","5.000000"
719,"24.379999","5.000000"
720,"24.400000","10.000000"
721,"24.420000","5.000000"
722,"24.440001","5.000000"
723,"24.459999","10.000000"
724,"24.480000","5.000000"
725,"24.500000","10.000000"
726,"24.520000","5.000000"
727,"24.540001","15.000000"
728,"24.559999","5.000000"
729,"24.580000","5.000000"
730,"24.600000","5.000000"
731,"24.620001","5.000000"
732,"24.639999","5.000000"
733,"24.660000","5.000000"
734,"24.680000","15.000000"
735,"24.700001","1.000000"
736,"24.719999","10.000000"
737,"24.740000","5.000000"
738,"24.760000","5.000000"
739,"24.780001","5.000000"
740,"24.799999","20.000000"
741,"24.820000","10.000000"
742,"24.840000","1.000000"
743,"24.860001","10.000000"
744,"24.879999","10.000000"
745,"24.900000","5.000000"
746,"24.920000","5.000000"
747,"24.940001","10.000000"
748,"24.959999","5.000000"
749,"24.980000","10.000000"
750,"25.000000","5.000000"
751,"25.020000","10.000000"
752,"25.040001","10.000000"
753,"25.059999","1.000000"
754,"25.080000","5.000000"
755,"25.100000","5.000000"
756,"25.120001","1.000000"
757,"25.139999","15.000000"
758,"25.160000","10.000000"
759,"25.180000","5.000000"
760,"25.200001","10.000000"
761,"25.219999","1.000000"
762,"25.240000","5.000000"
763,"25.260000","5.000000"
764,"25.280001","1.000000"
765,"25.299999","10.000000"
766,"25.320000","5.000000"
767,"25.340000","15.000000"
768,"25.360001","5.000000"
769,"25.379999","1.000000"
770,"25.400000","5.000000"
771,"25.420000","5.000000"
772,"25.440001","5.000000"
773,"25.459999","5.000000"
774,"25.480000","5.000000"
775,"25.500000","5.000000"
776,"25.520000","5.000000"
777,"25.540001","5.000000"
778,"25.559999","10.000000"
779,"25.580000","10.000000"
780,"25.600000","10.000000"
781,"25.620001","10.000000"
782,"25.639999","5.000000"
783,"25.660000","5.000000"
784,"25.680000","5.000000"
785,"25.700001","1.000000"
786,"25.719999","5.000000"
787,"25.740000","1.000000"
788,"25.760000","20.000000"
789,"25.780001","1.000000"
790,"25.799999","5.000000"
791,"25.820000","1.000000"
792,"25.840000","10.000000"
793,"25.860001","10.000000"
794,"25.879999","5.000000"
795,"25.900000","5.000000"
796,"25.920000","1.000000"
797,"25.940001","1.000000"
798,"25.959999","5.000000"
799,"25.980000","5.000000"
800,"26.000000","5.000000"
801,"26.020000","10.000000"
802,"26.040001","5.000000"
803,"26.059999","15.000000"
804,"26.080000","10.000000"
805,"26.100000","5.000000"
806,"26.120001","5.000000"
807,"26.139999","5.000000"
808,"26.160000","5.000000"
809,"26.180000","5.000000"
810,"26.200001","10.000000"
811,"26.219999","5.000000"
812,"26.240000","5.000000"
813,"26.260000","5.000000"
814,"26.280001","1.000000"
815,"26.299999","10.000000"
816,"26.320000","5.000000"
817,"26.340000","5.000000"
818,"26.360001","5.000000"
819,"26.379999","10.000000"
820,"26.400000","5.000000"
821,"26.420000","5.000000"
822,"26.440001","5.000000"
823,"26.459999","5.000000"
824,"26.480000","10.000000"
825,"26.500000","5.000000"
826,"26.520000","10.000000"
827,"26.540001","10.000000"
828,"26.559999","1.000000"
829,"26.580000","5.000000"
830,"26.600000","1.000000"
831,"26.620001","1.000000"
832,"26.639999","15.000000"
833,"26.660000","10.000000"
834,"26.680000","5.000000"
835,"26.700001","15.000000"
836,"26.719999","5.000000"
837,"26.740000","5.000000"
838,"26.760000","5.000000"
839,"26.780001","5.000000"
840,"26.799999","1.000000"
841,"26.820000","5.000000"
842,"26.840000","1.000000"
843,"26.860001","1.000000"
844,"26.879999","10.000000"
845,"26.900000","5.000000"
846,"26.920000","10.000000"
847,"26.940001","5.000000"
848,"26.959999","5.000000"
849,"26.980000","5.000000"
850,"27.000000","5.000000"
851,"27.020000","1.000000"
852,"27.040001","10.000000"
853,"27.059999","1.000000"
854,"27.080000","5.000000"
855,"27.100000","5.000000"
856,"27.120001","10.000000"
857,"27.139999","5.000000"
858,"27.160000","10.000000"
859,"27.180000","1.000000"
860,"27.200001","5.000000"
861,"27.219999","5.000000"
862,"27.240000","1.000000"
863,"27.260000","10.000000"
864,"27.280001","5.000000"
865,"27.299999","10.000000"
866,"27.320000","5.000000"
867,"27.340000","5.000000"
868,"27.360001","5.000000"
869,"27.379999","5.000000"
870,"27.400000","10.000000"
871,"27.420000","1.000000"
872,"27.440001","5.000000"
873,"27.459999","5.000000"
874,"27.480000","10.000000"
875,"27.500000","1.000000"
876,"27.520000","10.000000"
877,"27.540001","10.000000"
878,"27.559999","10.000000"
879,"27.580000","15.000000"
880,"27.600000","5.000000"
881,"27.620001","5.000000"
882,"27.639999","5.000000"
883,"27.660000","10.000000"
884,"27.680000","5.000000"
885,"27.700001","5.000000"
886,"27.719999","5.000000"
887,"27.740000","5.000000"
888,"27.760000","10.000000"
889,"27.780001","5.000000"
890,"27.799999","5.000000"
891,"27.820000","5.000000"
892,"27.840000","5.000000"
893,"27.860001","5.000000"
894,"27.879999","5.000000"
895,"27.900000","1.000000"
896,"27.920000","1.000000"
897,"27.940001","5.000000"
898,"27.959999","5.000000"
899,"27.980000","15.000000"
900,"28.000000","5.000000"
901,"28.020000","5.000000"
902,"28.040001","5.000000"
903,"28.059999","10.000000"
904,"28.080000","5.000000"
905,"28.100000","10.000000"
906,"28.120001","1.000000"
907,"28.139999","15.000000"
908,"28.160000","5.000000"
909,"28.180000","5.000000"
910,"28.200001","5.000000"
911,"28.219999","5.000000"
912,"28.240000","10.000000"
913,"28.260000","5.000000"
914,"28.280001","5.000000"
915,"28.299999","10.000000"
916,"28.320000","1.000000"
917,"28.340000","15.000000"
918,"28.360001","5.000000"
919,"28.379999","10.000000"
920,"28.400000","5.000000"
921,"28.420000","5.000000"
922,"28.440001","5.000000"
923,"28.459999","5.000000"
924,"28.480000","10.000000"
925,"28.500000","5.000000"
926,"28.520000","10.000000"
927,"28.540001","5.000000"
928,"28.559999","10.000000"
929,"28.580000","5.000000"
930,"28.600000","5.000000"
931,"28.620001","10.000000"
932,"28.639999","5.000000"
933,"28.660000","10.000000"
934,"28.680000","1.000000"
935,"28.700001","10.000000"
936,"28.719999","15.000000"
937,"28.740000","10.000000"
938,"28.760000","10.000000"
939,"28.780001","1.000000"
940,"28.799999","1.000000"
941,"28.820000","1.000000"
942,"28.840000","5.000000"
943,"28.860001","5.000000"
944,"28.879999","10.000000"
945,"28.900000","15.000000"
946,"28.920000","5.000000"
947,"28.940001","10.000000"
948,"28.959999","5.000000"
949,"28.980000","5.000000"
950,"29.000000","15.000000"
951,"29.020000","20.000000"
952,"29.040001","10.000000"
953,"29.059999","10.000000"
954,"29.080000","10.000000"
955,"29.100000","30.000000"
956,"29.120001","40.000000"
957,"29.139999","10.000000"
958,"29.160000","10.000000"
959,"29.180000","5.000000"
960,"29.200001","5.000000"
961,"29.219999","10.000000"
962,"29.240000","5.000000"
963,"29.260000","5.000000"
964,"29.280001","5.000000"
965,"29.299999","15.000000"
966,"29.320000","10.000000"
967,"29.340000","10.000000"
968,"29.360001","15.000000"
969,"29.379999","1.000000"
970,"29.400000","5.000000"
971,"29.420000","10.000000"
972,"29.440001","10.000000"
973,"29.459999","5.000000"
974,"29.480000","5.000000"
975,"29.500000","5.000000"
976,"29.520000","15.000000"
977,"29.540001","20.000000"
978,"29.559999","5.000000"
979,"29.580000","5.000000"
980,"29.600000","20.000000"
981,"29.620001","20.000000"
982,"29.639999","5.000000"
983,"29.660000","20.000000"
984,"29.680000","1.000000"
985,"29.700001","15.000000"
986,"29.719999","10.000000"
987,"29.740000","15.000000"
988,"29.760000","10.000000"
989,"29.780001","5.000000"
990,"29.799999","10.000000"
991,"29.820000","5.000000"
992,"29.840000","10.000000"
993,"29.860001","10.000000"
994,"29.879999","10.000000"
995,"29.900000","15.000000"
996,"29.920000","5.000000"
997,"29.940001","10.000000"
998,"29.959999","1.000000"
999,"29.980000","5.000000"
1000,"30.000000","5.000000"
1001,"30.020000","1.000000"
1002,"30.040001","20.000000"
1003,"30.059999","1.000000"
1004,"30.080000","10.000000"
1005,"30.100000","10.000000"
1006,"30.120001","10.000000"
1007,"30.139999","20.000000"
1008,"30.160000","5.000000"
1009,"30.180000","5.000000"
1010,"30.200001","10.000000"
1011,"30.219999","10.000000"
1012,"30.240000","10.000000"
1013,"30.260000","10.000000"
1014,"30.280001","15.000000"
1015,"30.299999","5.000000"
1016,"30.320000","5.000000"
1017,"30.340000","5.000000"
1018,"30.360001","10.000000"
1019,"30.379999","20.000000"
1020,"30.400000","15.000000"
1021,"30.420000","5.000000"
1022,"30.440001","15.000000"
1023,"30.459999","15.000000"
1024,"30.480000","5.000000"
1025,"30.500000","25.000000"
1026,"30.520000","5.000000"
1027,"30.540001","5.000000"
1028,"30.559999","5.000000"
1029,"30.580000","5.000000"
1030,"30.600000","10.000000"
1031,"30.620001","20.000000"
1032,"30.639999","5.000000"
1033,"30.660000","15.000000"
1034,"30.680000","5.000000"
1035,"30.700001","10.000000"
1036,"30.719999","5.000000"
1037,"30.740000","5.000000"
1038,"30.760000","5.000000"
1039,"30.780001","10.000000"
1040,"30.799999","10.000000"
1041,"30.820000","5.000000"
1042,"30.840000","10.000000"
1043,"30.860001","5.000000"
1044,"30.879999","10.000000"
1045,"30.900000","15.000000"
1046,"30.920000","15.000000"
1047,"30.940001","10.000000"
1048,"30.959999","10.000000"
1049,"30.980000","20.000000"
1050,"31.000000","5.000000"
1051,"31.020000","20.000000"
1052,"31.040001","10.000000"
1053,"31.059999","10.000000"
1054,"31.080000","10.000000"
1055,"31.100000","20.000000"
1056,"31.120001","10.000000"
1057,"31.139999","10.000000"
1058,"31.160000","5.000000"
1059,"31.180000","15.000000"
1060,"31.200001","15.000000"
1061,"31.219999","10.000000"
1062,"31.240000","15.000000"
1063,"31.260000","25.000000"
1064,"31.280001","20.000000"
1065,"31.299999","10.000000"
1066,"31.320000","5.000000"
1067,"31.340000","10.000000"
1068,"31.360001","10.000000"
1069,"31.379999","10.000000"
1070,"31.400000","20.000000"
1071,"31.420000","1.000000"
1072,"31.440001","25.000000"
1073,"31.459999","15.000000"
1074,"31.480000","20.000000"
1075,"31.500000","30.000000"
1076,"31.520000","20.000000"
1077,"31.540001","15.000000"
1078,"31.559999","25.000000"
1079,"31.580000","30.000000"
1080,"31.600000","15.000000"
1081,"31.620001","30.000000"
1082,"31.639999","30.000000"
1083,"31.660000","10.000000"
1084,"31.680000","30.000000"
1085,"31.700001","20.000000"
1086,"31.719999","35.000000"
1087,"31.740000","20.000000"
1088,"31.760000","20.000000"
1089,"31.780001","40.000000"
1090,"31.799999","30.000000"
1091,"31.820000","35.000000"
1092,"31.840000","60.000000"
1093,"31.860001","30.000000"
1094,"31.879999","30.000000"
1095,"31.900000","35.000000"
1096,"31.920000","50.000000"
1097,"31.940001","50.000000"
1098,"31.959999","45.000000"
1099,"31.980000","45.000000"
1100,"32.000000","35.000000"
1101,"32.020000","35.000000"
1102,"32.040001","55.000000"
1103,"32.060001","35.000000"
1104,"32.080002","60.000000"
1105,"32.099998","45.000000"
1106,"32.119999","40.000000"
1107,"32.139999","45.000000"
1108,"32.160000","35.000000"
1109,"32.180000","40.000000"
1110,"32.200001","45.000000"
1111,"32.220001","60.000000"
1112,"32.240002","25.000000"
1113,"32.259998","50.000000"
1114,"32.279999","45.000000"
1115,"32.299999","70.000000"
1116,"32.320000","35.000000"
1117,"32.340000","45.000000"
1118,"32.360001","30.000000"
1119,"32.380001","30.000000"
1120,"32.400002","45.000000"
1121,"32.419998","45.000000"
1122,"32.439999","45.000000"
1123,"32.459999","30.000000"
1124,"32.480000","30.000000"
1125,"32.500000","35.000000"
1126,"32.520000","35.000000"
1127,"32.540001","30.000000"
1128,"32.560001","40.000000"
1129,"32.580002","35.000000"
1130,"32.599998","25.000000"
1131,"32.619999","25.000000"
1132,"32.639999","25.000000"
1133,"32.660000","20.000000"
1134,"32.680000","35.000000"
1135,"32.700001","15.000000"
1136,"32.720001","35.000000"
1137,"32.740002","15.000000"
1138,"32.759998","20.000000"
1139,"32.779999","30.000000"
1140,"32.799999","15.000000"
1141,"32.820000","25.000000"
1142,"32.840000","30.000000"
1143,"32.860001","25.000000"
1144,"32.880001","20.000000"
1145,"32.900002","20.000000"
1146,"32.919998","30.000000"
1147,"32.939999","20.000000"
1148,"32.959999","25.000000"
1149,"32.980000","25.000000"
1150,"33.000000","20.000000"
1151,"33.020000","25.000000"
1152,"33.040001","15.000000"
1153,"33.060001","25.000000"
1154,"33.080002","15.000000"
1155,"33.099998","20.000000"
1156,"33.119999","25.000000"
1157,"33.139999","15.000000"
1158,"33.160000","25.000000"
1159,"33.180000","20.000000"
1160,"33.200001","15.000000"
1161,"33.220001","20.000000"
1162,"33.240002","20.000000"
1163,"33.259998","15.000000"
1164,"33.279999","30.000000"
1165,"33.299999","15.000000"
1166,"33.320000","25.000000"
1167,"33.340000","30.000000"
1168,"33.360001","35.000000"
1169,"33.380001","30.000000"
1170,"33.400002","40.000000"
1171,"33.419998","20.000000"
1172,"33.439999","45.000000"
1173,"33.459999","15.000000"
1174,"33.480000","20.000000"
1175,"33.500000","20.000000"
1176,"33.520000","25.000000"
1177,"33.540001","40.000000"
1178,"33.560001","30.000000"
1179,"33.580002","35.000000"
1180,"33.599998","20.000000"
1181,"33.619999","20.000000"
1182,"33.639999","25.000000"
1183,"33.660000","20.000000"
1184,"33.680000","40.000000"
1185,"33.700001","40.000000"
1186,"33.720001","35.000000"
1187,"33.740002","45.000000"
1188,"33.759998","40.000000"
1189,"33.779999","30.000000"
1190,"33.799999","30.000000"
1191,"33.820000","35.000000"
1192,"33.840000","25.000000"
1193,"33.860001","30.000000"
1194,"33.880001","35.000000"
1195,"33.900002","25.000000"
1196,"33.919998","35.000000"
1197,"33.939999","30.000000"
1198,"33.959999","30.000000"
1199,"33.980000","50.000000"
1200,"34.000000","35.000000"
1201,"34.020000","50.000000"
1202,"34.040001","30.000000"
1203,"34.060001","40.000000"
1204,"34.080002","45.000000"
1205,"34.099998","70.000000"
1206,"34.119999","70.000000"
1207,"34.139999","45.000000"
1208,"34.160000","85.000000"
1209,"34.180000","70.000000"
1210,"34.200001","75.000000"
1211,"34.220001","90.000000"
1212,"34.240002","60.000000"
1213,"34.259998","110.000000"
1214,"34.279999","140.000000"
1215,"34.299999","95.000000"
1216,"34.320000","125.000000"
1217,"34.340000","175.000000"
1218,"34.360001","160.000000"
1219,"34.380001","155.000000"
1220,"34.400002","220.000000"
1221,"34.419998","215.000000"
1222,"34.439999","235.000000"
1223,"34.459999","235.000000"
1224,"34.480000","235.000000"
1225,"34.500000","265.000000"
1226,"34.520000","295.000000"
1227,"34.540001","345.000000"
1228,"34.560001","355.000000"
1229,"34.580002","340.000000"
1230,"34.599998","350.000000"
1231,"34.619999","395.000000"
1232,"34.639999","415.000000"
1233,"34.660000","410.000000"
1234,"34.680000","400.000000"
1235,"34.700001","460.000000"
1236,"34.720001","440.000000"
1237,"34.740002","360.000000"
1238,"34.759998","430.000000"
1239,"34.779999","430.000000"
1240,"34.799999","480.000000"
1241,"34.820000","485.000000"
1242,"34.840000","455.000000"
1243,"34.860001","425.000000"
1244,"34.880001","565.000000"
1245,"34.900002","520.000000"
1246,"34.919998","535.000000"
1247,"34.939999","500.000000"
1248,"34.959999","450.000000"
1249,"34.980000","470.000000"
1250,"35.000000","570.000000"
1251,"35.020000","495.000000"
1252,"35.040001","495.000000"
1253,"35.060001","525.000000"
1254,"35.080002","540.000000"
1255,"35.099998","530.000000"
1256,"35.119999","495.000000"
1257,"35.139999","495.000000"
1258,"35.160000","475.000000"
1259,"35.180000","440.000000"
1260,"35.200001","485.000000"
1261,"35.220001","510.000000"
1262,"35.240002","385.000000"
1263,"35.259998","430.000000"
1264,"35.279999","335.000000"
1265,"35.299999","315.000000"
1266,"35.320000","285.000000"
1267,"35.340000","300.000000"
1268,"35.360001","280.000000"
1269,"35.380001","250.000000"
1270,"35.400002","230.000000"
1271,"35.419998","185.000000"
1272,"35.439999","180.000000"
1273,"35.459999","130.000000"
1274,"35.480000","190.000000"
1275,"35.500000","210.000000"
1276,"35.520000","155.000000"
1277,"35.540001","115.000000"
1278,"35.560001","100.000000"
1279,"35.580002","95.000000"
1280,"35.599998","105.000000"
1281,"35.619999","80.000000"
1282,"35.639999","80.000000"
1283,"35.660000","70.000000"
1284,"35.680000","55.000000"
1285,"35.700001","55.000000"
1286,"35.720001","55.000000"
1287,"35.740002","70.000000"
1288,"35.759998","80.000000"
1289,"35.779999","70.000000"
1290,"35.799999","55.000000"
1291,"35.820000","85.000000"
1292,"35.840000","65.000000"
1293,"35.860001","60.000000"
1294,"35.880001","50.000000"
1295,"35.900002","75.000000"
1296,"35.919998","60.000000"
1297,"35.939999","70.000000"
1298,"35.959999","60.000000"
1299,"35.980000","95.000000"
1300,"36.000000","80.000000"
1301,"36.020000","90.000000"
1302,"36.040001","85.000000"
1303,"36.060001","95.000000"
1304,"36.080002","95.000000"
1305,"36.099998","120.000000"
1306,"36.119999","130.000000"
1307,"36.139999","105.000000"
1308,"36.160000","155.000000"
1309,"36.180000","150.000000"
1310,"36.200001","150.000000"
1311,"36.220001","105.000000"
1312,"36.240002","135.000000"
1313,"36.259998","150.000000"
1314,"36.279999","170.000000"
1315,"36.299999","170.000000"
1316,"36.320000","170.000000"
1317,"36.340000","175.000000"
1318,"36.360001","200.000000"
1319,"36.380001","165.000000"
1320,"36.400002","180.000000"
1321,"36.419998","190.000000"
1322,"36.439999","210.000000"
1323,"36.459999","170.000000"
1324,"36.480000","180.000000"
1325,"36.500000","230.000000"
1326,"36.520000","175.000000"
1327,"36.540001","195.000000"
1328,"36.560001","190.000000"
1329,"36.580002","210.000000"
1330,"36.599998","165.000000"
1331,"36.619999","205.000000"
1332,"36.639999","195.000000"
1333,"36.660000","170.000000"
1334,"36.680000","205.000000"
1335,"36.700001","220.000000"
1336,"36.720001","190.000000"
1337,"36.740002","185.000000"
1338,"36.759998","155.000000"
1339,"36.779999","170.000000"
1340,"36.799999","155.000000"
1341,"36.820000","155.000000"
1342,"36.840000","185.000000"
1343,"36.860001","150.000000"
1344,"36.880001","175.000000"
1345,"36.900002","150.000000"
1346,"36.919998","145.000000"
1347,"36.939999","135.000000"
1348,"36.959999","115.000000"
1349,"36.980000","110.000000"
1350,"37.000000","85.000000"
1351,"37.020000","90.000000"
1352,"37.040001","105.000000"
1353,"37.060001","115.000000"
1354,"37.080002","95.000000"
1355,"37.099998","105.000000"
1356,"37.119999","70.000000"
1357,"37.139999","65.000000"
1358,"37.160000","60.000000"
1359,"37.180000","65.000000"
1360,"37.200001","65.000000"
1361,"37.220001","50.000000"
1362,"37.240002","60.000000"
1363,"37.259998","35.000000"
1364,"37.279999","30.000000"
1365,"37.299999","40.000000"
1366,"37.320000","55.000000"
1367,"37.340000","35.000000"
1368,"37.360001","30.000000"
1369,"37.380001","25.000000"
1370,"37.400002","25.000000"
1371,"37.419998","25.000000"
1372,"37.439999","20.000000"
1373,"37.459999","20.000000"
1374,"37.480000","25.000000"
1375,"37.500000","15.000000"
1376,"37.520000","15.000000"
1377,"37.540001","25.000000"
1378,"37.560001","15.000000"
1379,"37.580002","25.000000"
1380,"37.599998","15.000000"
1381,"37.619999","10.000000"
1382,"37.639999","15.000000"
1383,"37.660000","30.000000"
1384,"37.680000","20.000000"
1385,"37.700001","20.000000"
1386,"37.720001","25.000000"
1387,"37.740002","20.000000"
1388,"37.759998","25.000000"
1389,"37.779999","30.000000"
1390,"37.799999","15.000000"
1391,"37.820000","20.000000"
1392,"37.840000","15.000000"
1393,"37.860001","15.000000"
1394,"37.880001","25.000000"
1395,"37.900002","10.000000"
1396,"37.919998","20.000000"
1397,"37.939999","15.000000"
1398,"37.959999","5.000000"
1399,"37.980000","10.000000"
1400,"38.000000","10.000000"
1401,"38.020000","15.000000"
1402,"38.040001","10.000000"
1403,"38.060001","10.000000"
1404,"38.080002","5.000000"
1405,"38.099998","5.000000"
1406,"38.119999","5.000000"
1407,"38.139999","10.000000"
1408,"38.160000","15.000000"
1409,"38.180000","10.000000"
1410,"38.200001","5.000000"
1411,"38.220001","25.000000"
1412,"38.240002","5.000000"
1413,"38.259998","10.000000"
1414,"38.279999","10.000000"
1415,"38.299999","15.000000"
1416,"38.320000","15.000000"
1417,"38.340000","20.000000"
1418,"38.360001","10.000000"
1419,"38.380001","10.000000"
1420,"38.400002","15.000000"
1421,"38.419998","15.000000"
1422,"38.439999","5.000000"
1423,"38.459999","10.000000"
1424,"38.480000","10.000000"
1425,"38.500000","5.000000"
1426,"38.520000","15.000000"
1427,"38.540001","10.000000"
1428,"38.560001","15.000000"
1429,"38.580002","5.000000"
1430,"38.599998","10.000000"
1431,"38.619999","5.000000"
1432,"38.639999","20.000000"
1433,"38.660000","5.000000"
1434,"38.680000","15.000000"
1435,"38.700001","20.000000"
1436,"38.720001","5.000000"
1437,"38.740002","10.000000"
1438,"38.759998","5.000000"
1439,"38.779999","20.000000"
1440,"38.799999","5.000000"
1441,"38.820000","1.000000"
1442,"38.840000","10.000000"
1443,"38.860001","10.000000"
1444,"38.880001","10.000000"
1445,"38.900002","10.000000"
1446,"38.919998","10.000000"
1447,"38.939999","10.000000"
1448,"38.959999","10.000000"
1449,"38.980000","5.000000"
1450,"39.000000","15.000000"
1451,"39.020000","5.000000"
1452,"39.040001","5.000000"
1453,"39.060001","15.000000"
1454,"39.080002","10.000000"
1455,"39.099998","5.000000"
1456,"39.119999","15.000000"
1457,"39.139999","10.000000"
1458,"39.160000","15.000000"
1459,"39.180000","10.000000"
1460,"39.200001","10.000000"
1461,"39.220001","5.000000"
1462,"39.240002","15.000000"
1463,"39.259998","10.000000"
1464,"39.279999","10.000000"
1465,"39.299999","5.000000"
1466,"39.320000","5.000000"
1467,"39.340000","10.000000"
1468,"39.360001","15.000000"
1469,"39.380001","10.000000"
1470,"39.400002","5.000000"
1471,"39.419998","20.000000"
1472,"39.439999","10.000000"
1473,"39.459999","5.000000"
1474,"39.480000","5.000000"
1475,"39.500000","10.000000"
1476,"39.520000","5.000000"
1477,"39.540001","10.000000"
1478,"39.560001","1.000000"
1479,"39.580002","5.000000"
1480,"39.599998","5.000000"
1481,"39.619999","5.000000"
1482,"39.639999","10.000000"
1483,"39.660000","5.000000"
1484,"39.680000","5.000000"
1485,"39.700001","10.000000"
1486,"39.720001","5.000000"
1487,"39.740002","1.000000"
1488,"39.759998","10.000000"
1489,"39.779999","5.000000"
1490,"39.799999","10.000000"
1491,"39.820000","5.000000"
1492,"39.840000","10.000000"
1493,"39.860001","10.000000"
1494,"39.880001","5.000000"
1495,"39.900002","5.000000"
1496,"39.919998","5.000000"
1497,"39.939999","5.000000"
1498,"39.959999","10.000000"
1499,"39.980000","5.000000"
1500,"40.000000","5.000000"
1501,"40.020000","5.000000"
1502,"40.040001","10.000000"
1503,"40.060001","5.000000"
1504,"40.080002","5.000000"
1505,"40.099998","5.000000"
1506,"40.119999","5.000000"
1507,"40.139999","1.000000"
1508,"40.160000","15.000000"
1509,"40.180000","5.000000"
1510,"40.200001","1.000000"
1511,"40.220001","5.000000"
1512,"40.240002","5.000000"
1513,"40.259998","5.000000"
1514,"40.279999","5.000000"
1515,"40.299999","5.000000"
1516,"40.320000","5.000000"
1517,"40.340000","15.000000"
1518,"40.360001","5.000000"
1519,"40.380001","5.000000"
1520,"40.400002","5.000000"
1521,"40.419998","1.000000"
1522,"40.439999","1.000000"
1523,"40.459999","10.000000"
1524,"40.480000","5.000000"
1525,"40.500000","1.000000"
1526,"40.520000","5.000000"
1527,"40.540001","1.000000"
1528,"40.560001","1.000000"
1529,"40.580002","5.000000"
1530,"40.599998","5.000000"
1531,"40.619999","5.000000"
1532,"40.639999","10.000000"
1533,"40.660000","5.000000"
1534,"40.680000","5.000000"
1535,"40.700001","10.000000"
1536,"40.720001","5.000000"
1537,"40.740002","5.000000"
1538,"40.759998","5.000000"
1539,"40.779999","1.000000"
1540,"40.799999","1.000000"
1541,"40.820000","5.000000"
1542,"40.840000","10.000000"
1543,"40.860001","5.000000"
1544,"40.880001","5.000000"
1545,"40.900002","1.000000"
1546,"40.919998","1.000000"
1547,"40.939999","5.000000"
1548,"40.959999","1.000000"
1549,"40.980000","5.000000"
1550,"41.000000","10.000000"
1551,"41.020000","5.000000"
1552,"41.040001","5.000000"
1553,"41.060001","5.000000"
1554,"41.080002","1.000000"
1555,"41.099998","1.000000"
1556,"41.119999","5.000000"
1557,"41.139999","1.000000"
1558,"41.160000","5.000000"
1559,"41.180000","1.000000"
1560,"41.200001","5.000000"
1561,"41.220001","5.000000"
1562,"41.240002","10.000000"
1563,"41.259998","1.000000"
1564,"41.279999","5.000000"
1565,"41.299999","15.000000"
1566,"41.320000","5.000000"
1567,"41.340000","5.000000"
1568,"41.360001","1.000000"
1569,"41.380001","5.000000"
1570,"41.400002","5.000000"
1571,"41.419998","1.000000"
1572,"41.439999","5.000000"
1573,"41.459999","1.000000"
1574,"41.480000","5.000000"
1575,"41.500000","5.000000"
1576,"41.520000","5.000000"
1577,"41.540001","1.000000"
1578,"41.560001","1.000000"
1579,"41.580002","10.000000"
1580,"41.599998","5.000000"
1581,"41.619999","10.000000"
1582,"41.639999","1.000000"
1583,"41.660000","5.000000"
1584,"41.680000","10.000000"
1585,"41.700001","1.000000"
1586,"41.720001","15.000000"
1587,"41.740002","5.000000"
1588,"41.759998","5.000000"
1589,"41.779999","10.000000"
1590,"41.799999","5.000000"
1591,"41.820000","10.000000"
1592,"41.840000","10.000000"
1593,"41.860001","5.000000"
1594,"41.880001","5.000000"
1595,"41.900002","1.000000"
1596,"41.919998","5.000000"
1597,"41.939999","1.000000"
1598,"41.959999","5.000000"
1599,"41.980000","5.000000"
1600,"42.000000","5.000000"
1601,"42.020000","5.000000"
1602,"42.040001","5.000000"
1603,"42.060001","5.000000"
1604,"42.080002","5.000000"
1605,"42.099998","1.000000"
1606,"42.119999","1.000000"
1607,"42.139999","5.000000"
1608,"42.160000","5.000000"
1609,"42.180000","5.000000"
1610,"42.200001","5.000000"
1611,"42.220001","1.000000"
1612,"42.240002","5.000000"
1613,"42.259998","10.000000"
1614,"42.279999","1.000000"
1615,"42.299999","10.000000"
1616,"42.320000","5.000000"
1617,"42.340000","10.000000"
1618,"42.360001","5.000000"
1619,"42.380001","1.000000"
1620,"42.400002","5.000000"
1621,"42.419998","5.000000"
1622,"42.439999","5.000000"
1623,"42.459999","10.000000"
1624,"42.480000","5.000000"
1625,"42.500000","5.000000"
1626,"42.520000","5.000000"
1627,"42.540001","5.000000"
1628,"42.560001","5.000000"
1629,"42.580002","5.000000"
1630,"42.599998","1.000000"
1631,"42.619999","5.000000"
1632,"42.639999","1.000000"
1633,"42.660000","5.000000"
1634,"42.680000","1.000000"
1635,"42.700001","5.000000"
1636,"42.720001","1.000000"
1637,"42.740002","5.000000"
1638,"42.759998","10.000000"
1639,"42.779999","1.000000"
1640,"42.799999","1.000000"
1641,"42.820000","1.000000"
1642,"42.840000","5.000000"
1643,"42.860001","1.000000"
1644,"42.880001","15.000000"
1645,"42.900002","1.000000"
1646,"42.919998","5.000000"
1647,"42.939999","5.000000"
1648,"42.959999","5.000000"
1649,"42.980000","1.000000"
1650,"43.000000","5.000000"
1651,"43.020000","5.000000"
1652,"43.040001","5.000000"
1653,"43.060001","5.000000"
1654,"43.080002","1.000000"
1655,"43.099998","10.000000"
1656,"43.119999","10.000000"
1657,"43.139999","1.000000"
1658,"43.160000","5.000000"
1659,"43.180000","5.000000"
1660,"43.200001","1.000000"
1661,"43.220001","1.000000"
1662,"43.240002","5.000000"
1663,"43.259998","5.000000"
1664,"43.279999","1.000000"
1665,"43.299999","5.000000"
1666,"43.320000","5.000000"
1667,"43.340000","5.000000"
1668,"43.360001","1.000000"
1669,"43.380001","1.000000"
1670,"43.400002","1.000000"
1671,"43.419998","5.000000"
1672,"43.439999","5.000000"
1673,"43.459999","5.000000"
1674,"43.480000","5.000000"
1675,"43.500000","1.000000"
1676,"43.520000","10.000000"
1677,"43.540001","5.000000"
1678,"43.560001","5.000000"
1679,"43.580002","1.000000"
1680,"43.599998","5.000000"
1681,"43.619999","5.000000"
1682,"43.639999","1.000000"
1683,"43.660000","5.000000"
1684,"43.680000","1.000000"
1685,"43.700001","1.000000"
1686,"43.720001","5.000000"
1687,"43.740002","5.000000"
1688,"43.759998","5.000000"
1689,"43.779999","5.000000"
1690,"43.799999","5.000000"
1691,"43.820000","1.000000"
1692,"43.840000","1.000000"
1693,"43.860001","1.000000"
1694,"43.880001","5.000000"
1695,"43.900002","5.000000"
1696,"43.919998","1.000000"
1697,"43.939999","5.000000"
1698,"43.959999","5.000000"
1699,"43.980000","5.000000"
1700,"44.000000","5.000000"
1701,"44.020000","1.000000"
1702,"44.040001","1.000000"
1703,"44.060001","5.000000"
1704,"44.080002","5.000000"
1705,"44.099998","1.000000"
1706,"44.119999","1.000000"
1707,"44.139999","5.000000"
1708,"44.160000","1.000000"
1709,"44.180000","5.000000"
1710,"44.200001","10.000000"
1711,"44.220001","5.000000"
1712,"44.240002","5.000000"
1713,"44.259998","5.000000"
1714,"44.279999","5.000000"
1715,"44.299999","1.000000"
1716,"44.320000","5.000000"
1717,"44.340000","10.000000"
1718,"44.360001","1.000000"
1719,"44.380001","10.000000"
1720,"44.400002","1.000000"
1721,"44.419998","1.000000"
1722,"44.439999","1.000000"
1723,"44.459999","5.000000"
1724,"44.480000","1.000000"
1725,"44.500000","10.000000"
1726,"44.520000","1.000000"
1727,"44.540001","5.000000"
1728,"44.560001","5.000000"
1729,"44.580002","5.000000"
1730,"44.599998","5.000000"
1731,"44.619999","1.000000"
1732,"44.639999","5.000000"
1733,"44.660000","1.000000"
1734,"44.680000","10.000000"
1735,"44.700001","5.000000"
1736,"44.720001","5.000000"
1737,"44.740002","5.000000"
1738,"44.759998","5.000000"
1739,"44.779999","5.000000"
1740,"44.799999","1.000000"
1741,"44.820000","5.000000"
1742,"44.840000","1.000000"
1743,"44.860001","1.000000"
1744,"44.880001","5.000000"
1745,"44.900002","1.000000"
1746,"44.919998","1.000000"
1747,"44.939999","5.000000"
1748,"44.959999","5.000000"
1749,"44.980000","1.000000"
1750,"45.000000","1.000000"
1751,"45.020000","10.000000"
1752,"45.040001","5.000000"
1753,"45.060001","1.000000"
1754,"45.080002","5.000000"
1755,"45.099998","1.000000"
1756,"45.119999","5.000000"
1757,"45.139999","1.000000"
1758,"45.160000","1.000000"
1759,"45.180000","1.000000"
1760,"45.200001","1.000000"
1761,"45.220001","5.000000"
1762,"45.240002","1.000000"
1763,"45.259998","1.000000"
1764,"45.279999","5.000000"
1765,"45.299999","1.000000"
1766,"45.320000","5.000000"
1767,"45.340000","1.000000"
1768,"45.360001","10.000000"
1769,"45.380001","1.000000"
1770,"45.400002","1.000000"
1771,"45.419998","5.000000"
1772,"45.439999","1.000000"
1773,"45.459999","5.000000"
1774,"45.480000","1.000000"
1775,"45.500000","1.000000"
1776,"45.520000","10.000000"
1777,"45.540001","1.000000"
1778,"45.560001","1.000000"
1779,"45.580002","5.000000"
1780,"45.599998","5.000000"
1781,"45.619999","5.000000"
1782,"45.639999","1.000000"
1783,"45.660000","5.000000"
1784,"45.680000","1.000000"
1785,"45.700001","5.000000"
1786,"45.720001","1.000000"
1787,"45.740002","10.000000"
1788,"45.759998","5.000000"
1789,"45.779999","1.000000"
1790,"45.799999","1.000000"
1791,"45.820000","10.000000"
1792,"45.840000","1.000000"
1793,"45.860001","5.000000"
1794,"45.880001","1.000000"
1795,"45.900002","10.000000"
1796,"45.919998","5.000000"
1797,"45.939999","10.000000"
1798,"45.959999","5.000000"
1799,"45.980000","1.000000"
1800,"46.000000","5.000000"
1801,"46.020000","1.000000"
1802,"46.040001","5.000000"
1803,"46.060001","1.000000"
1804,"46.080002","5.000000"
1805,"46.099998","5.000000"
1806,"46.119999","10.000000"
1807,"46.139999","5.000000"
1808,"46.160000","1.000000"
1809,"46.180000","1.000000"
1810,"46.200001","15.000000"
1811,"46.220001","10.000000"
1812,"46.240002","5.000000"
1813,"46.259998","1.000000"
1814,"46.279999","5.000000"
1815,"46.299999","5.000000"
1816,"46.320000","5.000000"
1817,"46.340000","10.000000"
1818,"46.360001","1.000000"
1819,"46.380001","5.000000"
1820,"46.400002","1.000000"
1821,"46.419998","1.000000"
1822,"46.439999","5.000000"
1823,"46.459999","1.000000"
1824,"46.480000","5.000000"
1825,"46.500000","1.000000"
1826,"46.520000","10.000000"
1827,"46.540001","10.000000"
1828,"46.560001","1.000000"
1829,"46.580002","10.000000"
1830,"46.599998","1.000000"
1831,"46.619999","5.000000"
1832,"46.639999","10.000000"
1833,"46.660000","5.000000"
1834,"46.680000","5.000000"
1835,"46.700001","5.000000"
1836,"46.720001","1.000000"
1837,"46.740002","10.000000"
1838,"46.759998","1.000000"
1839,"46.779999","5.000000"
1840,"46.799999","5.000000"
1841,"46.820000","1.000000"
1842,"46.840000","10.000000"
1843,"46.860001","5.000000"
1844,"46.880001","5.000000"
1845,"46.900002","10.000000"
1846,"46.919998","10.000000"
1847,"46.939999","5.000000"
1848,"46.959999","1.000000"
1849,"46.980000","15.000000"
1850,"47.000000","5.000000"
1851,"47.020000","15.000000"
1852,"47.040001","5.000000"
1853,"47.060001","5.000000"
1854,"47.080002","1.000000"
1855,"47.099998","10.000000"
1856,"47.119999","15.000000"
1857,"47.139999","10.000000"
1858,"47.160000","10.000000"
1859,"47.180000","5.000000"
1860,"47.200001","10.000000"
1861,"47.220001","10.000000"
1862,"47.240002","5.000000"
1863,"47.259998","20.000000"
1864,"47.279999","20.000000"
1865,"47.299999","10.000000"
1866,"47.320000","5.000000"
1867,"47.340000","20.000000"
1868,"47.360001","5.000000"
1869,"47.380001","25.000000"
1870,"47.400002","20.000000"
1871,"47.419998","20.000000"
1872,"47.439999","20.000000"
1873,"47.459999","20.000000"
1874,"47.480000","10.000000"
1875,"47.500000","15.000000"
1876,"47.520000","25.000000"
1877,"47.540001","25.000000"
1878,"47.560001","30.000000"
1879,"47.580002","25.000000"
1880,"47.599998","20.000000"
1881,"47.619999","30.000000"
1882,"47.639999","15.000000"
1883,"47.660000","30.000000"
1884,"47.680000","30.000000"
1885,"47.700001","20.000000"
1886,"47.720001","40.000000"
1887,"47.740002","35.000000"
1888,"47.759998","40.000000"
1889,"47.779999","35.000000"
1890,"47.799999","30.000000"
1891,"47.820000","35.000000"
1892,"47.840000","20.000000"
1893,"47.860001","50.000000"
1894,"47.880001","50.000000"
1895,"47.900002","35.000000"
1896,"47.919998","20.000000"
1897,"47.939999","55.000000"
1898,"47.959999","40.000000"
1899,"47.980000","35.000000"
1900,"48.000000","45.000000"
1901,"48.020000","40.000000"
1902,"48.040001","40.000000"
1903,"48.060001","30.000000"
1904,"48.080002","45.000000"
1905,"48.099998","30.000000"
1906,"48.119999","40.000000"
1907,"48.139999","35.000000"
1908,"48.160000","45.000000"
1909,"48.180000","30.000000"
1910,"48.200001","30.000000"
1911,"48.220001","35.000000"
1912,"48.240002","45.000000"
1913,"48.259998","25.000000"
1914,"48.279999","45.000000"
1915,"48.299999","40.000000"
1916,"48.320000","30.000000"
1917,"48.340000","25.000000"
1918,"48.360001","40.000000"
1919,"48.380001","45.000000"
1920,"48.400002","50.000000"
1921,"48.419998","20.000000"
1922,"48.439999","30.000000"
1923,"48.459999","40.000000"
1924,"48.480000","20.000000"
1925,"48.500000","30.000000"
1926,"48.520000","15.000000"
1927,"48.540001","30.000000"
1928,"48.560001","20.000000"
1929,"48.580002","15.000000"
1930,"48.599998","20.000000"
1931,"48.619999","20.000000"
1932,"48.639999","15.000000"
1933,"48.660000","10.000000"
1934,"48.680000","10.000000"
1935,"48.700001","10.000000"
1936,"48.720001","20.000000"
1937,"48.740002","1.000000"
1938,"48.759998","1.000000"
1939,"48.779999","10.000000"
1940,"48.799999","10.000000"
1941,"48.820000","10.000000"
1942,"48.840000","10.000000"
1943,"48.860001","10.000000"
1944,"48.880001","10.000000"
1945,"48.900002","10.000000"
1946,"48.919998","10.000000"
1947,"48.939999","15.000000"
1948,"48.959999","10.000000"
1949,"48.980000","5.000000"
1950,"49.000000","10.000000"
1951,"49.020000","1.000000"
1952,"49.040001","10.000000"
1953,"49.060001","5.000000"
1954,"49.080002","10.000000"
1955,"49.099998","1.000000"
1956,"49.119999","10.000000"
1957,"49.139999","10.000000"
1958,"49.160000","5.000000"
1959,"49.180000","1.000000"
1960,"49.200001","10.000000"
1961,"49.220001","10.000000"
1962,"49.240002","1.000000"
1963,"49.259998","5.000000"
1964,"49.279999","1.000000"
1965,"49.299999","1.000000"
1966,"49.320000","5.000000"
1967,"49.340000","5.000000"
1968,"49.360001","1.000000"
1969,"49.380001","5.000000"
1970,"49.400002","5.000000"
1971,"49.419998","1.000000"
1972,"49.439999","10.000000"
1973,"49.459999","5.000000"
1974,"49.480000","5.000000"
1975,"49.500000","1.000000"
1976,"49.520000","1.000000"
1977,"49.540001","5.000000"
1978,"49.560001","10.000000"
1979,"49.580002","5.000000"
1980,"49.599998","5.000000"
1981,"49.619999","5.000000"
1982,"49.639999","10.000000"
1983,"49.660000","10.000000"
1984,"49.680000","5.000000"
1985,"49.700001","10.000000"
1986,"49.720001","1.000000"
1987,"49.740002","1.000000"
1988,"49.759998","5.000000"
1989,"49.779999","1.000000"
1990,"49.799999","5.000000"
1991,"49.820000","5.000000"
1992,"49.840000","1.000000"
1993,"49.860001","5.000000"
1994,"49.880001","5.000000"
1995,"49.900002","5.000000"
1996,"49.919998","1.000000"
1997,"49.939999","1.000000"
1998,"49.959999","10.000000"
1999,"49.980000","5.000000"
2000,"50.000000","5.000000"
2001,"50.020000","1.000000"
2002,"50.040001","5.000000"
2003,"50.060001","1.000000"
2004,"50.080002","5.000000"
2005,"50.099998","1.000000"
2006,"50.119999","5.000000"
2007,"50.139999","5.000000"
2008,"50.160000","1.000000"
2009,"50.180000","5.000000"
2010,"50.200001","1.000000"
2011,"50.220001","5.000000"
2012,"50.240002","5.000000"
2013,"50.259998","5.000000"
2014,"50.279999","5.000000"
2015,"50.299999","1.000000"
2016,"50.320000","5.000000"
2017,"50.340000","1.000000"
2018,"50.360001","10.000000"
2019,"50.380001","1.000000"
2020,"50.400002","5.000000"
2021,"50.419998","5.000000"
2022,"50.439999","1.000000"
2023,"50.459999","10.000000"
2024,"50.480000","1.000000"
2025,"50.500000","5.000000"
2026,"50.520000","5.000000"
2027,"50.540001","1.000000"
2028,"50.560001","1.000000"
2029,"50.580002","1.000000"
2030,"50.599998","1.000000"
2031,"50.619999","1.000000"
2032,"50.639999","5.000000"
2033,"50.660000","5.000000"
2034,"50.680000","10.000000"
2035,"50.700001","1.000000"
2036,"50.720001","5.000000"
2037,"50.740002","5.000000"
2038,"50.759998","1.000000"
2039,"50.779999","1.000000"
2040,"50.799999","5.000000"
2041,"50.820000","5.000000"
2042,"50.840000","5.000000"
2043,"50.860001","5.000000"
2044,"50.880001","1.000000"
2045,"50.900002","5.000000"
2046,"50.919998","1.000000"
2047,"50.939999","5.000000"
2048,"50.959999","1.000000"
2049,"50.980000","5.000000"
2050,"51.000000","1.000000"
2051,"51.020000","5.000000"
2052,"51.040001","1.000000"
2053,"51.060001","5.000000"
2054,"51.080002","5.000000"
2055,"51.099998","5.000000"
2056,"51.119999","10.000000"
2057,"51.139999","1.000000"
2058,"51.160000","5.000000"
2059,"51.180000","5.000000"
2060,"51.200001","10.000000"
2061,"51.220001","1.000000"
2062,"51.240002","1.000000"
2063,"51.259998","1.000000"
2064,"51.279999","1.000000"
2065,"51.299999","5.000000"
2066,"51.320000","1.000000"
2067,"51.340000","1.000000"
2068,"51.360001","5.000000"
2069,"51.380001","1.000000"
2070,"51.400002","5.000000"
2071,"51.419998","5.000000"
2072,"51.439999","1.000000"
2073,"51.459999","5.000000"
2074,"51.480000","1.000000"
2075,"51.500000","5.000000"
2076,"51.520000","1.000000"
2077,"51.540001","5.000000"
2078,"51.560001","5.000000"
2079,"51.580002","1.000000"
2080,"51.599998","1.000000"
2081,"51.619999","5.000000"
2082,"51.639999","5.000000"
2083,"51.660000","1.000000"
2084,"51.680000","1.000000"
2085,"51.700001","1.000000"
2086,"51.720001","5.000000"
2087,"51.740002","5.000000"
2088,"51.759998","1.000000"
2089,"51.779999","1.000000"
2090,"51.799999","5.000000"
2091,"51.820000","1.000000"
2092,"51.840000","1.000000"
2093,"51.860001","5.000000"
2094,"51.880001","5.000000"
2095,"51.900002","5.000000"
2096,"51.919998","5.000000"
2097,"51.939999","5.000000"
2098,"51.959999","1.000000"
2099,"51.980000","1.000000"
2100,"52.000000","1.000000"
2101,"52.020000","5.000000"
2102,"52.040001","5.000000"
2103,"52.060001","1.000000"
2104,"52.080002","5.000000"
2105,"52.099998","5.000000"
2106,"52.119999","5.000000"
2107,"52.139999","1.000000"
2108,"52.160000","5.000000"
2109,"52.180000","5.000000"
2110,"52.200001","5.000000"
2111,"52.220001","5.000000"
2112,"52.240002","1.000000"
2113,"52.259998","1.000000"
2114,"52.279999","5.000000"
2115,"52.299999","1.000000"
2116,"52.320000","5.000000"
2117,"52.340000","1.000000"
2118,"52.360001","5.000000"
2119,"52.380001","5.000000"
2120,"52.400002","1.000000"
2121,"52.419998","5.000000"
2122,"52.439999","5.000000"
2123,"52.459999","1.000000"
2124,"52.480000","1.000000"
2125,"52.500000","1.000000"
2126,"52.520000","5.000000"
2127,"52.540001","1.000000"
2128,"52.560001","5.000000"
2129,"52.580002","1.000000"
2130,"52.599998","5.000000"
2131,"52.619999","1.000000"
2132,"52.639999","1.000000"
2133,"52.660000","5.000000"
2134,"52.680000","1.000000"
2135,"52.700001","5.000000"
2136,"52.720001","1.000000"
2137,"52.740002","1.000000"
2138,"52.759998","5.000000"
2139,"52.779999","1.000000"
2140,"52.799999","1.000000"
2141,"52.820000","1.000000"
2142,"52.840000","5.000000"
2143,"52.860001","1.000000"
2144,"52.880001","1.000000"
2145,"52.900002","5.000000"
2146,"52.919998","5.000000"
2147,"52.939999","5.000000"
2148,"52.959999","1.000000"
2149,"52.980000","5.000000"
2150,"53.000000","5.000000"
2151,"53.020000","5.000000"
2152,"53.040001","1.000000"
2153,"53.060001","1.000000"
2154,"53.080002","5.000000"
2155,"53.099998","1.000000"
2156,"53.119999","5.000000"
2157,"53.139999","5.000000"
2158,"53.160000","1.000000"
2159,"53.180000","5.000000"
2160,"53.200001","5.000000"
2161,"53.220001","1.000000"
2162,"53.240002","5.000000"
2163,"53.259998","5.000000"
2164,"53.279999","1.000000"
2165,"53.299999","1.000000"
2166,"53.320000","5.000000"
2167,"53.340000","5.000000"
2168,"53.360001","1.000000"
2169,"53.380001","10.000000"
2170,"53.400002","1.000000"
2171,"53.419998","1.000000"
2172,"53.439999","15.000000"
2173,"53.459999","5.000000"
2174,"53.480000","5.000000"
2175,"53.500000","5.000000"
2176,"53.520000","5.000000"
2177,"53.540001","5.000000"
2178,"53.560001","1.000000"
2179,"53.580002","10.000000"
2180,"53.599998","5.000000"
2181,"53.619999","1.000000"
2182,"53.639999","5.000000"
2183,"53.660000","1.000000"
2184,"53.680000","10.000000"
2185,"53.700001","1.000000"
2186,"53.720001","5.000000"
2187,"53.740002","5.000000"
2188,"53.759998","5.000000"
2189,"53.779999","5.000000"
2190,"53.799999","5.000000"
2191,"53.820000","1.000000"
2192,"53.840000","5.000000"
2193,"53.860001","1.000000"
2194,"53.880001","5.000000"
2195,"53.900002","5.000000"
2196,"53.919998","5.000000"
2197,"53.939999","1.000000"
2198,"53.959999","1.000000"
2199,"53.980000","1.000000"
2200,"54.000000","1.000000"
2201,"54.020000","5.000000"
2202,"54.040001","1.000000"
2203,"54.060001","5.000000"
2204,"54.080002","5.000000"
2205,"54.099998","5.000000"
2206,"54.119999","1.000000"
2207,"54.139999","1.000000"
2208,"54.160000","1.000000"
2209,"54.180000","5.000000"
2210,"54.200001","1.000000"
2211,"54.220001","1.000000"
2212,"54.240002","5.000000"
2213,"54.259998","5.000000"
2214,"54.279999","1.000000"
2215,"54.299999","5.000000"
2216,"54.320000","1.000000"
2217,"54.340000","5.000000"
2218,"54.360001","10.000000"
2219,"54.380001","1.000000"
2220,"54.400002","1.000000"
2221,"54.419998","5.000000"
2222,"54.439999","1.000000"
2223,"54.459999","1.000000"
2224,"54.480000","5.000000"
2225,"54.500000","1.000000"
2226,"54.520000","5.000000"
2227,"54.540001","5.000000"
2228,"54.560001","5.000000"
2229,"54.580002","1.000000"
2230,"54.599998","1.000000"
2231,"54.619999","5.000000"
2232,"54.639999","5.000000"
2233,"54.660000","1.000000"
2234,"54.680000","5.000000"
2235,"54.700001","1.000000"
2236,"54.720001","1.000000"
2237,"54.740002","1.000000"
2238,"54.759998","1.000000"
2239,"54.779999","5.000000"
2240,"54.799999","5.000000"
2241,"54.820000","10.000000"
2242,"54.840000","5.000000"
2243,"54.860001","10.000000"
2244,"54.880001","5.000000"
2245,"54.900002","1.000000"
2246,"54.919998","5.000000"
2247,"54.939999","1.000000"
2248,"54.959999","10.000000"
2249,"54.980000","5.000000"
2250,"55.000000","1.000000"
2251,"55.020000","1.000000"
2252,"55.040001","5.000000"
2253,"55.060001","1.000000"
2254,"55.080002","5.000000"
2255,"55.099998","5.000000"
2256,"55.119999","5.000000"
2257,"55.139999","10.000000"
2258,"55.160000","5.000000"
2259,"55.180000","5.000000"
2260,"55.200001","5.000000"
2261,"55.220001","5.000000"
2262,"55.240002","5.000000"
2263,"55.259998","5.000000"
2264,"55.279999","5.000000"
2265,"55.299999","5.000000"
2266,"55.320000","5.000000"
2267,"55.340000","5.000000"
2268,"55.360001","1.000000"
2269,"55.380001","1.000000"
2270,"55.400002","1.000000"
2271,"55.419998","1.000000"
2272,"55.439999","25.000000"
2273,"55.459999","5.000000"
2274,"55.480000","5.000000"
2275,"55.500000","5.000000"
2276,"55.520000","1.000000"
2277,"55.540001","10.000000"
2278,"55.560001","10.000000"
2279,"55.580002","5.000000"
2280,"55.599998","5.000000"
2281,"55.619999","5.000000"
2282,"55.639999","10.000000"
2283,"55.660000","5.000000"
2284,"55.680000","5.000000"
2285,"55.700001","5.000000"
2286,"55.720001","10.000000"
2287,"55.740002","5.000000"
2288,"55.759998","10.000000"
2289,"55.779999","5.000000"
2290,"55.799999","5.000000"
2291,"55.820000","5.000000"
2292,"55.840000","15.000000"
2293,"55.860001","1.000000"
2294,"55.880001","5.000000"
2295,"55.900002","10.000000"
2296,"55.919998","5.000000"
2297,"55.939999","5.000000"
2298,"55.959999","5.000000"
2299,"55.980000","5.000000"
2300,"56.000000","10.000000"
2301,"56.020000","5.000000"
2302,"56.040001","5.000000"
2303,"56.060001","10.000000"
2304,"56.080002","1.000000"
2305,"56.099998","5.000000"
2306,"56.119999","20.000000"
2307,"56.139999","5.000000"
2308,"56.160000","15.000000"
2309,"56.180000","5.000000"
2310,"56.200001","10.000000"
2311,"56.220001","10.000000"
2312,"56.240002","15.000000"
2313,"56.259998","5.000000"
2314,"56.279999","10.000000"
2315,"56.299999","10.000000"
2316,"56.320000","20.000000"
2317,"56.340000","5.000000"
2318,"56.360001","10.000000"
2319,"56.380001","1.000000"
2320,"56.400002","10.000000"
2321,"56.419998","5.000000"
2322,"56.439999","10.000000"
2323,"56.459999","15.000000"
2324,"56.480000","15.000000"
2325,"56.500000","5.000000"
2326,"56.520000","5.000000"
2327,"56.540001","5.000000"
2328,"56.560001","10.000000"
2329,"56.580002","20.000000"
2330,"56.599998","10.000000"
2331,"56.619999","10.000000"
2332,"56.639999","20.000000"
2333,"56.660000","20.000000"
2334,"56.680000","10.000000"
2335,"56.700001","15.000000"
2336,"56.720001","15.000000"
2337,"56.740002","15.000000"
2338,"56.759998","10.000000"
2339,"56.779999","10.000000"
2340,"56.799999","15.000000"
2341,"56.820000","10.000000"
2342,"56.840000","10.000000"
2343,"56.860001","20.000000"
2344,"56.880001","25.000000"
2345,"56.900002","10.000000"
2346,"56.919998","10.000000"
2347,"56.939999","10.000000"
2348,"56.959999","10.000000"
2349,"56.980000","15.000000"
2350,"57.000000","10.000000"
2351,"57.020000","5.000000"
2352,"57.040001","15.000000"
2353,"57.060001","15.000000"
2354,"57.080002","10.000000"
2355,"57.099998","5.000000"
2356,"57.119999","15.000000"
2357,"57.139999","20.000000"
2358,"57.160000","10.000000"
2359,"57.180000","10.000000"
2360,"57.200001","15.000000"
2361,"57.220001","5.000000"
2362,"57.240002","15.000000"
2363,"57.259998","15.000000"
2364,"57.279999","15.000000"
2365,"57.299999","15.000000"
2366,"57.320000","5.000000"
2367,"57.340000","5.000000"
2368,"57.360001","10.000000"
2369,"57.380001","10.000000"
2370,"57.400002","10.000000"
2371,"57.419998","20.000000"
2372,"57.439999","10.000000"
2373,"57.459999","15.000000"
2374,"57.480000","10.000000"
2375,"57.500000","10.000000"
2376,"57.520000","5.000000"
2377,"57.540001","5.000000"
2378,"57.560001","5.000000"
2379,"57.580002","1.000000"
2380,"57.599998","5.000000"
2381,"57.619999","5.000000"
2382,"57.639999","10.000000"
2383,"57.660000","15.000000"
2384,"57.680000","5.000000"
2385,"57.700001","5.000000"
2386,"57.720001","1.000000"
2387,"57.740002","10.000000"
2388,"57.759998","5.000000"
2389,"57.779999","1.000000"
2390,"57.799999","15.000000"
2391,"57.820000","10.000000"
2392,"57.840000","1.000000"
2393,"57.860001","1.000000"
2394,"57.880001","10.000000"
2395,"57.900002","1.000000"
2396,"57.919998","5.000000"
2397,"57.939999","5.000000"
2398,"57.959999","15.000000"
2399,"57.980000","1.000000"
2400,"58.000000","10.000000"
2401,"58.020000","5.000000"
2402,"58.040001","5.000000"
2403,"58.060001","5.000000"
2404,"58.080002","10.000000"
2405,"58.099998","1.000000"
2406,"58.119999","5.000000"
2407,"58.139999","5.000000"
2408,"58.160000","1.000000"
2409,"58.180000","5.000000"
2410,"58.200001","10.000000"
2411,"58.220001","1.000000"
2412,"58.240002","1.000000"
2413,"58.259998","1.000000"
2414,"58.279999","5.000000"
2415,"58.299999","5.000000"
2416,"58.320000","5.000000"
2417,"58.340000","1.000000"
2418,"58.360001","1.000000"
2419,"58.380001","1.000000"
2420,"58.400002","5.000000"
2421,"58.419998","5.000000"
2422,"58.439999","10.000000"
2423,"58.459999","1.000000"
2424,"58.480000","5.000000"
2425,"58.500000","5.000000"
2426,"58.520000","5.000000"
2427,"58.540001","5.000000"
2428,"58.560001","5.000000"
2429,"58.580002","1.000000"
2430,"58.599998","5.000000"
2431,"58.619999","1.000000"
2432,"58.639999","5.000000"
2433,"58.660000","1.000000"
2434,"58.680000","5.000000"
2435,"58.700001","1.000000"
2436,"58.720001","5.000000"
2437,"58.740002","5.000000"
2438,"58.759998","5.000000"
2439,"58.779999","5.000000"
2440,"58.799999","10.000000"
2441,"58.820000","1.000000"
2442,"58.840000","1.000000"
2443,"58.860001","5.000000"
2444,"58.880001","1.000000"
2445,"58.900002","10.000000"
2446,"58.919998","1.000000"
2447,"58.939999","5.000000"
2448,"58.959999","5.000000"
2449,"58.980000","1.000000"
2450,"59.000000","5.000000"
2451,"59.020000","1.000000"
2452,"59.040001","1.000000"
2453,"59.060001","1.000000"
2454,"59.080002","5.000000"
2455,"59.099998","1.000000"
2456,"59.119999","5.000000"
2457,"59.139999","5.000000"
2458,"59.160000","1.000000"
2459,"59.180000","10.000000"
2460,"59.200001","5.000000"
2461,"59.220001","1.000000"
2462,"59.240002","10.000000"
2463,"59.259998","1.000000"
2464,"59.279999","5.000000"
2465,"59.299999","1.000000"
2466,"59.320000","10.000000"
2467,"59.340000","5.000000"
2468,"59.360001","5.000000"
2469,"59.380001","5.000000"
2470,"59.400002","1.000000"
2471,"59.419998","10.000000"
2472,"59.439999","5.000000"
2473,"59.459999","5.000000"
2474,"59.480000","1.000000"
2475,"59.500000","5.000000"
2476,"59.520000","5.000000"
2477,"59.540001","5.000000"
2478,"59.560001","5.000000"
2479,"59.580002","10.000000"
2480,"59.599998","1.000000"
2481,"59.619999","1.000000"
2482,"59.639999","5.000000"
2483,"59.660000","1.000000"
2484,"59.680000","5.000000"
2485,"59.700001","10.000000"
2486,"59.720001","1.000000"
2487,"59.740002","1.000000"
2488,"59.759998","1.000000"
2489,"59.779999","1.000000"
2490,"59.799999","10.000000"
2491,"59.820000","5.000000"
2492,"59.840000","1.000000"
2493,"59.860001","1.000000"
2494,"59.880001","1.000000"
2495,"59.900002","1.000000"
2496,"59.919998","5.000000"
2497,"59.939999","5.000000"
2498,"59.959999","1.000000"
2499,"59.980000","5.000000"
2500,"60.000000","5.000000"
2501,"60.020000","5.000000"
2502,"60.040001","5.000000"
2503,"60.060001","5.000000"
2504,"60.080002","5.000000"
2505,"60.099998","5.000000"
2506,"60.119999","1.000000"
2507,"60.139999","1.000000"
2508,"60.160000","5.000000"
2509,"60.180000","5.000000"
2510,"60.200001","1.000000"
2511,"60.220001","10.000000"
2512,"60.240002","5.000000"
2513,"60.259998","5.000000"
2514,"60.279999","10.000000"
2515,"60.299999","1.000000"
2516,"60.320000","1.000000"
2517,"60.340000","5.000000"
2518,"60.360001","10.000000"
2519,"60.380001","5.000000"
2520,"60.400002","10.000000"
2521,"60.419998","1.000000"
2522,"60.439999","10.000000"
2523,"60.459999","1.000000"
2524,"60.480000","5.000000"
2525,"60.500000","10.000000"
2526,"60.520000","1.000000"
2527,"60.540001","10.000000"
2528,"60.560001","1.000000"
2529,"60.580002","5.000000"
2530,"60.599998","10.000000"
2531,"60.619999","5.000000"
2532,"60.639999","5.000000"
2533,"60.660000","10.000000"
2534,"60.680000","5.000000"
2535,"60.700001","1.000000"
2536,"60.720001","10.000000"
2537,"60.740002","10.000000"
2538,"60.759998","10.000000"
2539,"60.779999","10.000000"
2540,"60.799999","1.000000"
2541,"60.820000","5.000000"
2542,"60.840000","20.000000"
2543,"60.860001","1.000000"
2544,"60.880001","5.000000"
2545,"60.900002","5.000000"
2546,"60.919998","5.000000"
2547,"60.939999","5.000000"
2548,"60.959999","1.000000"
2549,"60.980000","10.000000"
2550,"61.000000","15.000000"
2551,"61.020000","1.000000"
2552,"61.040001","1.000000"
2553,"61.060001","10.000000"
2554,"61.080002","5.000000"
2555,"61.099998","1.000000"
2556,"61.119999","10.000000"
2557,"61.139999","5.000000"
2558,"61.160000","10.000000"
2559,"61.180000","5.000000"
2560,"61.200001","1.000000"
2561,"61.220001","5.000000"
2562,"61.240002","5.000000"
2563,"61.259998","5.000000"
2564,"61.279999","5.000000"
2565,"61.299999","5.000000"
2566,"61.320000","10.000000"
2567,"61.340000","5.000000"
2568,"61.360001","1.000000"
2569,"61.380001","10.000000"
2570,"61.400002","5.000000"
2571,"61.419998","5.000000"
2572,"61.439999","5.000000"
2573,"61.459999","15.000000"
2574,"61.480000","10.000000"
2575,"61.500000","5.000000"
2576,"61.520000","5.000000"
2577,"61.540001","1.000000"
2578,"61.560001","5.000000"
2579,"61.580002","5.000000"
2580,"61.599998","5.000000"
2581,"61.619999","1.000000"
2582,"61.639999","1.000000"
2583,"61.660000","5.000000"
2584,"61.680000","5.000000"
2585,"61.700001","1.000000"
2586,"61.720001","10.000000"
2587,"61.740002","1.000000"
2588,"61.759998","5.000000"
2589,"61.779999","1.000000"
2590,"61.799999","10.000000"
2591,"61.820000","1.000000"
2592,"61.840000","15.000000"
2593,"61.860001","10.000000"
2594,"61.880001","1.000000"
2595,"61.900002","5.000000"
2596,"61.919998","5.000000"
2597,"61.939999","5.000000"
2598,"61.959999","10.000000"
2599,"61.980000","5.000000"
2600,"62.000000","10.000000"
2601,"62.020000","5.000000"
2602,"62.040001","10.000000"
2603,"62.060001","5.000000"
2604,"62.080002","5.000000"
2605,"62.099998","10.000000"
2606,"62.119999","1.000000"
2607,"62.139999","5.000000"
2608,"62.160000","1.000000"
2609,"62.180000","10.000000"
2610,"62.200001","1.000000"
2611,"62.220001","10.000000"
2612,"62.240002","10.000000"
2613,"62.259998","15.000000"
2614,"62.279999","10.000000"
2615,"62.299999","15.000000"
2616,"62.320000","10.000000"
2617,"62.340000","10.000000"
2618,"62.360001","10.000000"
2619,"62.380001","10.000000"
2620,"62.400002","15.000000"
2621,"62.419998","15.000000"
2622,"62.439999","10.000000"
2623,"62.459999","5.000000"
2624,"62.480000","5.000000"
2625,"62.500000","10.000000"
2626,"62.520000","20.000000"
2627,"62.540001","10.000000"
2628,"62.560001","25.000000"
2629,"62.580002","15.000000"
2630,"62.599998","25.000000"
2631,"62.619999","15.000000"
2632,"62.639999","10.000000"
2633,"62.660000","10.000000"
2634,"62.680000","25.000000"
2635,"62.700001","25.000000"
2636,"62.720001","20.000000"
2637,"62.740002","25.000000"
2638,"62.759998","35.000000"
2639,"62.779999","15.000000"
2640,"62.799999","20.000000"
2641,"62.820000","25.000000"
2642,"62.840000","25.000000"
2643,"62.860001","15.000000"
2644,"62.880001","25.000000"
2645,"62.900002","20.000000"
2646,"62.919998","25.000000"
2647,"62.939999","35.000000"
2648,"62.959999","45.000000"
2649,"62.980000","30.000000"
2650,"63.000000","45.000000"
2651,"63.020000","30.000000"
2652,"63.040001","40.000000"
2653,"63.060001","60.000000"
2654,"63.080002","40.000000"
2655,"63.099998","40.000000"
2656,"63.119999","45.000000"
2657,"63.139999","70.000000"
2658,"63.160000","60.000000"
2659,"63.180000","65.000000"
2660,"63.200001","70.000000"
2661,"63.220001","60.000000"
2662,"63.240002","35.000000"
2663,"63.259998","55.000000"
2664,"63.279999","65.000000"
2665,"63.299999","70.000000"
2666,"63.320000","75.000000"
2667,"63.340000","55.000000"
2668,"63.360001","80.000000"
2669,"63.380001","45.000000"
2670,"63.400002","95.000000"
2671,"63.419998","65.000000"
2672,"63.439999","90.000000"
2673,"63.459999","60.000000"
2674,"63.480000","75.000000"
2675,"63.500000","85.000000"
2676,"63.520000","40.000000"
2677,"63.540001","45.000000"
2678,"63.560001","80.000000"
2679,"63.580002","70.000000"
2680,"63.599998","65.000000"
2681,"63.619999","40.000000"
2682,"63.639999","75.000000"
2683,"63.660000","75.000000"
2684,"63.680000","70.000000"
2685,"63.700001","65.000000"
2686,"63.720001","70.000000"
2687,"63.740002","55.000000"
2688,"63.759998","70.000000"
2689,"63.779999","45.000000"
2690,"63.799999","60.000000"
2691,"63.820000","60.000000"
2692,"63.840000","45.000000"
2693,"63.860001","50.000000"
2694,"63.880001","45.000000"
2695,"63.900002","50.000000"
2696,"63.919998","55.000000"
2697,"63.939999","35.000000"
2698,"63.959999","55.000000"
2699,"63.980000","55.000000"
2700,"64.000000","45.000000"
2701,"64.019997","40.000000"
2702,"64.040001","40.000000"
2703,"64.059998","45.000000"
2704,"64.080002","25.000000"
2705,"64.099998","50.000000"
2706,"64.120003","40.000000"
2707,"64.139999","50.000000"
2708,"64.160004","25.000000"
2709,"64.180000","20.000000"
2710,"64.199997","30.000000"
2711,"64.220001","20.000000"
2712,"64.239998","35.000000"
2713,"64.260002","25.000000"
2714,"64.279999","15.000000"
2715,"64.300003","20.000000"
2716,"64.320000","25.000000"
2717,"64.339996","15.000000"
2718,"64.360001","10.000000"
2719,"64.379997","5.000000"
2720,"64.400002","5.000000"
2721,"64.419998","15.000000"
2722,"64.440002","15.000000"
2723,"64.459999","5.000000"
2724,"64.480003","15.000000"
2725,"64.500000","10.000000"
2726,"64.519997","15.000000"
2727,"64.540001","10.000000"
2728,"64.559998","10.000000"
2729,"64.580002","20.000000"
2730,"64.599998","15.000000"
2731,"64.620003","20.000000"
2732,"64.639999","5.000000"
2733,"64.660004","15.000000"
2734,"64.680000","1.000000"
2735,"64.699997","15.000000"
2736,"64.720001","10.000000"
2737,"64.739998","15.000000"
2738,"64.760002","10.000000"
2739,"64.779999","10.000000"
2740,"64.800003","10.000000"
2741,"64.820000","5.000000"
2742,"64.839996","1.000000"
2743,"64.860001","10.000000"
2744,"64.879997","1.000000"
2745,"64.900002","5.000000"
2746,"64.919998","20.000000"
2747,"64.940002","5.000000"
2748,"64.959999","5.000000"
2749,"64.980003","10.000000"
2750,"65.000000","15.000000"
2751,"65.019997","15.000000"
2752,"65.040001","5.000000"
2753,"65.059998","5.000000"
2754,"65.080002","10.000000"
2755,"65.099998","5.000000"
2756,"65.120003","10.000000"
2757,"65.139999","5.000000"
2758,"65.160004","10.000000"
2759,"65.180000","5.000000"
2760,"65.199997","1.000000"
2761,"65.220001","15.000000"
2762,"65.239998","5.000000"
2763,"65.260002","5.000000"
2764,"65.279999","10.000000"
2765,"65.300003","10.000000"
2766,"65.320000","5.000000"
2767,"65.339996","10.000000"
2768,"65.360001","15.000000"
2769,"65.379997","15.000000"
2770,"65.400002","5.000000"
2771,"65.419998","5.000000"
2772,"65.440002","1.000000"
2773,"65.459999","15.000000"
2774,"65.480003","5.000000"
2775,"65.500000","10.000000"
2776,"65.519997","1.000000"
2777,"65.540001","1.000000"
2778,"65.559998","10.000000"
2779,"65.580002","5.000000"
2780,"65.599998","10.000000"
2781,"65.620003","10.000000"
2782,"65.639999","5.000000"
2783,"65.660004","5.000000"
2784,"65.680000","5.000000"
2785,"65.699997","10.000000"
2786,"65.720001","1.000000"
2787,"65.739998","5.000000"
2788,"65.760002","1.000000"
2789,"65.779999","1.000000"
2790,"65.800003","5.000000"
2791,"65.820000","1.000000"
2792,"65.839996","5.000000"
2793,"65.860001","5.000000"
2794,"65.879997","5.000000"
2795,"65.900002","10.000000"
2796,"65.919998","5.000000"
2797,"65.940002","1.000000"
2798,"65.959999","10.000000"
2799,"65.980003","10.000000"
2800,"66.000000","5.000000"
2801,"66.019997","1.000000"
2802,"66.040001","5.000000"
2803,"66.059998","1.000000"
2804,"66.080002","15.000000"
2805,"66.099998","15.000000"
2806,"66.120003","5.000000"
2807,"66.139999","10.000000"
2808,"66.160004","15.000000"
2809,"66.180000","5.000000"
2810,"66.199997","5.000000"
2811,"66.220001","10.000000"
2812,"66.239998","1.000000"
2813,"66.260002","5.000000"
2814,"66.279999","10.000000"
2815,"66.300003","10.000000"
2816,"66.320000","5.000000"
2817,"66.339996","1.000000"
2818,"66.360001","5.000000"
2819,"66.379997","10.000000"
2820,"66.400002","1.000000"
2821,"66.419998","10.000000"
2822,"66.440002","10.000000"
2823,"66.459999","10.000000"
2824,"66.480003","10.000000"
2825,"66.500000","10.000000"
2826,"66.519997","5.000000"
2827,"66.540001","15.000000"
2828,"66.559998","1.000000"
2829,"66.580002","20.000000"
2830,"66.599998","15.000000"
2831,"66.620003","5.000000"
2832,"66.639999","5.000000"
2833,"66.660004","10.000000"
2834,"66.680000","10.000000"
2835,"66.699997","15.000000"
2836,"66.720001","5.000000"
2837,"66.739998","5.000000"
2838,"66.760002","5.000000"
2839,"66.779999","15.000000"
2840,"66.800003","1.000000"
2841,"66.820000","1.000000"
2842,"66.839996","5.000000"
2843,"66.860001","5.000000"
2844,"66.879997","15.000000"
2845,"66.900002","5.000000"
2846,"66.919998","15.000000"
2847,"66.940002","10.000000"
2848,"66.959999","5.000000"
2849,"66.980003","5.000000"
2850,"67.000000","5.000000"
2851,"67.019997","10.000000"
2852,"67.040001","5.000000"
2853,"67.059998","5.000000"
2854,"67.080002","5.000000"
2855,"67.099998","5.000000"
2856,"67.120003","10.000000"
2857,"67.139999","5.000000"
2858,"67.160004","10.000000"
2859,"67.180000","1.000000"
2860,"67.199997","10.000000"
2861,"67.220001","10.000000"
2862,"67.239998","5.000000"
2863,"67.260002","5.000000"
2864,"67.279999","5.000000"
2865,"67.300003","10.000000"
2866,"67.320000","1.000000"
2867,"67.339996","5.000000"
2868,"67.360001","10.000000"
2869,"67.379997","5.000000"
2870,"67.400002","10.000000"
2871,"67.419998","20.000000"
2872,"67.440002","5.000000"
2873,"67.459999","10.000000"
2874,"67.480003","5.000000"
2875,"67.500000","5.000000"
2876,"67.519997","1.000000"
2877,"67.540001","10.000000"
2878,"67.559998","5.000000"
2879,"67.580002","15.000000"
2880,"67.599998","20.000000"
2881,"67.620003","10.000000"
2882,"67.639999","5.000000"
2883,"67.660004","5.000000"
2884,"67.680000","15.000000"
2885,"67.699997","20.000000"
2886,"67.720001","15.000000"
2887,"67.739998","5.000000"
2888,"67.760002","5.000000"
2889,"67.779999","15.000000"
2890,"67.800003","20.000000"
2891,"67.820000","15.000000"
2892,"67.839996","1.000000"
2893,"67.860001","15.000000"
2894,"67.879997","10.000000"
2895,"67.900002","15.000000"
2896,"67.919998","10.000000"
2897,"67.940002","10.000000"
2898,"67.959999","15.000000"
2899,"67.980003","20.000000"
2900,"68.000000","15.000000"
2901,"68.019997","5.000000"
2902,"68.040001","25.000000"
2903,"68.059998","20.000000"
2904,"68.080002","25.000000"
2905,"68.099998","25.000000"
2906,"68.120003","15.000000"
2907,"68.139999","20.000000"
2908,"68.160004","20.000000"
2909,"68.180000","15.000000"
2910,"68.199997","15.000000"
2911,"68.220001","10.000000"
2912,"68.239998","30.000000"
2913,"68.260002","25.000000"
2914,"68.279999","15.000000"
2915,"68.300003","25.000000"
2916,"68.320000","5.000000"
2917,"68.339996","10.000000"
2918,"68.360001","25.000000"
2919,"68.379997","25.000000"
2920,"68.400002","25.000000"
2921,"68.419998","20.000000"
2922,"68.440002","30.000000"
2923,"68.459999","25.000000"
2924,"68.480003","25.000000"
2925,"68.500000","10.000000"
2926,"68.519997","20.000000"
2927,"68.540001","20.000000"
2928,"68.559998","25.000000"
2929,"68.580002","25.000000"
2930,"68.599998","25.000000"
2931,"68.620003","30.000000"
2932,"68.639999","25.000000"
2933,"68.660004","20.000000"
2934,"68.680000","20.000000"
2935,"68.699997","20.000000"
2936,"68.720001","30.000000"
2937,"68.739998","15.000000"
2938,"68.760002","30.000000"
2939,"68.779999","15.000000"
2940,"68.800003","15.000000"
2941,"68.820000","15.000000"
2942,"68.839996","10.000000"
2943,"68.860001","20.000000"
2944,"68.879997","20.000000"
2945,"68.900002","5.000000"
2946,"68.919998","25.000000"
2947,"68.940002","20.000000"
2948,"68.959999","10.000000"
2949,"68.980003","35.000000"
2950,"69.000000","20.000000"
2951,"69.019997","20.000000"
2952,"69.040001","15.000000"
2953,"69.059998","15.000000"
2954,"69.080002","20.000000"
2955,"69.099998","15.000000"
2956,"69.120003","5.000000"
2957,"69.139999","10.000000"
2958,"69.160004","15.000000"
2959,"69.180000","30.000000"
2960,"69.199997","15.000000"
2961,"69.220001","20.000000"
2962,"69.239998","20.000000"
2963,"69.260002","10.000000"
2964,"69.279999","20.000000"
2965,"69.300003","5.000000"
2966,"69.320000","25.000000"
2967,"69.339996","5.000000"
2968,"69.360001","15.000000"
2969,"69.379997","20.000000"
2970,"69.400002","15.000000"
2971,"69.419998","20.000000"
2972,"69.440002","15.000000"
2973,"69.459999","25.000000"
2974,"69.480003","30.000000"
2975,"69.500000","15.000000"
2976,"69.519997","25.000000"
2977,"69.540001","10.000000"
2978,"69.559998","10.000000"
2979,"69.580002","20.000000"
2980,"69.599998","15.000000"
2981,"69.620003","25.000000"
2982,"69.639999","15.000000"
2983,"69.660004","15.000000"
2984,"69.680000","25.000000"
2985,"69.699997","20.000000"
2986,"69.720001","10.000000"
2987,"69.739998","10.000000"
2988,"69.760002","10.000000"
2989,"69.779999","15.000000"
2990,"69.800003","10.000000"
2991,"69.820000","15.000000"
2992,"69.839996","15.000000"
2993,"69.860001","15.000000"
2994,"69.879997","10.000000"
2995,"69.900002","15.000000"
2996,"69.919998","5.000000"
2997,"69.940002","1.000000"
2998,"69.959999","10.000000"
2999,"69.980003","10.000000"
3000,"70.000000","5.000000"
3001,"70.019997","10.000000"
3002,"70.040001","1.000000"
3003,"70.059998","5.000000"
3004,"70.080002","10.000000"
3005,"70.099998","15.000000"
3006,"70.120003","15.000000"
3007,"70.139999","15.000000"
3008,"70.160004","10.000000"
3009,"70.180000","5.000000"
3010,"70.199997","15.000000"
3011,"70.220001","5.000000"
3012,"70.239998","10.000000"
3013,"70.260002","10.000000"
3014,"70.279999","15.000000"
3015,"70.300003","10.000000"
3016,"70.320000","5.000000"
3017,"70.339996","10.000000"
3018,"70.360001","5.000000"
3019,"70.379997","5.000000"
3020,"70.400002","15.000000"
3021,"70.419998","15.000000"
3022,"70.440002","15.000000"
3023,"70.459999","5.000000"
3024,"70.480003","1.000000"
3025,"70.500000","10.000000"
3026,"70.519997","1.000000"
3027,"70.540001","1.000000"
3028,"70.559998","5.000000"
3029,"70.580002","15.000000"
3030,"70.599998","1.000000"
3031,"70.620003","10.000000"
3032,"70.639999","1.000000"
3033,"70.660004","5.000000"
3034,"70.680000","5.000000"
3035,"70.699997","1.000000"
3036,"70.720001","5.000000"
3037,"70.739998","1.000000"
3038,"70.760002","5.000000"
3039,"70.779999","1.000000"
3040,"70.800003","1.000000"
3041,"70.820000","5.000000"
3042,"70.839996","5.000000"
3043,"70.860001","1.000000"
3044,"70.879997","1.000000"
3045,"70.900002","5.000000"
3046,"70.919998","5.000000"
3047,"70.940002","1.000000"
3048,"70.959999","1.000000"
3049,"70.980003","5.000000"
3050,"71.000000","5.000000"
3051,"71.019997","1.000000"
3052,"71.040001","10.000000"
3053,"71.059998","10.000000"
3054,"71.080002","1.000000"
3055,"71.099998","5.000000"
3056,"71.120003","15.000000"
3057,"71.139999","5.000000"
3058,"71.160004","5.000000"
3059,"71.180000","5.000000"
3060,"71.199997","5.000000"
3061,"71.220001","1.000000"
3062,"71.239998","5.000000"
3063,"71.260002","1.000000"
3064,"71.279999","10.000000"
3065,"71.300003","5.000000"
3066,"71.320000","5.000000"
3067,"71.339996","1.000000"
3068,"71.360001","5.000000"
3069,"71.379997","5.000000"
3070,"71.400002","5.000000"
3071,"71.419998","1.000000"
3072,"71.440002","5.000000"
3073,"71.459999","5.000000"
3074,"71.480003","1.000000"
3075,"71.500000","5.000000"
3076,"71.519997","5.000000"
3077,"71.540001","1.000000"
3078,"71.559998","1.000000"
3079,"71.580002","1.000000"
3080,"71.599998","1.000000"
3081,"71.620003","10.000000"
3082,"71.639999","1.000000"
3083,"71.660004","1.000000"
3084,"71.680000","10.000000"
3085,"71.699997","5.000000"
3086,"71.720001","5.000000"
3087,"71.739998","10.000000"
3088,"71.760002","1.000000"
3089,"71.779999","5.000000"
3090,"71.800003","1.000000"
3091,"71.820000","10.000000"
3092,"71.839996","5.000000"
3093,"71.860001","10.000000"
3094,"71.879997","5.000000"
3095,"71.900002","5.000000"
3096,"71.919998","5.000000"
3097,"71.940002","1.000000"
3098,"71.959999","1.000000"
3099,"71.980003","5.000000"
3100,"72.000000","5.000000"
3101,"72.019997","1.000000"
3102,"72.040001","5.000000"
3103,"72.059998","5.000000"
3104,"72.080002","1.000000"
3105,"72.099998","1.000000"
3106,"72.120003","1.000000"
3107,"72.139999","1.000000"
3108,"72.160004","1.000000"
3109,"72.180000","5.000000"
3110,"72.199997","5.000000"
3111,"72.220001","5.000000"
3112,"72.239998","5.000000"
3113,"72.260002","5.000000"
3114,"72.279999","1.000000"
3115,"72.300003","1.000000"
3116,"72.320000","1.000000"
3117,"72.339996","5.000000"
3118,"72.360001","1.000000"
3119,"72.379997","5.000000"
3120,"72.400002","10.000000"
3121,"72.419998","5.000000"
3122,"72.440002","5.000000"
3123,"72.459999","1.000000"
3124,"72.480003","5.000000"
3125,"72.500000","5.000000"
3126,"72.519997","5.000000"
3127,"72.540001","5.000000"
3128,"72.559998","15.000000"
3129,"72.580002","10.000000"
3130,"72.599998","15.000000"
3131,"72.620003","1.000000"
3132,"72.639999","5.000000"
3133,"72.660004","10.000000"
3134,"72.680000","15.000000"
3135,"72.699997","1.000000"
3136,"72.720001","5.000000"
3137,"72.739998","10.000000"
3138,"72.760002","5.000000"
3139,"72.779999","15.000000"
3140,"72.800003","5.000000"
3141,"72.820000","10.000000"
3142,"72.839996","15.000000"
3143,"72.860001","10.000000"
3144,"72.879997","15.000000"
3145,"72.900002","5.000000"
3146,"72.919998","10.000000"
3147,"72.940002","10.000000"
3148,"72.959999","15.000000"
3149,"72.980003","15.000000"
3150,"73.000000","10.000000"
3151,"73.019997","10.000000"
3152,"73.040001","30.000000"
3153,"73.059998","15.000000"
3154,"73.080002","15.000000"
3155,"73.099998","25.000000"
3156,"73.120003","25.000000"
3157,"73.139999","15.000000"
3158,"73.160004","25.000000"
3159,"73.180000","25.000000"
3160,"73.199997","15.000000"
3161,"73.220001","10.000000"
3162,"73.239998","10.000000"
3163,"73.260002","15.000000"
3164,"73.279999","25.000000"
3165,"73.300003","15.000000"
3166,"73.320000","25.000000"
3167,"73.339996","25.000000"
3168,"73.360001","25.000000"
3169,"73.379997","25.000000"
3170,"73.400002","10.000000"
3171,"73.419998","10.000000"
3172,"73.440002","15.000000"
3173,"73.459999","20.000000"
3174,"73.480003","25.000000"
3175,"73.500000","15.000000"
3176,"73.519997","15.000000"
3177,"73.540001","15.000000"
3178,"73.559998","15.000000"
3179,"73.580002","10.000000"
3180,"73.599998","10.000000"
3181,"73.620003","20.000000"
3182,"73.639999","10.000000"
3183,"73.660004","15.000000"
3184,"73.680000","25.000000"
3185,"73.699997","25.000000"
3186,"73.720001","10.000000"
3187,"73.739998","15.000000"
3188,"73.760002","10.000000"
3189,"73.779999","25.000000"
3190,"73.800003","25.000000"
3191,"73.820000","15.000000"
3192,"73.839996","10.000000"
3193,"73.860001","10.000000"
3194,"73.879997","20.000000"
3195,"73.900002","20.000000"
3196,"73.919998","15.000000"
3197,"73.940002","5.000000"
3198,"73.959999","25.000000"
3199,"73.980003","20.000000"
3200,"74.000000","25.000000"
3201,"74.019997","25.000000"
3202,"74.040001","5.000000"
3203,"74.059998","5.000000"
3204,"74.080002","10.000000"
3205,"74.099998","10.000000"
3206,"74.120003","15.000000"
3207,"74.139999","5.000000"
3208,"74.160004","5.000000"
3209,"74.180000","10.000000"
3210,"74.199997","10.000000"
3211,"74.220001","10.000000"
3212,"74.239998","1.000000"
3213,"74.260002","10.000000"
3214,"74.279999","5.000000"
3215,"74.300003","10.000000"
3216,"74.320000","5.000000"
3217,"74.339996","1.000000"
3218,"74.360001","10.000000"
3219,"74.379997","15.000000"
3220,"74.400002","10.000000"
3221,"74.419998","10.000000"
3222,"74.440002","5.000000"
3223,"74.459999","5.000000"
3224,"74.480003","5.000000"
3225,"74.500000","1.000000"
3226,"74.519997","5.000000"
3227,"74.540001","20.000000"
3228,"74.559998","10.000000"
3229,"74.580002","5.000000"
3230,"74.599998","5.000000"
3231,"74.620003","1.000000"
3232,"74.639999","5.000000"
3233,"74.660004","5.000000"
3234,"74.680000","5.000000"
3235,"74.699997","5.000000"
3236,"74.720001","1.000000"
3237,"74.739998","10.000000"
3238,"74.760002","5.000000"
3239,"74.779999","1.000000"
3240,"74.800003","1.000000"
3241,"74.820000","1.000000"
3242,"74.839996","5.000000"
3243,"74.860001","5.000000"
3244,"74.879997","1.000000"
3245,"74.900002","1.000000"
3246,"74.919998","5.000000"
3247,"74.940002","5.000000"
3248,"74.959999","5.000000"
3249,"74.980003","15.000000"
3250,"75.000000","1.000000"
3251,"75.019997","5.000000"
3252,"75.040001","1.000000"
3253,"75.059998","1.000000"
3254,"75.080002","5.000000"
3255,"75.099998","1.000000"
3256,"75.120003","5.000000"
3257,"75.139999","10.000000"
3258,"75.160004","1.000000"
3259,"75.180000","5.000000"
3260,"75.199997","1.000000"
3261,"75.220001","10.000000"
3262,"75.239998","1.000000"
3263,"75.260002","1.000000"
3264,"75.279999","5.000000"
3265,"75.300003","5.000000"
3266,"75.320000","5.000000"
3267,"75.339996","1.000000"
3268,"75.360001","1.000000"
3269,"75.379997","1.000000"
3270,"75.400002","5.000000"
3271,"75.419998","1.000000"
3272,"75.440002","5.000000"
3273,"75.459999","1.000000"
3274,"75.480003","5.000000"
3275,"75.500000","1.000000"
3276,"75.519997","5.000000"
3277,"75.540001","1.000000"
3278,"75.559998","5.000000"
3279,"75.580002","1.000000"
3280,"75.599998","1.000000"
3281,"75.620003","5.000000"
3282,"75.639999","1.000000"
3283,"75.660004","5.000000"
3284,"75.680000","5.000000"
3285,"75.699997","1.000000"
3286,"75.720001","1.000000"
3287,"75.739998","5.000000"
3288,"75.760002","1.000000"
3289,"75.779999","1.000000"
3290,"75.800003","1.000000"
3291,"75.820000","10.000000"
3292,"75.839996","5.000000"
3293,"75.860001","5.000000"
3294,"75.879997","5.000000"
3295,"75.900002","1.000000"
3296,"75.919998","1.000000"
3297,"75.940002","5.000000"
3298,"75.959999","5.000000"
3299,"75.980003","10.000000"
3300,"76.000000","5.000000"
3301,"76.019997","1.000000"
3302,"76.040001","5.000000"
3303,"76.059998","5.000000"
3304,"76.080002","1.000000"
3305,"76.099998","5.000000"
3306,"76.120003","1.000000"
3307,"76.139999","1.000000"
3308,"76.160004","1.000000"
3309,"76.180000","5.000000"
3310,"76.199997","5.000000"
3311,"76.220001","1.000000"
3312,"76.239998","5.000000"
3313,"76.260002","1.000000"
3314,"76.279999","1.000000"
3315,"76.300003","1.000000"
3316,"76.320000","5.000000"
3317,"76.339996","5.000000"
3318,"76.360001","5.000000"
3319,"76.379997","5.000000"
3320,"76.400002","1.000000"
3321,"76.419998","5.000000"
3322,"76.440002","5.000000"
3323,"76.459999","1.000000"
3324,"76.480003","5.000000"
3325,"76.500000","10.000000"
3326,"76.519997","1.000000"
3327,"76.540001","5.000000"
3328,"76.559998","5.000000"
3329,"76.580002","1.000000"
3330,"76.599998","5.000000"
3331,"76.620003","10.000000"
3332,"76.639999","5.000000"
3333,"76.660004","1.000000"
3334,"76.680000","5.000000"
3335,"76.699997","1.000000"
3336,"76.720001","5.000000"
3337,"76.739998","1.000000"
3338,"76.760002","1.000000"
3339,"76.779999","5.000000"
3340,"76.800003","5.000000"
3341,"76.820000","5.000000"
3342,"76.839996","1.000000"
3343,"76.860001","5.000000"
3344,"76.879997","5.000000"
3345,"76.900002","1.000000"
3346,"76.919998","10.000000"
3347,"76.940002","5.000000"
3348,"76.959999","5.000000"
3349,"76.980003","1.000000"
3350,"77.000000","1.000000"
3351,"77.019997","1.000000"
3352,"77.040001","5.000000"
3353,"77.059998","10.000000"
3354,"77.080002","1.000000"
3355,"77.099998","10.000000"
3356,"77.120003","1.000000"
3357,"77.139999","1.000000"
3358,"77.160004","10.000000"
3359,"77.180000","5.000000"
3360,"77.199997","1.000000"
3361,"77.220001","5.000000"
3362,"77.239998","5.000000"
3363,"77.260002","5.000000"
3364,"77.279999","5.000000"
3365,"77.300003","10.000000"
3366,"77.320000","1.000000"
3367,"77.339996","5.000000"
3368,"77.360001","1.000000"
3369,"77.379997","1.000000"
3370,"77.400002","5.000000"
3371,"77.419998","1.000000"
3372,"77.440002","1.000000"
3373,"77.459999","1.000000"
3374,"77.480003","10.000000"
3375,"77.500000","1.000000"
3376,"77.519997","1.000000"
3377,"77.540001","15.000000"
3378,"77.559998","5.000000"
3379,"77.580002","5.000000"
3380,"77.599998","10.000000"
3381,"77.620003","1.000000"
3382,"77.639999","5.000000"
3383,"77.660004","5.000000"
3384,"77.680000","1.000000"
3385,"77.699997","5.000000"
3386,"77.720001","5.000000"
3387,"77.739998","1.000000"
3388,"77.760002","1.000000"
3389,"77.779999","5.000000"
3390,"77.800003","5.000000"
3391,"77.820000","10.000000"
3392,"77.839996","5.000000"
3393,"77.860001","5.000000"
3394,"77.879997","1.000000"
3395,"77.900002","5.000000"
3396,"77.919998","5.000000"
3397,"77.940002","10.000000"
3398,"77.959999","10.000000"
3399,"77.980003","5.000000"
3400,"78.000000","5.000000"
3401,"78.019997","10.000000"
3402,"78.040001","1.000000"
3403,"78.059998","5.000000"
3404,"78.080002","5.000000"
3405,"78.099998","5.000000"
3406,"78.120003","1.000000"
3407,"78.139999","15.000000"
3408,"78.160004","1.000000"
3409,"78.180000","10.000000"
3410,"78.199997","5.000000"
3411,"78.220001","1.000000"
3412,"78.239998","5.000000"
3413,"78.260002","1.000000"
3414,"78.279999","5.000000"
3415,"78.300003","5.000000"
3416,"78.320000","5.000000"
3417,"78.339996","1.000000"
3418,"78.360001","5.000000"
3419,"78.379997","1.000000"
3420,"78.400002","5.000000"
3421,"78.419998","1.000000"
3422,"78.440002","1.000000"
3423,"78.459999","1.000000"
3424,"78.480003","5.000000"
3425,"78.500000","5.000000"
3426,"78.519997","5.000000"
3427,"78.540001","1.000000"
3428,"78.559998","1.000000"
3429,"78.580002","10.000000"
3430,"78.599998","5.000000"
3431,"78.620003","1.000000"
3432,"78.639999","5.000000"
3433,"78.660004","5.000000"
3434,"78.680000","10.000000"
3435,"78.699997","1.000000"
3436,"78.720001","1.000000"
3437,"78.739998","1.000000"
3438,"78.760002","5.000000"
3439,"78.779999","5.000000"
3440,"78.800003","1.000000"
3441,"78.820000","5.000000"
3442,"78.839996","1.000000"
3443,"78.860001","5.000000"
3444,"78.879997","1.000000"
3445,"78.900002","1.000000"
3446,"78.919998","10.000000"
3447,"78.940002","1.000000"
3448,"78.959999","1.000000"
3449,"78.980003","1.000000"
3450,"79.000000","5.000000"
3451,"79.019997","5.000000"
3452,"79.040001","1.000000"
3453,"79.059998","1.000000"
3454,"79.080002","5.000000"
3455,"79.099998","10.000000"
3456,"79.120003","1.000000"
3457,"79.139999","5.000000"
3458,"79.160004","5.000000"
3459,"79.180000","10.000000"
3460,"79.199997","5.000000"
3461,"79.220001","1.000000"
3462,"79.239998","1.000000"
3463,"79.260002","1.000000"
3464,"79.279999","5.000000"
3465,"79.300003","1.000000"
3466,"79.320000","1.000000"
3467,"79.339996","5.000000"
3468,"79.360001","5.000000"
3469,"79.379997","1.000000"
3470,"79.400002","5.000000"
3471,"79.419998","1.000000"
3472,"79.440002","1.000000"
3473,"79.459999","1.000000"
3474,"79.480003","5.000000"
3475,"79.500000","10.000000"
3476,"79.519997","1.000000"
3477,"79.540001","5.000000"
3478,"79.559998","1.000000"
3479,"79.580002","5.000000"
3480,"79.599998","1.000000"
3481,"79.620003","1.000000"
3482,"79.639999","10.000000"
3483,"79.660004","5.000000"
3484,"79.680000","5.000000"
3485,"79.699997","1.000000"
3486,"79.720001","1.000000"
3487,"79.739998","5.000000"
3488,"79.760002","5.000000"
3489,"79.779999","5.000000"
3490,"79.800003","5.000000"
3491,"79.820000","1.000000"
3492,"79.839996","5.000000"
3493,"79.860001","5.000000"
3494,"79.879997","1.000000"
3495,"79.900002","1.000000"
3496,"79.919998","1.000000"
3497,"79.940002","1.000000"
3498,"79.959999","5.000000"
3499,"79.980003","1.000000"
3500,"80.000000","5.000000"
