﻿<?xml version="1.0"?>
<MDI version="1.0" CRC="1840899819" xmlns:dt="urn:schemas-microsoft-com:datatypes"><Document_Format>Materials Data Inc.</Document_Format><Document_Contents>XRD Powder Diffraction Data</Document_Contents><Document_Creator>MDI Jade 7</Document_Creator><Document_Originator>lenovo</Document_Originator><Document_Origination>Materials Data, Inc.</Document_Origination><Document_Date_Created>2021/6/7 19:01:35</Document_Date_Created><Document_Last_Modified>2021/6/7 19:03:19 </Document_Last_Modified><Document_Note>...</Document_Note><Pattern id="20mA slit:1deg&amp;1deg&amp;0.2mm Monochromator:OFF Ts-Td" type="Measured"><FileName>C:\Users\lenovo\Desktop\样品文件\2020-09-02 10_52 铝片.mdi                                       ††</FileName><File-Date>2020/9/2 10:52:32</File-Date><Creator>MDI Jade 7</Creator><Wavelength Source="Cu">1.54059</Wavelength><Comment/><PhaseListing N="40" Date="2021/6/7 19:03:19"><Phase id="Aluminum"><Formula>Al</Formula><FOM>4.8</FOM><y-Scaling>44%</y-Scaling><d-Scaling>1.0</d-Scaling><x-Offset>0.08</x-Offset><Card>01-089-2837</Card><d-I-LineCount>4</d-I-LineCount><QualityMark>Calculated</QualityMark><Source>Calculated</Source><SpaceGroup>Fm-3m (225)</SpaceGroup><PearsonSymbol>cF4</PearsonSymbol><RIR>4.10</RIR><Density>2.679</Density><FormulaUnits>4</FormulaUnits><a>4.0592</a><b>4.0592</b><c>4.0592</c><Alpha>90.0</Alpha><Beta>90.0</Beta><Gamma>90.0</Gamma><Volume>66.9</Volume><CSD-Number>43492</CSD-Number></Phase><Phase id="Aluminum Germanium"><Formula>Al0.904Ge0.096</Formula><FOM>4.8</FOM><y-Scaling>46%</y-Scaling><d-Scaling>1.0</d-Scaling><x-Offset>0.08</x-Offset><Card>00-065-8513</Card><d-I-LineCount>4</d-I-LineCount><QualityMark>Common(+)</QualityMark><Source>Calculated</Source><SpaceGroup>Fm-3m (225)</SpaceGroup><PearsonSymbol>cF4</PearsonSymbol><RIR>4.70</RIR><Density>3.124</Density><FormulaUnits>4</FormulaUnits><a>4.0549</a><b>4.0549</b><c>4.0549</c><Alpha>90.0</Alpha><Beta>90.0</Beta><Gamma>90.0</Gamma><Volume>66.7</Volume></Phase><Phase id="Lithium silver germanide"><Formula>(Li3Ag3Ge2)0.5</Formula><FOM>7.6</FOM><y-Scaling>46%</y-Scaling><d-Scaling>1.0</d-Scaling><x-Offset>0.0</x-Offset><Card>01-088-0994</Card><d-I-LineCount>10</d-I-LineCount><QualityMark>Calculated</QualityMark><Source>Calculated</Source><SpaceGroup>Pm-3m (221)</SpaceGroup><PearsonSymbol>cP4</PearsonSymbol><RIR>9.19</RIR><Density>6.141</Density><FormulaUnits>1</FormulaUnits><a>4.045</a><b>4.045</b><c>4.045</c><Alpha>90.0</Alpha><Beta>90.0</Beta><Gamma>90.0</Gamma><Volume>66.2</Volume><CSD-Number>85308</CSD-Number></Phase><Phase id="Aluminum"><Formula>Al</Formula><FOM>7.7</FOM><y-Scaling>44%</y-Scaling><d-Scaling>1.0</d-Scaling><x-Offset>-0.02</x-Offset><Card>01-085-1327</Card><d-I-LineCount>4</d-I-LineCount><QualityMark>Calculated</QualityMark><Source>Calculated</Source><SpaceGroup>Fm-3m (225)</SpaceGroup><PearsonSymbol>cF4</PearsonSymbol><RIR>4.10</RIR><Density>2.690</Density><FormulaUnits>4</FormulaUnits><a>4.0494</a><b>4.0494</b><c>4.0494</c><Alpha>90.0</Alpha><Beta>90.0</Beta><Gamma>90.0</Gamma><Volume>66.4</Volume><CSD-Number>64700</CSD-Number></Phase><Phase id="Palladium Thulium"><Formula>Pd3Tm</Formula><FOM>8.0</FOM><y-Scaling>46%</y-Scaling><d-Scaling>1.0</d-Scaling><x-Offset>0.1</x-Offset><Card>00-065-0207</Card><d-I-LineCount>10</d-I-LineCount><QualityMark>Uncommon(?)</QualityMark><Source>Calculated</Source><SpaceGroup>Pm-3m (221)</SpaceGroup><PearsonSymbol>cP4</PearsonSymbol><RIR>17.01</RIR><Density>12.154</Density><FormulaUnits>1</FormulaUnits><a>4.055</a><b>4.055</b><c>4.055</c><Alpha>90.0</Alpha><Beta>90.0</Beta><Gamma>90.0</Gamma><Volume>66.7</Volume></Phase><Phase id="Aluminum, syn"><Formula>Al</Formula><FOM>8.1</FOM><y-Scaling>44%</y-Scaling><d-Scaling>1.0</d-Scaling><x-Offset>-0.02</x-Offset><Card>00-004-0787</Card><d-I-LineCount>4</d-I-LineCount><QualityMark>Common(+)</QualityMark><Source>Diffractometer</Source><SpaceGroup>Fm-3m (225)</SpaceGroup><PearsonSymbol>cF4</PearsonSymbol><RIR>3.62</RIR><Density>2.697</Density><FormulaUnits>4</FormulaUnits><a>4.0494</a><b>4.0494</b><c>4.0494</c><Alpha>90.0</Alpha><Beta>90.0</Beta><Gamma>90.0</Gamma><Volume>66.4</Volume></Phase><Phase id="Erbium Palladium"><Formula>ErPd3</Formula><FOM>8.1</FOM><y-Scaling>46%</y-Scaling><d-Scaling>1.0</d-Scaling><x-Offset>0.08</x-Offset><Card>00-065-6808</Card><d-I-LineCount>10</d-I-LineCount><QualityMark>Uncommon(?)</QualityMark><Source>Calculated</Source><SpaceGroup>Pm-3m (221)</SpaceGroup><PearsonSymbol>cP4</PearsonSymbol><RIR>16.57</RIR><Density>12.120</Density><FormulaUnits>1</FormulaUnits><a>4.0542</a><b>4.0542</b><c>4.0542</c><Alpha>90.0</Alpha><Beta>90.0</Beta><Gamma>90.0</Gamma><Volume>66.6</Volume></Phase><Phase id="Griceite, syn"><Formula>LiF</Formula><FOM>8.1</FOM><y-Scaling>93%</y-Scaling><d-Scaling>1.0</d-Scaling><x-Offset>0.0</x-Offset><Card>01-089-3610</Card><d-I-LineCount>4</d-I-LineCount><QualityMark>Calculated</QualityMark><Source>Calculated</Source><SpaceGroup>Fm-3m (225)</SpaceGroup><PearsonSymbol>cF8</PearsonSymbol><RIR>1.53</RIR><Density>2.593</Density><FormulaUnits>4</FormulaUnits><a>4.05</a><b>4.05</b><c>4.05</c><Alpha>90.0</Alpha><Beta>90.0</Beta><Gamma>90.0</Gamma><Volume>66.4</Volume><CSD-Number>44272</CSD-Number></Phase><Phase id="Aluminum"><Formula>Al</Formula><FOM>8.1</FOM><y-Scaling>44%</y-Scaling><d-Scaling>1.0</d-Scaling><x-Offset>-0.02</x-Offset><Card>01-089-2769</Card><d-I-LineCount>4</d-I-LineCount><QualityMark>Calculated</QualityMark><Source>Calculated</Source><SpaceGroup>Fm-3m (225)</SpaceGroup><PearsonSymbol>cF4</PearsonSymbol><RIR>4.10</RIR><Density>2.700</Density><FormulaUnits>4</FormulaUnits><a>4.0497</a><b>4.0497</b><c>4.0497</c><Alpha>90.0</Alpha><Beta>90.0</Beta><Gamma>90.0</Gamma><Volume>66.4</Volume><CSD-Number>43423</CSD-Number></Phase><Phase id="Aluminum Scandium"><Formula>Al0.968Sc0.032</Formula><FOM>8.2</FOM><y-Scaling>40%</y-Scaling><d-Scaling>1.0</d-Scaling><x-Offset>0.1</x-Offset><Card>00-065-5191</Card><d-I-LineCount>4</d-I-LineCount><QualityMark>Common(+)</QualityMark><Source>Calculated</Source><SpaceGroup>Fm-3m (225)</SpaceGroup><PearsonSymbol>cF4</PearsonSymbol><RIR>4.19</RIR><Density>2.724</Density><FormulaUnits>4</FormulaUnits><a>4.065</a><b>4.065</b><c>4.065</c><Alpha>90.0</Alpha><Beta>90.0</Beta><Gamma>90.0</Gamma><Volume>67.2</Volume></Phase><Phase id="Aluminum, syn"><Formula>Al</Formula><FOM>8.3</FOM><y-Scaling>44%</y-Scaling><d-Scaling>1.0</d-Scaling><x-Offset>-0.02</x-Offset><Card>01-089-4037</Card><d-I-LineCount>4</d-I-LineCount><QualityMark>Calculated</QualityMark><Source>Calculated</Source><SpaceGroup>Fm-3m (225)</SpaceGroup><PearsonSymbol>cF4</PearsonSymbol><RIR>4.10</RIR><Density>2.690</Density><FormulaUnits>4</FormulaUnits><a>4.0496</a><b>4.0496</b><c>4.0496</c><Alpha>90.0</Alpha><Beta>90.0</Beta><Gamma>90.0</Gamma><Volume>66.4</Volume><CSD-Number>44713</CSD-Number></Phase><Phase id="Aluminum, syn"><Formula>Al</Formula><FOM>8.3</FOM><y-Scaling>44%</y-Scaling><d-Scaling>1.0</d-Scaling><x-Offset>-0.02</x-Offset><Card>01-089-3657</Card><d-I-LineCount>4</d-I-LineCount><QualityMark>Calculated</QualityMark><Source>Calculated</Source><SpaceGroup>Fm-3m (225)</SpaceGroup><PearsonSymbol>cF4</PearsonSymbol><RIR>4.10</RIR><Density>2.698</Density><FormulaUnits>4</FormulaUnits><a>4.0495</a><b>4.0495</b><c>4.0495</c><Alpha>90.0</Alpha><Beta>90.0</Beta><Gamma>90.0</Gamma><Volume>66.4</Volume><CSD-Number>44321</CSD-Number></Phase><Phase id="Cerium Palladium Rhodium"><Formula>Ce5Rh9Pd6</Formula><FOM>8.6</FOM><y-Scaling>49%</y-Scaling><d-Scaling>1.0</d-Scaling><x-Offset>0.06</x-Offset><Card>00-065-8119</Card><d-I-LineCount>10</d-I-LineCount><QualityMark>Uncommon(?)</QualityMark><Source>Calculated</Source><SpaceGroup>Pm-3m (221)</SpaceGroup><PearsonSymbol>cP4</PearsonSymbol><RIR>16.69</RIR><Density>11.279</Density><FormulaUnits>.2</FormulaUnits><a>4.053</a><b>4.053</b><c>4.053</c><Alpha>90.0</Alpha><Beta>90.0</Beta><Gamma>90.0</Gamma><Volume>66.6</Volume></Phase><Phase id="Aluminum"><Formula>Al</Formula><FOM>8.8</FOM><y-Scaling>44%</y-Scaling><d-Scaling>1.0</d-Scaling><x-Offset>-0.02</x-Offset><Card>00-065-2869</Card><d-I-LineCount>4</d-I-LineCount><QualityMark>Common(+)</QualityMark><Source>Calculated</Source><SpaceGroup>Fm-3m (225)</SpaceGroup><PearsonSymbol>cF4</PearsonSymbol><RIR>4.30</RIR><Density>2.698</Density><FormulaUnits>4</FormulaUnits><a>4.0497</a><b>4.0497</b><c>4.0497</c><Alpha>90.0</Alpha><Beta>90.0</Beta><Gamma>90.0</Gamma><Volume>66.4</Volume></Phase><Phase id="Aluminum"><Formula>Al</Formula><FOM>8.8</FOM><y-Scaling>44%</y-Scaling><d-Scaling>1.0</d-Scaling><x-Offset>-0.02</x-Offset><Card>98-000-0005</Card><d-I-LineCount>4</d-I-LineCount><QualityMark>Common(+)</QualityMark><Source>Calculated</Source><SpaceGroup>Fm-3m (225)</SpaceGroup><PearsonSymbol>cF4</PearsonSymbol><RIR>4.47</RIR><Density>2.699</Density><FormulaUnits>4</FormulaUnits><a>4.0494</a><b>4.0494</b><c>4.0494</c><Alpha>90.0</Alpha><Beta>90.0</Beta><Gamma>90.0</Gamma><Volume>66.4</Volume><CSD-Number>5</CSD-Number></Phase><Phase id="Tungsten"><Formula>W</Formula><FOM>9.1</FOM><y-Scaling>47%</y-Scaling><d-Scaling>1.0</d-Scaling><x-Offset>0.1</x-Offset><Card>01-088-2339</Card><d-I-LineCount>4</d-I-LineCount><QualityMark>Uncommon(?)</QualityMark><Source>Calculated</Source><SpaceGroup>Fm-3m (225)</SpaceGroup><PearsonSymbol>cF4</PearsonSymbol><RIR>22.28</RIR><Density>18.243</Density><FormulaUnits>4</FormulaUnits><a>4.06</a><b>4.06</b><c>4.06</c><Alpha>90.0</Alpha><Beta>90.0</Beta><Gamma>90.0</Gamma><Volume>66.9</Volume><CSD-Number>41521</CSD-Number></Phase><Phase id="Holmium Palladium"><Formula>HoPd3</Formula><FOM>9.2</FOM><y-Scaling>47%</y-Scaling><d-Scaling>1.0</d-Scaling><x-Offset>0.08</x-Offset><Card>00-065-4047</Card><d-I-LineCount>10</d-I-LineCount><QualityMark>Uncommon(?)</QualityMark><Source>Calculated</Source><SpaceGroup>Pm-3m (221)</SpaceGroup><PearsonSymbol>cP4</PearsonSymbol><RIR>15.83</RIR><Density>12.028</Density><FormulaUnits>1</FormulaUnits><a>4.058</a><b>4.058</b><c>4.058</c><Alpha>90.0</Alpha><Beta>90.0</Beta><Gamma>90.0</Gamma><Volume>66.8</Volume></Phase><Phase id="Aluminum Lithium"><Formula>Al8.9Li1.1</Formula><FOM>9.4</FOM><y-Scaling>46%</y-Scaling><d-Scaling>1.0</d-Scaling><x-Offset>0.0</x-Offset><Card>00-065-7533</Card><d-I-LineCount>4</d-I-LineCount><QualityMark>Common(+)</QualityMark><Source>Calculated</Source><SpaceGroup>Fm-3m (225)</SpaceGroup><PearsonSymbol>cF4</PearsonSymbol><RIR>3.70</RIR><Density>2.484</Density><FormulaUnits>.4</FormulaUnits><a>4.0462</a><b>4.0462</b><c>4.0462</c><Alpha>90.0</Alpha><Beta>90.0</Beta><Gamma>90.0</Gamma><Volume>66.2</Volume></Phase><Phase id="Palladium Yttrium"><Formula>YPd3</Formula><FOM>9.6</FOM><y-Scaling>47%</y-Scaling><d-Scaling>1.0</d-Scaling><x-Offset>0.1</x-Offset><Card>00-065-8400</Card><d-I-LineCount>10</d-I-LineCount><QualityMark>Uncommon(?)</QualityMark><Source>Calculated</Source><SpaceGroup>Pm-3m (221)</SpaceGroup><PearsonSymbol>cP4</PearsonSymbol><RIR>15.70</RIR><Density>10.117</Density><FormulaUnits>1</FormulaUnits><a>4.061</a><b>4.061</b><c>4.061</c><Alpha>90.0</Alpha><Beta>90.0</Beta><Gamma>90.0</Gamma><Volume>67.0</Volume></Phase><Phase id="Erbium Palladium"><Formula>ErPd3</Formula><FOM>9.6</FOM><y-Scaling>47%</y-Scaling><d-Scaling>1.0</d-Scaling><x-Offset>0.1</x-Offset><Card>00-065-0206</Card><d-I-LineCount>10</d-I-LineCount><QualityMark>Uncommon(?)</QualityMark><Source>Calculated</Source><SpaceGroup>Pm-3m (221)</SpaceGroup><PearsonSymbol>cP4</PearsonSymbol><RIR>16.58</RIR><Density>12.059</Density><FormulaUnits>1</FormulaUnits><a>4.061</a><b>4.061</b><c>4.061</c><Alpha>90.0</Alpha><Beta>90.0</Beta><Gamma>90.0</Gamma><Volume>67.0</Volume></Phase><Phase id="Erbium Platinum"><Formula>ErPt3</Formula><FOM>9.6</FOM><y-Scaling>49%</y-Scaling><d-Scaling>1.0</d-Scaling><x-Offset>0.04</x-Offset><Card>00-065-6798</Card><d-I-LineCount>10</d-I-LineCount><QualityMark>Uncommon(?)</QualityMark><Source>Calculated</Source><SpaceGroup>Pm-3m (221)</SpaceGroup><PearsonSymbol>cP4</PearsonSymbol><RIR>22.71</RIR><Density>18.779</Density><FormulaUnits>1</FormulaUnits><a>4.052</a><b>4.052</b><c>4.052</c><Alpha>90.0</Alpha><Beta>90.0</Beta><Gamma>90.0</Gamma><Volume>66.5</Volume></Phase><Phase id="Neodymium Platinum"><Formula>NdPt3</Formula><FOM>9.7</FOM><y-Scaling>47%</y-Scaling><d-Scaling>1.0</d-Scaling><x-Offset>0.08</x-Offset><Card>00-065-9442</Card><d-I-LineCount>10</d-I-LineCount><QualityMark>Uncommon(?)</QualityMark><Source>Calculated</Source><SpaceGroup>Pm-3m (221)</SpaceGroup><PearsonSymbol>cP4</PearsonSymbol><RIR>23.15</RIR><Density>18.111</Density><FormulaUnits>1</FormulaUnits><a>4.059</a><b>4.059</b><c>4.059</c><Alpha>90.0</Alpha><Beta>90.0</Beta><Gamma>90.0</Gamma><Volume>66.9</Volume></Phase><Phase id="Vanadium Oxide"><Formula>VO</Formula><FOM>9.7</FOM><y-Scaling>98%</y-Scaling><d-Scaling>1.0</d-Scaling><x-Offset>0.12</x-Offset><Card>01-077-2173</Card><d-I-LineCount>4</d-I-LineCount><QualityMark>Calculated</QualityMark><Source>Calculated</Source><SpaceGroup>Fm-3m (225)</SpaceGroup><PearsonSymbol>cF8</PearsonSymbol><RIR>4.37</RIR><Density>6.628</Density><FormulaUnits>4</FormulaUnits><a>4.063</a><b>4.063</b><c>4.063</c><Alpha>90.0</Alpha><Beta>90.0</Beta><Gamma>90.0</Gamma><Volume>67.1</Volume><CSD-Number>60486</CSD-Number></Phase><Phase id="Erbium Palladium"><Formula>ErPd3</Formula><FOM>9.8</FOM><y-Scaling>47%</y-Scaling><d-Scaling>1.0</d-Scaling><x-Offset>0.02</x-Offset><Card>00-065-7749</Card><d-I-LineCount>10</d-I-LineCount><QualityMark>Uncommon(?)</QualityMark><Source>Calculated</Source><SpaceGroup>Pm-3m (221)</SpaceGroup><PearsonSymbol>cP4</PearsonSymbol><RIR>16.57</RIR><Density>12.148</Density><FormulaUnits>1</FormulaUnits><a>4.051</a><b>4.051</b><c>4.051</c><Alpha>90.0</Alpha><Beta>90.0</Beta><Gamma>90.0</Gamma><Volume>66.5</Volume></Phase><Phase id="Vanadium Nitride"><Formula>VN.81</Formula><FOM>10.2</FOM><y-Scaling>98%</y-Scaling><d-Scaling>1.0</d-Scaling><x-Offset>0.06</x-Offset><Card>01-071-1139</Card><d-I-LineCount>27</d-I-LineCount><QualityMark>Calculated</QualityMark><Source>Calculated</Source><SpaceGroup>P42/nmc (137)</SpaceGroup><PearsonSymbol>tP57.9</PearsonSymbol><RIR>3.69</RIR><Density>6.196</Density><FormulaUnits>32</FormulaUnits><a>8.115</a><b>8.115</b><c>8.115</c><Alpha>90.0</Alpha><Beta>90.0</Beta><Gamma>90.0</Gamma><Volume>534.4</Volume><CSD-Number>9804</CSD-Number></Phase><Phase id="Erbium Palladium"><Formula>ErPd3</Formula><FOM>10.7</FOM><y-Scaling>46%</y-Scaling><d-Scaling>1.0</d-Scaling><x-Offset>0.0</x-Offset><Card>00-065-0498</Card><d-I-LineCount>10</d-I-LineCount><QualityMark>Uncommon(?)</QualityMark><Source>Calculated</Source><SpaceGroup>Pm-3m (221)</SpaceGroup><PearsonSymbol>cP4</PearsonSymbol><RIR>16.57</RIR><Density>12.203</Density><FormulaUnits>1</FormulaUnits><a>4.045</a><b>4.045</b><c>4.045</c><Alpha>90.0</Alpha><Beta>90.0</Beta><Gamma>90.0</Gamma><Volume>66.2</Volume></Phase><Phase id="Aluminum Nitride"><Formula>AlN</Formula><FOM>11.1</FOM><y-Scaling>75%</y-Scaling><d-Scaling>1.0</d-Scaling><x-Offset>0.0</x-Offset><Card>00-046-1200</Card><d-I-LineCount>4</d-I-LineCount><QualityMark>Common(+)</QualityMark><Source>Diffractometer</Source><SpaceGroup>Fm-3m (225)</SpaceGroup><PearsonSymbol>cF8</PearsonSymbol><Density>4.113</Density><FormulaUnits>4</FormulaUnits><a>4.045</a><b>4.045</b><c>4.045</c><Alpha>90.0</Alpha><Beta>90.0</Beta><Gamma>90.0</Gamma><Volume>66.2</Volume></Phase><Phase id="Aluminium"><Formula>Al</Formula><FOM>11.9</FOM><y-Scaling>44%</y-Scaling><d-Scaling>1.0</d-Scaling><x-Offset>-0.02</x-Offset><Card>99-000-0073</Card><d-I-LineCount>4</d-I-LineCount><QualityMark>JADE's Userfile</QualityMark><Source>Other/Unknown</Source><SpaceGroup>Fm-3m (225)</SpaceGroup><PearsonSymbol>cF</PearsonSymbol><Density>2.707</Density><FormulaUnits>4</FormulaUnits><a>4.05</a><b>4.05</b><c>4.05</c><Alpha>90.0</Alpha><Beta>90.0</Beta><Gamma>90.0</Gamma><Volume>66.4</Volume></Phase><Phase id="Palladium Ytterbium"><Formula>Pd3Yb</Formula><FOM>13.2</FOM><y-Scaling>44%</y-Scaling><d-Scaling>1.0</d-Scaling><x-Offset>-0.02</x-Offset><Card>00-065-0208</Card><d-I-LineCount>10</d-I-LineCount><QualityMark>Uncommon(?)</QualityMark><Source>Calculated</Source><SpaceGroup>Pm-3m (221)</SpaceGroup><PearsonSymbol>cP4</PearsonSymbol><RIR>17.27</RIR><Density>12.302</Density><FormulaUnits>1</FormulaUnits><a>4.05</a><b>4.05</b><c>4.05</c><Alpha>90.0</Alpha><Beta>90.0</Beta><Gamma>90.0</Gamma><Volume>66.4</Volume></Phase><Phase id="Platinum Thulium"><Formula>Pt3Tm</Formula><FOM>13.8</FOM><y-Scaling>46%</y-Scaling><d-Scaling>1.0</d-Scaling><x-Offset>-0.04</x-Offset><Card>00-065-9543</Card><d-I-LineCount>10</d-I-LineCount><QualityMark>Uncommon(?)</QualityMark><Source>Calculated</Source><SpaceGroup>Pm-3m (221)</SpaceGroup><PearsonSymbol>cP4</PearsonSymbol><RIR>23.12</RIR><Density>18.957</Density><FormulaUnits>1</FormulaUnits><a>4.0423</a><b>4.0423</b><c>4.0423</c><Alpha>90.0</Alpha><Beta>90.0</Beta><Gamma>90.0</Gamma><Volume>66.1</Volume></Phase><Phase id="Gallium Hafnium Zinc"><Formula>GaHfZn2</Formula><FOM>14.9</FOM><y-Scaling>47%</y-Scaling><d-Scaling>1.0</d-Scaling><x-Offset>-0.1</x-Offset><Card>00-065-4859</Card><d-I-LineCount>10</d-I-LineCount><QualityMark>Common(+)</QualityMark><Source>Calculated</Source><SpaceGroup>Pm-3m (221)</SpaceGroup><PearsonSymbol>cP4</PearsonSymbol><RIR>12.71</RIR><Density>9.541</Density><FormulaUnits>1</FormulaUnits><a>4.04</a><b>4.04</b><c>4.04</c><Alpha>90.0</Alpha><Beta>90.0</Beta><Gamma>90.0</Gamma><Volume>65.9</Volume></Phase><Phase id="Gallium Zinc Zirconium"><Formula>Ga1.5Zn1.5Zr</Formula><FOM>15.8</FOM><y-Scaling>47%</y-Scaling><d-Scaling>1.0</d-Scaling><x-Offset>-0.1</x-Offset><Card>00-065-8195</Card><d-I-LineCount>10</d-I-LineCount><QualityMark>Common(+)</QualityMark><Source>Calculated</Source><SpaceGroup>Pm-3m (221)</SpaceGroup><PearsonSymbol>cP4</PearsonSymbol><RIR>10.86</RIR><Density>7.399</Density><FormulaUnits>1</FormulaUnits><a>4.04</a><b>4.04</b><c>4.04</c><Alpha>90.0</Alpha><Beta>90.0</Beta><Gamma>90.0</Gamma><Volume>65.9</Volume></Phase><Phase id="Silicon Aluminum"><Formula>Al9Si</Formula><FOM>16.5</FOM><y-Scaling>49%</y-Scaling><d-Scaling>1.0</d-Scaling><x-Offset>-0.1</x-Offset><Card>00-065-8554</Card><d-I-LineCount>4</d-I-LineCount><QualityMark>Common(+)</QualityMark><Source>Calculated</Source><SpaceGroup>Fm-3m (225)</SpaceGroup><PearsonSymbol>cF4</PearsonSymbol><RIR>4.13</RIR><Density>2.734</Density><FormulaUnits>.4</FormulaUnits><a>4.0375</a><b>4.0375</b><c>4.0375</c><Alpha>90.0</Alpha><Beta>90.0</Beta><Gamma>90.0</Gamma><Volume>65.8</Volume></Phase><Phase id="Chromium Oxide"><Formula>CrO.87</Formula><FOM>17.8</FOM><y-Scaling>82%</y-Scaling><d-Scaling>1.0</d-Scaling><x-Offset>-0.08</x-Offset><Card>01-078-0722</Card><d-I-LineCount>4</d-I-LineCount><QualityMark>Calculated</QualityMark><Source>Calculated</Source><SpaceGroup>Fm-3m (225)</SpaceGroup><PearsonSymbol>cF7.5</PearsonSymbol><RIR>4.56</RIR><Density>6.638</Density><FormulaUnits>4</FormulaUnits><a>4.04</a><b>4.04</b><c>4.04</c><Alpha>90.0</Alpha><Beta>90.0</Beta><Gamma>90.0</Gamma><Volume>65.9</Volume><CSD-Number>61632</CSD-Number></Phase><Phase id="Cobalt Gallium Zirconium"><Formula>CoGa5Zr2</Formula><FOM>18.5</FOM><y-Scaling>46%</y-Scaling><d-Scaling>1.0</d-Scaling><x-Offset>-0.12</x-Offset><Card>00-065-7238</Card><d-I-LineCount>10</d-I-LineCount><QualityMark>Common(+)</QualityMark><Source>Calculated</Source><SpaceGroup>Pm-3m (221)</SpaceGroup><PearsonSymbol>cP4</PearsonSymbol><RIR>10.58</RIR><Density>7.460</Density><FormulaUnits>.5</FormulaUnits><a>4.034</a><b>4.034</b><c>4.034</c><Alpha>90.0</Alpha><Beta>90.0</Beta><Gamma>90.0</Gamma><Volume>65.7</Volume></Phase><Phase id="Aluminum Chromium"><Formula>Al0.983Cr0.017</Formula><FOM>18.9</FOM><y-Scaling>46%</y-Scaling><d-Scaling>1.0</d-Scaling><x-Offset>-0.1</x-Offset><Card>00-065-7336</Card><d-I-LineCount>4</d-I-LineCount><QualityMark>Common(+)</QualityMark><Source>Calculated</Source><SpaceGroup>Fm-3m (225)</SpaceGroup><PearsonSymbol>cF4</PearsonSymbol><RIR>4.17</RIR><Density>2.767</Density><FormulaUnits>4</FormulaUnits><a>4.0365</a><b>4.0365</b><c>4.0365</c><Alpha>90.0</Alpha><Beta>90.0</Beta><Gamma>90.0</Gamma><Volume>65.8</Volume></Phase><Phase id="Palladium Thulium"><Formula>Pd3Tm</Formula><FOM>19.4</FOM><y-Scaling>44%</y-Scaling><d-Scaling>1.0</d-Scaling><x-Offset>-0.1</x-Offset><Card>00-065-0739</Card><d-I-LineCount>10</d-I-LineCount><QualityMark>Uncommon(?)</QualityMark><Source>Calculated</Source><SpaceGroup>Pm-3m (221)</SpaceGroup><PearsonSymbol>cP4</PearsonSymbol><RIR>17.00</RIR><Density>12.272</Density><FormulaUnits>1</FormulaUnits><a>4.042</a><b>4.042</b><c>4.042</c><Alpha>90.0</Alpha><Beta>90.0</Beta><Gamma>90.0</Gamma><Volume>66.0</Volume></Phase><Phase id="Palladium Ytterbium"><Formula>Pd3Yb</Formula><FOM>19.8</FOM><y-Scaling>47%</y-Scaling><d-Scaling>1.0</d-Scaling><x-Offset>-0.1</x-Offset><Card>00-065-0500</Card><d-I-LineCount>10</d-I-LineCount><QualityMark>Uncommon(?)</QualityMark><Source>Calculated</Source><SpaceGroup>Pm-3m (221)</SpaceGroup><PearsonSymbol>cP4</PearsonSymbol><RIR>17.26</RIR><Density>12.393</Density><FormulaUnits>1</FormulaUnits><a>4.04</a><b>4.04</b><c>4.04</c><Alpha>90.0</Alpha><Beta>90.0</Beta><Gamma>90.0</Gamma><Volume>65.9</Volume></Phase><Phase id="Palladium Ytterbium"><Formula>YbPd3</Formula><FOM>19.8</FOM><y-Scaling>47%</y-Scaling><d-Scaling>1.0</d-Scaling><x-Offset>-0.1</x-Offset><Card>00-065-8328</Card><d-I-LineCount>10</d-I-LineCount><QualityMark>Uncommon(?)</QualityMark><Source>Calculated</Source><SpaceGroup>Pm-3m (221)</SpaceGroup><PearsonSymbol>cP4</PearsonSymbol><RIR>17.26</RIR><Density>12.393</Density><FormulaUnits>1</FormulaUnits><a>4.04</a><b>4.04</b><c>4.04</c><Alpha>90.0</Alpha><Beta>90.0</Beta><Gamma>90.0</Gamma><Volume>65.9</Volume></Phase></PhaseListing></Pattern></MDI>
