<?xml version="1.0"?>
<MDI version="1.0" CRC="570499523" xmlns:dt="urn:schemas-microsoft-com:datatypes"><Document_Format>Materials Data Inc.</Document_Format><Document_Contents>XRD Powder Diffraction Data</Document_Contents><Document_Creator>MDI Jade 7</Document_Creator><Document_Originator>lenovo</Document_Originator><Document_Origination>Materials Data, Inc.</Document_Origination><Document_Date_Created>2021/6/7 18:57:39</Document_Date_Created><Document_Note>...</Document_Note><Pattern id="Y2O3 Instrument Std." type="Measured"><FileName>C:\soft\Jade7.0\demofile\CPD-Y2O3.RD</FileName><File-Date>1997/12/28 0:40:00</File-Date><Creator>MDI Jade 7</Creator><Wavelength Source="Cu">1.54059</Wavelength><Comment/><InstrumentSettings id="(Goniometer ID)"><Generator-kV>40</Generator-kV><Generator-mA>40</Generator-mA><TargetAnode>Cu</TargetAnode></InstrumentSettings><PhaseListing N="80" Date="2021/6/7 18:57:39"><Phase id="Yttrium Oxide"><Formula>Y2O3</Formula><FOM>0.6</FOM><y-Scaling>97%</y-Scaling><d-Scaling>1.0</d-Scaling><x-Offset>0.04</x-Offset><Card>01-083-0927</Card><d-I-LineCount>41</d-I-LineCount><QualityMark>Calculated</QualityMark><Source>Calculated</Source><SpaceGroup>Ia-3 (206)</SpaceGroup><PearsonSymbol>cI80</PearsonSymbol><RIR>9.20</RIR><Density>5.025</Density><FormulaUnits>16</FormulaUnits><a>10.608</a><b>10.608</b><c>10.608</c><Alpha>90.0</Alpha><Beta>90.0</Beta><Gamma>90.0</Gamma><Volume>1193.7</Volume><CSD-Number>80033</CSD-Number></Phase><Phase id="Yttrium Oxide"><Formula>Y2O3</Formula><FOM>0.6</FOM><y-Scaling>100%</y-Scaling><d-Scaling>1.0</d-Scaling><x-Offset>0.04</x-Offset><Card>01-079-1257</Card><d-I-LineCount>41</d-I-LineCount><QualityMark>Uncommon(?)</QualityMark><Source>Calculated</Source><SpaceGroup>Ia-3 (206)</SpaceGroup><PearsonSymbol>cI80</PearsonSymbol><RIR>9.22</RIR><Density>5.031</Density><FormulaUnits>16</FormulaUnits><a>10.6038</a><b>10.6038</b><c>10.6038</c><Alpha>90.0</Alpha><Beta>90.0</Beta><Gamma>90.0</Gamma><Volume>1192.3</Volume><CSD-Number>66243</CSD-Number></Phase><Phase id="Yttrium oxide - C"><Formula>Y2O3</Formula><FOM>0.7</FOM><y-Scaling>97%</y-Scaling><d-Scaling>1.0</d-Scaling><x-Offset>0.02</x-Offset><Card>01-070-0603</Card><d-I-LineCount>41</d-I-LineCount><QualityMark>Calculated</QualityMark><Source>Calculated</Source><SpaceGroup>Ia-3 (206)</SpaceGroup><PearsonSymbol>cI80</PearsonSymbol><RIR>9.26</RIR><Density>5.030</Density><FormulaUnits>16</FormulaUnits><a>10.604</a><b>10.604</b><c>10.604</c><Alpha>90.0</Alpha><Beta>90.0</Beta><Gamma>90.0</Gamma><Volume>1192.4</Volume><CSD-Number>41936</CSD-Number></Phase><Phase id="Yttrium Oxide"><Formula>Y2O3</Formula><FOM>0.7</FOM><y-Scaling>97%</y-Scaling><d-Scaling>1.0</d-Scaling><x-Offset>0.02</x-Offset><Card>01-086-1107</Card><d-I-LineCount>41</d-I-LineCount><QualityMark>Calculated</QualityMark><Source>Calculated</Source><SpaceGroup>Ia-3 (206)</SpaceGroup><PearsonSymbol>cI80</PearsonSymbol><RIR>9.05</RIR><Density>5.033</Density><FormulaUnits>16</FormulaUnits><a>10.602</a><b>10.602</b><c>10.602</c><Alpha>90.0</Alpha><Beta>90.0</Beta><Gamma>90.0</Gamma><Volume>1191.7</Volume><CSD-Number>81861</CSD-Number></Phase><Phase id="Yttria"><Formula>Y2O3</Formula><FOM>0.7</FOM><y-Scaling>97%</y-Scaling><d-Scaling>1.0</d-Scaling><x-Offset>0.02</x-Offset><Card>00-041-1105</Card><d-I-LineCount>61</d-I-LineCount><QualityMark>Common(+)</QualityMark><Source>Diffractometer</Source><SpaceGroup>Ia-3 (206)</SpaceGroup><PearsonSymbol>cI80</PearsonSymbol><RIR>9.10</RIR><Density>5.031</Density><FormulaUnits>16</FormulaUnits><a>10.6041</a><b>10.6041</b><c>10.6041</c><Alpha>90.0</Alpha><Beta>90.0</Beta><Gamma>90.0</Gamma><Volume>1192.4</Volume></Phase><Phase id="Yttrium Oxide"><Formula>Y2O3</Formula><FOM>0.7</FOM><y-Scaling>97%</y-Scaling><d-Scaling>1.0</d-Scaling><x-Offset>0.02</x-Offset><Card>01-079-1256</Card><d-I-LineCount>41</d-I-LineCount><QualityMark>Calculated</QualityMark><Source>Calculated</Source><SpaceGroup>Ia-3 (206)</SpaceGroup><PearsonSymbol>cI80</PearsonSymbol><RIR>9.19</RIR><Density>5.031</Density><FormulaUnits>16</FormulaUnits><a>10.6038</a><b>10.6038</b><c>10.6038</c><Alpha>90.0</Alpha><Beta>90.0</Beta><Gamma>90.0</Gamma><Volume>1192.3</Volume><CSD-Number>66242</CSD-Number></Phase><Phase id="Diyttrium oxide"><Formula>Y2O3</Formula><FOM>0.7</FOM><y-Scaling>97%</y-Scaling><d-Scaling>1.0</d-Scaling><x-Offset>0.02</x-Offset><Card>01-079-1716</Card><d-I-LineCount>41</d-I-LineCount><QualityMark>Calculated</QualityMark><Source>Calculated</Source><SpaceGroup>Ia-3 (206)</SpaceGroup><PearsonSymbol>cI80</PearsonSymbol><RIR>9.31</RIR><Density>5.028</Density><FormulaUnits>16</FormulaUnits><a>10.6056</a><b>10.6056</b><c>10.6056</c><Alpha>90.0</Alpha><Beta>90.0</Beta><Gamma>90.0</Gamma><Volume>1192.9</Volume><CSD-Number>66730</CSD-Number></Phase><Phase id="Yttrium Oxide"><Formula>Y2O3</Formula><FOM>0.7</FOM><y-Scaling>97%</y-Scaling><d-Scaling>1.0</d-Scaling><x-Offset>0.02</x-Offset><Card>01-082-2415</Card><d-I-LineCount>41</d-I-LineCount><QualityMark>Calculated</QualityMark><Source>Calculated</Source><SpaceGroup>Ia-3 (206)</SpaceGroup><PearsonSymbol>cI80</PearsonSymbol><RIR>9.19</RIR><Density>5.034</Density><FormulaUnits>16</FormulaUnits><a>10.6018</a><b>10.6018</b><c>10.6018</c><Alpha>90.0</Alpha><Beta>90.0</Beta><Gamma>90.0</Gamma><Volume>1191.6</Volume><CSD-Number>78581</CSD-Number></Phase><Phase id="Yttrium Oxide"><Formula>Y2O3</Formula><FOM>0.7</FOM><y-Scaling>97%</y-Scaling><d-Scaling>1.0</d-Scaling><x-Offset>0.02</x-Offset><Card>01-089-5591</Card><d-I-LineCount>41</d-I-LineCount><QualityMark>Calculated</QualityMark><Source>Calculated</Source><SpaceGroup>Ia-3 (206)</SpaceGroup><PearsonSymbol>cI80</PearsonSymbol><RIR>9.17</RIR><Density>5.028</Density><FormulaUnits>16</FormulaUnits><a>10.6056</a><b>10.6056</b><c>10.6056</c><Alpha>90.0</Alpha><Beta>90.0</Beta><Gamma>90.0</Gamma><Volume>1192.9</Volume><CSD-Number>86813</CSD-Number></Phase><Phase id="Yttrium Oxide"><Formula>Y2O3</Formula><FOM>0.7</FOM><y-Scaling>97%</y-Scaling><d-Scaling>1.0</d-Scaling><x-Offset>0.02</x-Offset><Card>01-088-1040</Card><d-I-LineCount>41</d-I-LineCount><QualityMark>Calculated</QualityMark><Source>Calculated</Source><SpaceGroup>Ia-3 (206)</SpaceGroup><PearsonSymbol>cI80</PearsonSymbol><RIR>9.26</RIR><Density>5.034</Density><FormulaUnits>16</FormulaUnits><a>10.6017</a><b>10.6017</b><c>10.6017</c><Alpha>90.0</Alpha><Beta>90.0</Beta><Gamma>90.0</Gamma><Volume>1191.6</Volume><CSD-Number>85355</CSD-Number></Phase><Phase id="Yttrium Oxide"><Formula>Y2O3</Formula><FOM>0.7</FOM><y-Scaling>97%</y-Scaling><d-Scaling>1.0</d-Scaling><x-Offset>0.02</x-Offset><Card>01-073-1334</Card><d-I-LineCount>41</d-I-LineCount><QualityMark>Calculated</QualityMark><Source>Calculated</Source><SpaceGroup>Ia-3 (206)</SpaceGroup><PearsonSymbol>cI80</PearsonSymbol><RIR>8.88</RIR><Density>5.030</Density><FormulaUnits>16</FormulaUnits><a>10.604</a><b>10.604</b><c>10.604</c><Alpha>90.0</Alpha><Beta>90.0</Beta><Gamma>90.0</Gamma><Volume>1192.4</Volume><CSD-Number>23811</CSD-Number></Phase><Phase id="Thulium Yttrium Oxide"><Formula>(Tm0.1Y1.9)O3</Formula><FOM>0.7</FOM><y-Scaling>100%</y-Scaling><d-Scaling>1.0</d-Scaling><x-Offset>0.02</x-Offset><Card>01-070-4227</Card><d-I-LineCount>41</d-I-LineCount><QualityMark>Calculated</QualityMark><Source>Calculated</Source><SpaceGroup>Ia-3 (206)</SpaceGroup><PearsonSymbol>cI80</PearsonSymbol><RIR>9.07</RIR><Density>5.216</Density><FormulaUnits>16</FormulaUnits><a>10.599</a><b>10.599</b><c>10.599</c><Alpha>90.0</Alpha><Beta>90.0</Beta><Gamma>90.0</Gamma><Volume>1190.7</Volume><CSD-Number>90662</CSD-Number></Phase><Phase id="Yttrium Oxide"><Formula>Y2O3</Formula><FOM>0.7</FOM><y-Scaling>100%</y-Scaling><d-Scaling>1.0</d-Scaling><x-Offset>0.06</x-Offset><Card>01-072-0927</Card><d-I-LineCount>41</d-I-LineCount><QualityMark>Uncommon(?)</QualityMark><Source>Calculated</Source><SpaceGroup>Ia-3 (206)</SpaceGroup><PearsonSymbol>cI80</PearsonSymbol><RIR>9.24</RIR><Density>5.026</Density><FormulaUnits>16</FormulaUnits><a>10.6073</a><b>10.6073</b><c>10.6073</c><Alpha>90.0</Alpha><Beta>90.0</Beta><Gamma>90.0</Gamma><Volume>1193.5</Volume><CSD-Number>16394</CSD-Number></Phase><Phase id="Yttrium oxide - C"><Formula>Y2O3</Formula><FOM>0.7</FOM><y-Scaling>97%</y-Scaling><d-Scaling>1.0</d-Scaling><x-Offset>0.02</x-Offset><Card>01-074-0553</Card><d-I-LineCount>41</d-I-LineCount><QualityMark>Calculated</QualityMark><Source>Calculated</Source><SpaceGroup>Ia-3 (206)</SpaceGroup><PearsonSymbol>cI80</PearsonSymbol><RIR>9.22</RIR><Density>5.010</Density><FormulaUnits>16</FormulaUnits><a>10.604</a><b>10.604</b><c>10.604</c><Alpha>90.0</Alpha><Beta>90.0</Beta><Gamma>90.0</Gamma><Volume>1192.4</Volume><CSD-Number>26190</CSD-Number></Phase><Phase id="Yttrium Oxide"><Formula>Y2O3</Formula><FOM>0.7</FOM><y-Scaling>97%</y-Scaling><d-Scaling>1.0</d-Scaling><x-Offset>0.02</x-Offset><Card>00-065-3178</Card><d-I-LineCount>78</d-I-LineCount><QualityMark>Common(+)</QualityMark><Source>Calculated</Source><SpaceGroup>Ia-3 (206)</SpaceGroup><PearsonSymbol>cI80</PearsonSymbol><RIR>9.31</RIR><Density>5.035</Density><FormulaUnits>16</FormulaUnits><a>10.601</a><b>10.601</b><c>10.601</c><Alpha>90.0</Alpha><Beta>90.0</Beta><Gamma>90.0</Gamma><Volume>1191.3</Volume></Phase><Phase id="Yttrium Holmium Oxide"><Formula>(Y1.595Ho0.405)O3</Formula><FOM>0.8</FOM><y-Scaling>100%</y-Scaling><d-Scaling>1.0</d-Scaling><x-Offset>0.06</x-Offset><Card>01-083-0929</Card><d-I-LineCount>41</d-I-LineCount><QualityMark>Calculated</QualityMark><Source>Calculated</Source><SpaceGroup>Ia-3 (206)</SpaceGroup><PearsonSymbol>cI80</PearsonSymbol><RIR>9.48</RIR><Density>5.709</Density><FormulaUnits>16</FormulaUnits><a>10.6086</a><b>10.6086</b><c>10.6086</c><Alpha>90.0</Alpha><Beta>90.0</Beta><Gamma>90.0</Gamma><Volume>1193.9</Volume><CSD-Number>80035</CSD-Number></Phase><Phase id="Yttrium Holmium Oxide"><Formula>(Y1.795Ho0.205)O3</Formula><FOM>0.9</FOM><y-Scaling>100%</y-Scaling><d-Scaling>1.0</d-Scaling><x-Offset>0.06</x-Offset><Card>01-083-0928</Card><d-I-LineCount>41</d-I-LineCount><QualityMark>Calculated</QualityMark><Source>Calculated</Source><SpaceGroup>Ia-3 (206)</SpaceGroup><PearsonSymbol>cI80</PearsonSymbol><RIR>9.27</RIR><Density>5.369</Density><FormulaUnits>16</FormulaUnits><a>10.61</a><b>10.61</b><c>10.61</c><Alpha>90.0</Alpha><Beta>90.0</Beta><Gamma>90.0</Gamma><Volume>1194.4</Volume><CSD-Number>80034</CSD-Number></Phase><Phase id="Holmium Oxide"><Formula>Ho2O3</Formula><FOM>0.9</FOM><y-Scaling>100%</y-Scaling><d-Scaling>1.0</d-Scaling><x-Offset>0.04</x-Offset><Card>01-074-1829</Card><d-I-LineCount>41</d-I-LineCount><QualityMark>Uncommon(?)</QualityMark><Source>Calculated</Source><SpaceGroup>Ia-3 (206)</SpaceGroup><PearsonSymbol>cI80</PearsonSymbol><RIR>12.05</RIR><Density>8.310</Density><FormulaUnits>16</FormulaUnits><a>10.606</a><b>10.606</b><c>10.606</c><Alpha>90.0</Alpha><Beta>90.0</Beta><Gamma>90.0</Gamma><Volume>1193.0</Volume><CSD-Number>27773</CSD-Number></Phase><Phase id="Holmium Molybdenum Oxide"><Formula>Ho6MoO12</Formula><FOM>1.0</FOM><y-Scaling>93%</y-Scaling><d-Scaling>1.0</d-Scaling><x-Offset>0.04</x-Offset><Card>00-024-1086</Card><d-I-LineCount>12</d-I-LineCount><QualityMark>Uncommon(?)</QualityMark><Source>Diffractometer</Source><SpaceGroup>Fm-3m (225)</SpaceGroup><PearsonSymbol>cF12.0</PearsonSymbol><RIR>7.20</RIR><Density>8.967</Density><FormulaUnits>.63</FormulaUnits><a>5.302</a><b>5.302</b><c>5.302</c><Alpha>90.0</Alpha><Beta>90.0</Beta><Gamma>90.0</Gamma><Volume>149.1</Volume></Phase><Phase id="Yttrium Europium Oxide"><Formula>(Y0.95Eu0.05)2O3</Formula><FOM>1.0</FOM><y-Scaling>93%</y-Scaling><d-Scaling>1.0</d-Scaling><x-Offset>0.04</x-Offset><Card>00-025-1011</Card><d-I-LineCount>44</d-I-LineCount><QualityMark>Common(+)</QualityMark><Source>Diffractometer</Source><SpaceGroup>Ia-3 (206)</SpaceGroup><PearsonSymbol>cI80</PearsonSymbol><RIR>9.80</RIR><Density>5.170</Density><FormulaUnits>16</FormulaUnits><a>10.604</a><b>10.604</b><c>10.604</c><Alpha>90.0</Alpha><Beta>90.0</Beta><Gamma>90.0</Gamma><Volume>1192.4</Volume></Phase><Phase id="Yttrium Oxide"><Formula>Y2O3</Formula><FOM>1.0</FOM><y-Scaling>97%</y-Scaling><d-Scaling>1.0</d-Scaling><x-Offset>0.0</x-Offset><Card>01-071-0049</Card><d-I-LineCount>41</d-I-LineCount><QualityMark>Calculated</QualityMark><Source>Calculated</Source><SpaceGroup>Ia-3 (206)</SpaceGroup><PearsonSymbol>cI80</PearsonSymbol><RIR>9.23</RIR><Density>5.042</Density><FormulaUnits>16</FormulaUnits><a>10.5957</a><b>10.5957</b><c>10.5957</c><Alpha>90.0</Alpha><Beta>90.0</Beta><Gamma>90.0</Gamma><Volume>1189.6</Volume><CSD-Number>86815</CSD-Number></Phase><Phase id="Yttrium Oxide"><Formula>Y2O3</Formula><FOM>1.0</FOM><y-Scaling>97%</y-Scaling><d-Scaling>1.0</d-Scaling><x-Offset>0.0</x-Offset><Card>01-086-1326</Card><d-I-LineCount>41</d-I-LineCount><QualityMark>Calculated</QualityMark><Source>Calculated</Source><SpaceGroup>Ia-3 (206)</SpaceGroup><PearsonSymbol>cI80</PearsonSymbol><RIR>9.29</RIR><Density>5.039</Density><FormulaUnits>16</FormulaUnits><a>10.5981</a><b>10.5981</b><c>10.5981</c><Alpha>90.0</Alpha><Beta>90.0</Beta><Gamma>90.0</Gamma><Volume>1190.4</Volume><CSD-Number>82420</CSD-Number></Phase><Phase id="Yttrium Dysprosium Oxide"><Formula>(Y1.8Dy.2)O3</Formula><FOM>1.0</FOM><y-Scaling>93%</y-Scaling><d-Scaling>1.0</d-Scaling><x-Offset>0.08</x-Offset><Card>01-079-1717</Card><d-I-LineCount>41</d-I-LineCount><QualityMark>Calculated</QualityMark><Source>Calculated</Source><SpaceGroup>Ia-3 (206)</SpaceGroup><PearsonSymbol>cI80</PearsonSymbol><RIR>9.62</RIR><Density>5.346</Density><FormulaUnits>16</FormulaUnits><a>10.6122</a><b>10.6122</b><c>10.6122</c><Alpha>90.0</Alpha><Beta>90.0</Beta><Gamma>90.0</Gamma><Volume>1195.1</Volume><CSD-Number>66731</CSD-Number></Phase><Phase id="Yttrium Oxide"><Formula>Y2O3</Formula><FOM>1.1</FOM><y-Scaling>97%</y-Scaling><d-Scaling>1.0</d-Scaling><x-Offset>0.02</x-Offset><Card>00-043-1036</Card><d-I-LineCount>60</d-I-LineCount><QualityMark>Common(+)</QualityMark><Source>Calculated</Source><SpaceGroup>Ia-3 (206)</SpaceGroup><PearsonSymbol>cI80</PearsonSymbol><RIR>8.60</RIR><Density>5.030</Density><FormulaUnits>16</FormulaUnits><a>10.604</a><b>10.604</b><c>10.604</c><Alpha>90.0</Alpha><Beta>90.0</Beta><Gamma>90.0</Gamma><Volume>1192.4</Volume></Phase><Phase id="Holmium Oxide"><Formula>Ho2O3</Formula><FOM>1.1</FOM><y-Scaling>100%</y-Scaling><d-Scaling>1.0</d-Scaling><x-Offset>0.04</x-Offset><Card>01-086-1328</Card><d-I-LineCount>41</d-I-LineCount><QualityMark>Uncommon(?)</QualityMark><Source>Calculated</Source><SpaceGroup>Ia-3 (206)</SpaceGroup><PearsonSymbol>cI80</PearsonSymbol><RIR>11.60</RIR><Density>8.413</Density><FormulaUnits>16</FormulaUnits><a>10.606</a><b>10.606</b><c>10.606</c><Alpha>90.0</Alpha><Beta>90.0</Beta><Gamma>90.0</Gamma><Volume>1193.0</Volume><CSD-Number>82422</CSD-Number></Phase><Phase id="Holmium Oxide"><Formula>Ho2O3</Formula><FOM>1.2</FOM><y-Scaling>97%</y-Scaling><d-Scaling>1.0</d-Scaling><x-Offset>0.02</x-Offset><Card>01-086-1329</Card><d-I-LineCount>41</d-I-LineCount><QualityMark>Uncommon(?)</QualityMark><Source>Calculated</Source><SpaceGroup>Ia-3 (206)</SpaceGroup><PearsonSymbol>cI80</PearsonSymbol><RIR>11.63</RIR><Density>8.415</Density><FormulaUnits>16</FormulaUnits><a>10.605</a><b>10.605</b><c>10.605</c><Alpha>90.0</Alpha><Beta>90.0</Beta><Gamma>90.0</Gamma><Volume>1192.7</Volume><CSD-Number>82423</CSD-Number></Phase><Phase id="Erbium oxide - at 931 K"><Formula>Er2O3</Formula><FOM>1.2</FOM><y-Scaling>100%</y-Scaling><d-Scaling>1.0</d-Scaling><x-Offset>0.04</x-Offset><Card>01-077-0462</Card><d-I-LineCount>41</d-I-LineCount><QualityMark>Uncommon(?)</QualityMark><Source>Calculated</Source><SpaceGroup>Ia-3 (206)</SpaceGroup><PearsonSymbol>cI80</PearsonSymbol><RIR>13.07</RIR><Density>8.522</Density><FormulaUnits>16</FormulaUnits><a>10.604</a><b>10.604</b><c>10.604</c><Alpha>90.0</Alpha><Beta>90.0</Beta><Gamma>90.0</Gamma><Volume>1192.4</Volume><CSD-Number>39188</CSD-Number></Phase><Phase id="Yttrium Oxide"><Formula>Y2O3</Formula><FOM>1.3</FOM><y-Scaling>97%</y-Scaling><d-Scaling>1.0</d-Scaling><x-Offset>0.0</x-Offset><Card>01-089-5592</Card><d-I-LineCount>41</d-I-LineCount><QualityMark>Uncommon(?)</QualityMark><Source>Calculated</Source><SpaceGroup>Ia-3 (206)</SpaceGroup><PearsonSymbol>cI80</PearsonSymbol><RIR>9.30</RIR><Density>5.042</Density><FormulaUnits>16</FormulaUnits><a>10.5961</a><b>10.5961</b><c>10.5961</c><Alpha>90.0</Alpha><Beta>90.0</Beta><Gamma>90.0</Gamma><Volume>1189.7</Volume><CSD-Number>86814</CSD-Number></Phase><Phase id="Holmium Oxide"><Formula>Ho2O3</Formula><FOM>1.4</FOM><y-Scaling>100%</y-Scaling><d-Scaling>1.0</d-Scaling><x-Offset>0.04</x-Offset><Card>01-089-3849</Card><d-I-LineCount>41</d-I-LineCount><QualityMark>Uncommon(?)</QualityMark><Source>Calculated</Source><SpaceGroup>Ia-3 (206)</SpaceGroup><PearsonSymbol>cI80</PearsonSymbol><RIR>11.50</RIR><Density>8.310</Density><FormulaUnits>16</FormulaUnits><a>10.606</a><b>10.606</b><c>10.606</c><Alpha>90.0</Alpha><Beta>90.0</Beta><Gamma>90.0</Gamma><Volume>1193.0</Volume><CSD-Number>44516</CSD-Number></Phase><Phase id="Holmium Oxide"><Formula>Ho2O3</Formula><FOM>1.4</FOM><y-Scaling>100%</y-Scaling><d-Scaling>1.0</d-Scaling><x-Offset>0.06</x-Offset><Card>01-083-0932</Card><d-I-LineCount>41</d-I-LineCount><QualityMark>Uncommon(?)</QualityMark><Source>Calculated</Source><SpaceGroup>Ia-3 (206)</SpaceGroup><PearsonSymbol>cI80</PearsonSymbol><RIR>11.54</RIR><Density>8.408</Density><FormulaUnits>16</FormulaUnits><a>10.6083</a><b>10.6083</b><c>10.6083</c><Alpha>90.0</Alpha><Beta>90.0</Beta><Gamma>90.0</Gamma><Volume>1193.8</Volume><CSD-Number>80038</CSD-Number></Phase><Phase id="Yttrium Holmium Oxide"><Formula>(Y0.795Ho1.205)O3</Formula><FOM>1.5</FOM><y-Scaling>100%</y-Scaling><d-Scaling>1.0</d-Scaling><x-Offset>0.06</x-Offset><Card>01-083-0930</Card><d-I-LineCount>41</d-I-LineCount><QualityMark>Uncommon(?)</QualityMark><Source>Calculated</Source><SpaceGroup>Ia-3 (206)</SpaceGroup><PearsonSymbol>cI80</PearsonSymbol><RIR>10.50</RIR><Density>7.062</Density><FormulaUnits>16</FormulaUnits><a>10.6088</a><b>10.6088</b><c>10.6088</c><Alpha>90.0</Alpha><Beta>90.0</Beta><Gamma>90.0</Gamma><Volume>1194.0</Volume><CSD-Number>80036</CSD-Number></Phase><Phase id="Copper Germanium Sulfide"><Formula>Cu2GeS3</Formula><FOM>1.5</FOM><y-Scaling>97%</y-Scaling><d-Scaling>1.0</d-Scaling><x-Offset>0.0</x-Offset><Card>01-089-2876</Card><d-I-LineCount>8</d-I-LineCount><QualityMark>Calculated</QualityMark><Source>Calculated</Source><SpaceGroup>F-43m (216)</SpaceGroup><PearsonSymbol>cF8.0</PearsonSymbol><RIR>8.27</RIR><Density>4.360</Density><FormulaUnits>1.33</FormulaUnits><a>5.3</a><b>5.3</b><c>5.3</c><Alpha>90.0</Alpha><Beta>90.0</Beta><Gamma>90.0</Gamma><Volume>148.9</Volume><CSD-Number>43531</CSD-Number></Phase><Phase id="Ytterbium Yttrium Oxide"><Formula>(Yb0.06Y1.94)O3</Formula><FOM>1.5</FOM><y-Scaling>97%</y-Scaling><d-Scaling>1.0</d-Scaling><x-Offset>-0.02</x-Offset><Card>01-087-2367</Card><d-I-LineCount>41</d-I-LineCount><QualityMark>Calculated</QualityMark><Source>Calculated</Source><SpaceGroup>Ia-3 (206)</SpaceGroup><PearsonSymbol>cI80</PearsonSymbol><RIR>9.50</RIR><Density>5.160</Density><FormulaUnits>16</FormulaUnits><a>10.5924</a><b>10.5924</b><c>10.5924</c><Alpha>90.0</Alpha><Beta>90.0</Beta><Gamma>90.0</Gamma><Volume>1188.5</Volume><CSD-Number>84131</CSD-Number></Phase><Phase id="Colusite"><Formula>(Cu.53Fe.31Zn.01Sn.05Mo.09)4(S.71As.03Te.02Sb.01)4</Formula><FOM>1.6</FOM><y-Scaling>97%</y-Scaling><d-Scaling>1.0</d-Scaling><x-Offset>0.04</x-Offset><Card>01-073-1666</Card><d-I-LineCount>8</d-I-LineCount><QualityMark>Calculated</QualityMark><Source>Calculated</Source><SpaceGroup>F-43m (216)</SpaceGroup><PearsonSymbol>cF7.0</PearsonSymbol><RIR>8.20</RIR><Density>4.227</Density><FormulaUnits>1</FormulaUnits><a>5.3042</a><b>5.3042</b><c>5.3042</c><Alpha>90.0</Alpha><Beta>90.0</Beta><Gamma>90.0</Gamma><Volume>149.2</Volume><CSD-Number>24172</CSD-Number></Phase><Phase id="Holmium Oxide"><Formula>Ho2O3</Formula><FOM>1.7</FOM><y-Scaling>97%</y-Scaling><d-Scaling>1.0</d-Scaling><x-Offset>0.0</x-Offset><Card>00-065-3177</Card><d-I-LineCount>78</d-I-LineCount><QualityMark>Uncommon(?)</QualityMark><Source>Calculated</Source><SpaceGroup>Ia-3 (206)</SpaceGroup><PearsonSymbol>cI80</PearsonSymbol><RIR>11.62</RIR><Density>8.427</Density><FormulaUnits>16</FormulaUnits><a>10.6</a><b>10.6</b><c>10.6</c><Alpha>90.0</Alpha><Beta>90.0</Beta><Gamma>90.0</Gamma><Volume>1191.0</Volume></Phase><Phase id="Thulium Yttrium Oxide"><Formula>(Tm0.2Y1.8)O3</Formula><FOM>1.7</FOM><y-Scaling>97%</y-Scaling><d-Scaling>1.0</d-Scaling><x-Offset>-0.02</x-Offset><Card>01-070-4228</Card><d-I-LineCount>41</d-I-LineCount><QualityMark>Calculated</QualityMark><Source>Calculated</Source><SpaceGroup>Ia-3 (206)</SpaceGroup><PearsonSymbol>cI80</PearsonSymbol><RIR>9.35</RIR><Density>5.407</Density><FormulaUnits>16</FormulaUnits><a>10.591</a><b>10.591</b><c>10.591</c><Alpha>90.0</Alpha><Beta>90.0</Beta><Gamma>90.0</Gamma><Volume>1188.0</Volume><CSD-Number>90663</CSD-Number></Phase><Phase id="Yttrium Holmium Oxide"><Formula>(Y0.205Ho1.795)O3</Formula><FOM>1.7</FOM><y-Scaling>100%</y-Scaling><d-Scaling>1.0</d-Scaling><x-Offset>0.06</x-Offset><Card>01-083-0931</Card><d-I-LineCount>41</d-I-LineCount><QualityMark>Uncommon(?)</QualityMark><Source>Calculated</Source><SpaceGroup>Ia-3 (206)</SpaceGroup><PearsonSymbol>cI80</PearsonSymbol><RIR>11.30</RIR><Density>8.059</Density><FormulaUnits>16</FormulaUnits><a>10.6093</a><b>10.6093</b><c>10.6093</c><Alpha>90.0</Alpha><Beta>90.0</Beta><Gamma>90.0</Gamma><Volume>1194.2</Volume><CSD-Number>80037</CSD-Number></Phase><Phase id="Lanthanum Samarium Zirconium Oxide"><Formula>La.25Sm.25Zr.5O1.75</Formula><FOM>1.8</FOM><y-Scaling>97%</y-Scaling><d-Scaling>1.0</d-Scaling><x-Offset>0.0</x-Offset><Card>01-078-1290</Card><d-I-LineCount>8</d-I-LineCount><QualityMark>Calculated</QualityMark><Source>Calculated</Source><SpaceGroup>Fm-3m (225)</SpaceGroup><PearsonSymbol>cF11</PearsonSymbol><RIR>12.40</RIR><Density>6.509</Density><FormulaUnits>4</FormulaUnits><a>5.3</a><b>5.3</b><c>5.3</c><Alpha>90.0</Alpha><Beta>90.0</Beta><Gamma>90.0</Gamma><Volume>148.9</Volume><CSD-Number>62443</CSD-Number></Phase><Phase id="Neodymium Zirconium Oxide"><Formula>Nd.5Zr.5O1.75</Formula><FOM>1.8</FOM><y-Scaling>97%</y-Scaling><d-Scaling>1.0</d-Scaling><x-Offset>0.0</x-Offset><Card>01-078-1289</Card><d-I-LineCount>8</d-I-LineCount><QualityMark>Calculated</QualityMark><Source>Calculated</Source><SpaceGroup>Fm-3m (225)</SpaceGroup><PearsonSymbol>cF11</PearsonSymbol><RIR>12.72</RIR><Density>6.500</Density><FormulaUnits>4</FormulaUnits><a>5.3</a><b>5.3</b><c>5.3</c><Alpha>90.0</Alpha><Beta>90.0</Beta><Gamma>90.0</Gamma><Volume>148.9</Volume><CSD-Number>62442</CSD-Number></Phase><Phase id="Uranium Erbium Oxide"><Formula>U1.71Er2.29O8.0</Formula><FOM>2.6</FOM><y-Scaling>93%</y-Scaling><d-Scaling>1.0</d-Scaling><x-Offset>0.06</x-Offset><Card>01-075-0047</Card><d-I-LineCount>8</d-I-LineCount><QualityMark>Uncommon(?)</QualityMark><Source>Calculated</Source><SpaceGroup>Fm-3m (225)</SpaceGroup><PearsonSymbol>cF12</PearsonSymbol><RIR>18.21</RIR><Density>9.600</Density><FormulaUnits>1</FormulaUnits><a>5.303</a><b>5.303</b><c>5.303</c><Alpha>90.0</Alpha><Beta>90.0</Beta><Gamma>90.0</Gamma><Volume>149.1</Volume><CSD-Number>28680</CSD-Number></Phase><Phase id="Unnamed 0717"><Formula>Y2O3</Formula><FOM>2.7</FOM><y-Scaling>97%</y-Scaling><d-Scaling>1.0</d-Scaling><x-Offset>0.02</x-Offset><Card>99-000-3963</Card><d-I-LineCount>8</d-I-LineCount><QualityMark>JADE's Userfile</QualityMark><Source>Other/Unknown</Source><SpaceGroup>Ia-3 (206)</SpaceGroup><PearsonSymbol>cI</PearsonSymbol><Density>5.031</Density><FormulaUnits>16</FormulaUnits><a>10.6</a><b>10.6</b><c>10.6</c><Alpha>90.0</Alpha><Beta>90.0</Beta><Gamma>90.0</Gamma><Volume>1191.0</Volume></Phase><Phase id="Holmium Oxide"><Formula>Ho2O3</Formula><FOM>2.7</FOM><y-Scaling>97%</y-Scaling><d-Scaling>1.0</d-Scaling><x-Offset>0.02</x-Offset><Card>00-043-1018</Card><d-I-LineCount>61</d-I-LineCount><QualityMark>Uncommon(?)</QualityMark><Source>Calculated</Source><SpaceGroup>Ia-3 (206)</SpaceGroup><PearsonSymbol>cI80</PearsonSymbol><RIR>10.52</RIR><Density>8.413</Density><FormulaUnits>16</FormulaUnits><a>10.606</a><b>10.606</b><c>10.606</c><Alpha>90.0</Alpha><Beta>90.0</Beta><Gamma>90.0</Gamma><Volume>1193.0</Volume></Phase><Phase id="Thallium Lead Oxide"><Formula>Pb2Tl4.95O12.3</Formula><FOM>2.7</FOM><y-Scaling>80%</y-Scaling><d-Scaling>1.0</d-Scaling><x-Offset>0.08</x-Offset><Card>00-039-1269</Card><d-I-LineCount>14</d-I-LineCount><QualityMark>Uncommon(?)</QualityMark><Source>Other/Unknown</Source><SpaceGroup>Fm-3m (225)</SpaceGroup><PearsonSymbol>cF</PearsonSymbol><Density>18.060</Density><a>5.304</a><b>5.304</b><c>5.304</c><Alpha>90.0</Alpha><Beta>90.0</Beta><Gamma>90.0</Gamma><Volume>149.2</Volume></Phase><Phase id="Yttrium Dysprosium Oxide"><Formula>(Y1.5Dy.5)O3</Formula><FOM>2.8</FOM><y-Scaling>80%</y-Scaling><d-Scaling>1.0</d-Scaling><x-Offset>0.12</x-Offset><Card>01-079-1718</Card><d-I-LineCount>41</d-I-LineCount><QualityMark>Calculated</QualityMark><Source>Calculated</Source><SpaceGroup>Ia-3 (206)</SpaceGroup><PearsonSymbol>cI80</PearsonSymbol><RIR>10.02</RIR><Density>5.824</Density><FormulaUnits>16</FormulaUnits><a>10.6199</a><b>10.6199</b><c>10.6199</c><Alpha>90.0</Alpha><Beta>90.0</Beta><Gamma>90.0</Gamma><Volume>1197.7</Volume><CSD-Number>66732</CSD-Number></Phase><Phase id="Ytterbium Yttrium Oxide"><Formula>(Yb0.12Y1.88)O3</Formula><FOM>2.8</FOM><y-Scaling>80%</y-Scaling><d-Scaling>1.0</d-Scaling><x-Offset>-0.04</x-Offset><Card>01-087-2368</Card><d-I-LineCount>41</d-I-LineCount><QualityMark>Calculated</QualityMark><Source>Calculated</Source><SpaceGroup>Ia-3 (206)</SpaceGroup><PearsonSymbol>cI80</PearsonSymbol><RIR>9.64</RIR><Density>5.279</Density><FormulaUnits>16</FormulaUnits><a>10.5883</a><b>10.5883</b><c>10.5883</c><Alpha>90.0</Alpha><Beta>90.0</Beta><Gamma>90.0</Gamma><Volume>1187.1</Volume><CSD-Number>84132</CSD-Number></Phase><Phase id="Isocubanite, syn"><Formula>CuFe2S3</Formula><FOM>3.1</FOM><y-Scaling>80%</y-Scaling><d-Scaling>1.0</d-Scaling><x-Offset>-0.04</x-Offset><Card>01-081-1378</Card><d-I-LineCount>8</d-I-LineCount><QualityMark>Calculated</QualityMark><Source>Calculated</Source><SpaceGroup>F-43m (216)</SpaceGroup><PearsonSymbol>cF8.0</PearsonSymbol><RIR>5.53</RIR><Density>4.045</Density><FormulaUnits>1.33</FormulaUnits><a>5.296</a><b>5.296</b><c>5.296</c><Alpha>90.0</Alpha><Beta>90.0</Beta><Gamma>90.0</Gamma><Volume>148.5</Volume><CSD-Number>42105</CSD-Number></Phase><Phase id="Copper Iron Sulfide"><Formula>Cu1.33Fe2.66S4</Formula><FOM>3.3</FOM><y-Scaling>80%</y-Scaling><d-Scaling>1.0</d-Scaling><x-Offset>-0.04</x-Offset><Card>00-065-1690</Card><d-I-LineCount>16</d-I-LineCount><QualityMark>Common(+)</QualityMark><Source>Calculated</Source><SpaceGroup>F-43m (216)</SpaceGroup><PearsonSymbol>cF8.0</PearsonSymbol><RIR>5.53</RIR><Density>4.045</Density><FormulaUnits>1</FormulaUnits><a>5.296</a><b>5.296</b><c>5.296</c><Alpha>90.0</Alpha><Beta>90.0</Beta><Gamma>90.0</Gamma><Volume>148.5</Volume></Phase><Phase id="Terbium Oxide"><Formula>Tb11O20</Formula><FOM>3.3</FOM><y-Scaling>97%</y-Scaling><d-Scaling>1.0</d-Scaling><x-Offset>0.04</x-Offset><Card>00-065-4511</Card><d-I-LineCount>136</d-I-LineCount><QualityMark>Uncommon(?)</QualityMark><Source>Calculated</Source><SpaceGroup>P-1 (2)</SpaceGroup><PearsonSymbol>aP31</PearsonSymbol><RIR>3.30</RIR><Density>8.377</Density><FormulaUnits>1</FormulaUnits><a>6.5</a><b>9.9</b><c>6.5</c><Alpha>90.0</Alpha><Beta>99.6</Beta><Gamma>96.3</Gamma><Volume>409.9</Volume></Phase><Phase id="Yttrium Oxide"><Formula>Y2O3</Formula><FOM>3.3</FOM><y-Scaling>100%</y-Scaling><d-Scaling>1.0</d-Scaling><x-Offset>0.02</x-Offset><Card>01-076-0151</Card><d-I-LineCount>44</d-I-LineCount><QualityMark>Calculated</QualityMark><Source>Calculated</Source><SpaceGroup>I213 (199)</SpaceGroup><PearsonSymbol>cI80</PearsonSymbol><RIR>8.84</RIR><Density>5.036</Density><FormulaUnits>16</FormulaUnits><a>10.6</a><b>10.6</b><c>10.6</c><Alpha>90.0</Alpha><Beta>90.0</Beta><Gamma>90.0</Gamma><Volume>1191.0</Volume><CSD-Number>33648</CSD-Number></Phase><Phase id="Yttrium Uranium Oxide"><Formula>Y2.41U1.59O7.86</Formula><FOM>4.0</FOM><y-Scaling>97%</y-Scaling><d-Scaling>1.0</d-Scaling><x-Offset>0.0</x-Offset><Card>01-075-0074</Card><d-I-LineCount>8</d-I-LineCount><QualityMark>Uncommon(?)</QualityMark><Source>Calculated</Source><SpaceGroup>Fm-3m (225)</SpaceGroup><PearsonSymbol>cF11.9</PearsonSymbol><RIR>15.20</RIR><Density>8.016</Density><FormulaUnits>1</FormulaUnits><a>5.3</a><b>5.3</b><c>5.3</c><Alpha>90.0</Alpha><Beta>90.0</Beta><Gamma>90.0</Gamma><Volume>148.9</Volume><CSD-Number>28707</CSD-Number></Phase><Phase id="Gadolinium Hydride"><Formula>GdH2</Formula><FOM>4.0</FOM><y-Scaling>93%</y-Scaling><d-Scaling>1.0</d-Scaling><x-Offset>0.06</x-Offset><Card>01-089-4063</Card><d-I-LineCount>8</d-I-LineCount><QualityMark>Uncommon(?)</QualityMark><Source>Calculated</Source><SpaceGroup>Fm-3m (225)</SpaceGroup><PearsonSymbol>cF4</PearsonSymbol><RIR>15.71</RIR><Density>7.092</Density><FormulaUnits>4</FormulaUnits><a>5.303</a><b>5.303</b><c>5.303</c><Alpha>90.0</Alpha><Beta>90.0</Beta><Gamma>90.0</Gamma><Volume>149.1</Volume><CSD-Number>44739</CSD-Number></Phase><Phase id="Dipraseodymium distannate"><Formula>Pr2(Sn2O7)</Formula><FOM>4.2</FOM><y-Scaling>80%</y-Scaling><d-Scaling>1.0</d-Scaling><x-Offset>0.0</x-Offset><Card>01-087-1219</Card><d-I-LineCount>27</d-I-LineCount><QualityMark>Uncommon(?)</QualityMark><Source>Calculated</Source><SpaceGroup>Fd-3m (227)</SpaceGroup><PearsonSymbol>cF88</PearsonSymbol><RIR>15.10</RIR><Density>7.038</Density><FormulaUnits>8</FormulaUnits><a>10.6004</a><b>10.6004</b><c>10.6004</c><Alpha>90.0</Alpha><Beta>90.0</Beta><Gamma>90.0</Gamma><Volume>1191.2</Volume><CSD-Number>82957</CSD-Number></Phase><Phase id="Dipraseodymium distannate"><Formula>Pr2(Sn2O7)</Formula><FOM>4.2</FOM><y-Scaling>80%</y-Scaling><d-Scaling>1.0</d-Scaling><x-Offset>0.0</x-Offset><Card>01-088-0447</Card><d-I-LineCount>27</d-I-LineCount><QualityMark>Uncommon(?)</QualityMark><Source>Calculated</Source><SpaceGroup>Fd-3m (227)</SpaceGroup><PearsonSymbol>cF88</PearsonSymbol><RIR>15.10</RIR><Density>7.038</Density><FormulaUnits>8</FormulaUnits><a>10.6004</a><b>10.6004</b><c>10.6004</c><Alpha>90.0</Alpha><Beta>90.0</Beta><Gamma>90.0</Gamma><Volume>1191.2</Volume><CSD-Number>84744</CSD-Number></Phase><Phase id="Holmium Oxide"><Formula>Ho2O3</Formula><FOM>4.4</FOM><y-Scaling>100%</y-Scaling><d-Scaling>1.0</d-Scaling><x-Offset>0.06</x-Offset><Card>00-044-1268</Card><d-I-LineCount>32</d-I-LineCount><QualityMark>Uncommon(?)</QualityMark><Source>Diffractometer</Source><SpaceGroup>Ia-3 (206)</SpaceGroup><PearsonSymbol>cI80</PearsonSymbol><RIR>3.30</RIR><Density>8.415</Density><FormulaUnits>16</FormulaUnits><a>10.6102</a><b>10.6102</b><c>10.6102</c><Alpha>90.0</Alpha><Beta>90.0</Beta><Gamma>90.0</Gamma><Volume>1194.5</Volume></Phase><Phase id="Yttrium Uranium Oxide"><Formula>Y2.24U1.76O8.06</Formula><FOM>4.6</FOM><y-Scaling>80%</y-Scaling><d-Scaling>1.0</d-Scaling><x-Offset>0.12</x-Offset><Card>01-075-0073</Card><d-I-LineCount>8</d-I-LineCount><QualityMark>Uncommon(?)</QualityMark><Source>Calculated</Source><SpaceGroup>Fm-3m (225)</SpaceGroup><PearsonSymbol>cF12.1</PearsonSymbol><RIR>15.74</RIR><Density>8.276</Density><FormulaUnits>1</FormulaUnits><a>5.308</a><b>5.308</b><c>5.308</c><Alpha>90.0</Alpha><Beta>90.0</Beta><Gamma>90.0</Gamma><Volume>149.6</Volume><CSD-Number>28706</CSD-Number></Phase><Phase id="Thallium Oxide"><Formula>Tl2O3</Formula><FOM>4.8</FOM><y-Scaling>80%</y-Scaling><d-Scaling>1.0</d-Scaling><x-Offset>-0.04</x-Offset><Card>00-065-3176</Card><d-I-LineCount>78</d-I-LineCount><QualityMark>Uncommon(?)</QualityMark><Source>Calculated</Source><SpaceGroup>Ia-3 (206)</SpaceGroup><PearsonSymbol>cI80</PearsonSymbol><RIR>20.47</RIR><Density>10.216</Density><FormulaUnits>16</FormulaUnits><a>10.59</a><b>10.59</b><c>10.59</c><Alpha>90.0</Alpha><Beta>90.0</Beta><Gamma>90.0</Gamma><Volume>1187.7</Volume></Phase><Phase id="Lanthanum - $-beta"><Formula>La</Formula><FOM>4.9</FOM><y-Scaling>93%</y-Scaling><d-Scaling>1.0</d-Scaling><x-Offset>0.06</x-Offset><Card>01-089-2919</Card><d-I-LineCount>8</d-I-LineCount><QualityMark>Uncommon(?)</QualityMark><Source>Calculated</Source><SpaceGroup>Fm-3m (225)</SpaceGroup><PearsonSymbol>cF4</PearsonSymbol><RIR>17.57</RIR><Density>6.186</Density><FormulaUnits>4</FormulaUnits><a>5.303</a><b>5.303</b><c>5.303</c><Alpha>90.0</Alpha><Beta>90.0</Beta><Gamma>90.0</Gamma><Volume>149.1</Volume><CSD-Number>43574</CSD-Number></Phase><Phase id="Yttrium Uranium Oxide"><Formula>Y2.6U1.4O7.63</Formula><FOM>5.2</FOM><y-Scaling>57%</y-Scaling><d-Scaling>1.0</d-Scaling><x-Offset>-0.06</x-Offset><Card>01-075-0075</Card><d-I-LineCount>8</d-I-LineCount><QualityMark>Uncommon(?)</QualityMark><Source>Calculated</Source><SpaceGroup>Fm-3m (225)</SpaceGroup><PearsonSymbol>cF11.6</PearsonSymbol><RIR>14.58</RIR><Density>7.460</Density><FormulaUnits>1</FormulaUnits><a>5.295</a><b>5.295</b><c>5.295</c><Alpha>90.0</Alpha><Beta>90.0</Beta><Gamma>90.0</Gamma><Volume>148.5</Volume><CSD-Number>28708</CSD-Number></Phase><Phase id="Gadolinium Hydride"><Formula>GdH2</Formula><FOM>5.4</FOM><y-Scaling>37%</y-Scaling><d-Scaling>1.0</d-Scaling><x-Offset>0.0</x-Offset><Card>00-051-1143</Card><d-I-LineCount>16</d-I-LineCount><QualityMark>Uncommon(?)</QualityMark><Source>Densitometer</Source><SpaceGroup>Fm-3m (225)</SpaceGroup><PearsonSymbol>cF4</PearsonSymbol><Density>7.070</Density><FormulaUnits>4</FormulaUnits><a>5.303</a><b>5.303</b><c>5.303</c><Alpha>90.0</Alpha><Beta>90.0</Beta><Gamma>90.0</Gamma><Volume>149.1</Volume></Phase><Phase id="Talnakhite"><Formula>Cu1.1Fe1.1S2</Formula><FOM>5.7</FOM><y-Scaling>97%</y-Scaling><d-Scaling>1.0</d-Scaling><x-Offset>0.02</x-Offset><Card>01-070-3054</Card><d-I-LineCount>44</d-I-LineCount><QualityMark>Calculated</QualityMark><Source>Calculated</Source><SpaceGroup>I-43m (217)</SpaceGroup><PearsonSymbol>cI67.2</PearsonSymbol><RIR>4.61</RIR><Density>4.350</Density><FormulaUnits>16</FormulaUnits><a>10.605</a><b>10.605</b><c>10.605</c><Alpha>90.0</Alpha><Beta>90.0</Beta><Gamma>90.0</Gamma><Volume>1192.7</Volume><CSD-Number>53262</CSD-Number></Phase><Phase id="Talnakhite"><Formula>Cu9(Fe,Ni)8S16</Formula><FOM>6.3</FOM><y-Scaling>80%</y-Scaling><d-Scaling>1.0</d-Scaling><x-Offset>-0.02</x-Offset><Card>99-000-3628</Card><d-I-LineCount>8</d-I-LineCount><QualityMark>JADE's Userfile</QualityMark><Source>Other/Unknown</Source><SpaceGroup>I-43m (217)</SpaceGroup><PearsonSymbol>cI</PearsonSymbol><Density>4.240</Density><FormulaUnits>2</FormulaUnits><a>10.593</a><b>10.593</b><c>10.593</c><Alpha>90.0</Alpha><Beta>90.0</Beta><Gamma>90.0</Gamma><Volume>1188.7</Volume></Phase><Phase id="Lead Hafnium Antimony Oxide"><Formula>Pb2HfSbO6.5</Formula><FOM>6.5</FOM><y-Scaling>25%</y-Scaling><d-Scaling>1.0</d-Scaling><x-Offset>0.12</x-Offset><Card>00-039-0929</Card><d-I-LineCount>18</d-I-LineCount><QualityMark>Common(+)</QualityMark><Source>Diffractometer</Source><SpaceGroup>Fd-3m (227)</SpaceGroup><PearsonSymbol>cF84</PearsonSymbol><Density>9.098</Density><FormulaUnits>8</FormulaUnits><a>10.6126</a><b>10.6126</b><c>10.6126</c><Alpha>90.0</Alpha><Beta>90.0</Beta><Gamma>90.0</Gamma><Volume>1195.3</Volume></Phase><Phase id="Terbium Tantalum Oxide"><Formula>Tb3TaO7</Formula><FOM>6.6</FOM><y-Scaling>97%</y-Scaling><d-Scaling>1.0</d-Scaling><x-Offset>0.0</x-Offset><Card>00-038-1408</Card><d-I-LineCount>7</d-I-LineCount><QualityMark>Uncommon(?)</QualityMark><Source>Diffractometer</Source><SpaceGroup>Fm-3m (225)</SpaceGroup><PearsonSymbol>cF11</PearsonSymbol><Density>8.587</Density><FormulaUnits>1</FormulaUnits><a>5.2997</a><b>5.2997</b><c>5.2997</c><Alpha>90.0</Alpha><Beta>90.0</Beta><Gamma>90.0</Gamma><Volume>148.9</Volume></Phase><Phase id="Cubanite high"><Formula>Cu.3333Fe.6667S</Formula><FOM>6.7</FOM><y-Scaling>80%</y-Scaling><d-Scaling>1.0</d-Scaling><x-Offset>-0.04</x-Offset><Card>01-085-1332</Card><d-I-LineCount>8</d-I-LineCount><QualityMark>Uncommon(?)</QualityMark><Source>Calculated</Source><SpaceGroup>F-43m (216)</SpaceGroup><PearsonSymbol>cF8</PearsonSymbol><RIR>7.58</RIR><Density>4.047</Density><FormulaUnits>4</FormulaUnits><a>5.2949</a><b>5.2949</b><c>5.2949</c><Alpha>90.0</Alpha><Beta>90.0</Beta><Gamma>90.0</Gamma><Volume>148.4</Volume><CSD-Number>64708</CSD-Number></Phase><Phase id="Thallium Lead Oxide"><Formula>PbTl5.10O9.15</Formula><FOM>6.8</FOM><y-Scaling>80%</y-Scaling><d-Scaling>1.0</d-Scaling><x-Offset>-0.08</x-Offset><Card>00-039-1270</Card><d-I-LineCount>26</d-I-LineCount><QualityMark>Uncommon(?)</QualityMark><Source>Other/Unknown</Source><SpaceGroup>Ia-3 (206)</SpaceGroup><PearsonSymbol>cI</PearsonSymbol><Density>1.957</Density><a>10.5811</a><b>10.5811</b><c>10.5811</c><Alpha>90.0</Alpha><Beta>90.0</Beta><Gamma>90.0</Gamma><Volume>1184.7</Volume></Phase><Phase id="Thulium Yttrium Oxide"><Formula>(Tm0.4Y1.6)O3</Formula><FOM>6.9</FOM><y-Scaling>57%</y-Scaling><d-Scaling>1.0</d-Scaling><x-Offset>-0.08</x-Offset><Card>01-070-4229</Card><d-I-LineCount>41</d-I-LineCount><QualityMark>Calculated</QualityMark><Source>Calculated</Source><SpaceGroup>Ia-3 (206)</SpaceGroup><PearsonSymbol>cI80</PearsonSymbol><RIR>9.86</RIR><Density>5.783</Density><FormulaUnits>16</FormulaUnits><a>10.58</a><b>10.58</b><c>10.58</c><Alpha>90.0</Alpha><Beta>90.0</Beta><Gamma>90.0</Gamma><Volume>1184.3</Volume><CSD-Number>90664</CSD-Number></Phase><Phase id="Lead Tin Tungsten Oxide"><Formula>Pb1.98(Sn1.44W0.56)O6.49</Formula><FOM>7.1</FOM><y-Scaling>93%</y-Scaling><d-Scaling>1.0</d-Scaling><x-Offset>0.06</x-Offset><Card>01-088-0462</Card><d-I-LineCount>31</d-I-LineCount><QualityMark>Calculated</QualityMark><Source>Calculated</Source><SpaceGroup>F-43m (216)</SpaceGroup><PearsonSymbol>cF83.8</PearsonSymbol><RIR>18.55</RIR><Density>8.774</Density><FormulaUnits>8</FormulaUnits><a>10.6051</a><b>10.6051</b><c>10.6051</c><Alpha>90.0</Alpha><Beta>90.0</Beta><Gamma>90.0</Gamma><Volume>1192.7</Volume><CSD-Number>84759</CSD-Number></Phase><Phase id="Pyrochlore (Pb,Hf,Sb-bearing), syn"><Formula>Pb2(HfSb)O6.5</Formula><FOM>7.4</FOM><y-Scaling>93%</y-Scaling><d-Scaling>1.0</d-Scaling><x-Offset>0.08</x-Offset><Card>01-078-1550</Card><d-I-LineCount>26</d-I-LineCount><QualityMark>Calculated</QualityMark><Source>Calculated</Source><SpaceGroup>Fd-3m (227)</SpaceGroup><PearsonSymbol>cF84</PearsonSymbol><RIR>19.07</RIR><Density>9.100</Density><FormulaUnits>8</FormulaUnits><a>10.6126</a><b>10.6126</b><c>10.6126</c><Alpha>90.0</Alpha><Beta>90.0</Beta><Gamma>90.0</Gamma><Volume>1195.3</Volume><CSD-Number>62723</CSD-Number></Phase><Phase id="Erbium oxide - at 724 K"><Formula>Er2O3</Formula><FOM>7.6</FOM><y-Scaling>57%</y-Scaling><d-Scaling>1.0</d-Scaling><x-Offset>-0.08</x-Offset><Card>01-077-0461</Card><d-I-LineCount>41</d-I-LineCount><QualityMark>Uncommon(?)</QualityMark><Source>Calculated</Source><SpaceGroup>Ia-3 (206)</SpaceGroup><PearsonSymbol>cI80</PearsonSymbol><RIR>13.22</RIR><Density>8.575</Density><FormulaUnits>16</FormulaUnits><a>10.582</a><b>10.582</b><c>10.582</c><Alpha>90.0</Alpha><Beta>90.0</Beta><Gamma>90.0</Gamma><Volume>1185.0</Volume><CSD-Number>39187</CSD-Number></Phase><Phase id="Ytterbium Yttrium Oxide"><Formula>(Yb0.4Y1.6)O3</Formula><FOM>7.9</FOM><y-Scaling>93%</y-Scaling><d-Scaling>1.0</d-Scaling><x-Offset>-0.06</x-Offset><Card>01-087-2370</Card><d-I-LineCount>41</d-I-LineCount><QualityMark>Calculated</QualityMark><Source>Calculated</Source><SpaceGroup>Ia-3 (206)</SpaceGroup><PearsonSymbol>cI80</PearsonSymbol><RIR>10.44</RIR><Density>5.845</Density><FormulaUnits>16</FormulaUnits><a>10.5645</a><b>10.5645</b><c>10.5645</c><Alpha>90.0</Alpha><Beta>90.0</Beta><Gamma>90.0</Gamma><Volume>1179.1</Volume><CSD-Number>84134</CSD-Number></Phase><Phase id="Ytterbium Yttrium Oxide"><Formula>(Yb0.25Y1.75)O3</Formula><FOM>8.1</FOM><y-Scaling>57%</y-Scaling><d-Scaling>1.0</d-Scaling><x-Offset>-0.1</x-Offset><Card>01-087-2369</Card><d-I-LineCount>41</d-I-LineCount><QualityMark>Calculated</QualityMark><Source>Calculated</Source><SpaceGroup>Ia-3 (206)</SpaceGroup><PearsonSymbol>cI80</PearsonSymbol><RIR>9.99</RIR><Density>5.542</Density><FormulaUnits>16</FormulaUnits><a>10.577</a><b>10.577</b><c>10.577</c><Alpha>90.0</Alpha><Beta>90.0</Beta><Gamma>90.0</Gamma><Volume>1183.3</Volume><CSD-Number>84133</CSD-Number></Phase><Phase id="Yttrium Oxide"><Formula>Y2O3</Formula><FOM>8.5</FOM><y-Scaling>57%</y-Scaling><d-Scaling>1.0</d-Scaling><x-Offset>-0.08</x-Offset><Card>01-071-0099</Card><d-I-LineCount>41</d-I-LineCount><QualityMark>Uncommon(?)</QualityMark><Source>Calculated</Source><SpaceGroup>Ia-3 (206)</SpaceGroup><PearsonSymbol>cI80</PearsonSymbol><RIR>9.31</RIR><Density>5.062</Density><FormulaUnits>16</FormulaUnits><a>10.5818</a><b>10.5818</b><c>10.5818</c><Alpha>90.0</Alpha><Beta>90.0</Beta><Gamma>90.0</Gamma><Volume>1184.9</Volume><CSD-Number>86817</CSD-Number></Phase><Phase id="Erbium oxide - at 1123 K"><Formula>Er2O3</Formula><FOM>8.7</FOM><y-Scaling>93%</y-Scaling><d-Scaling>1.0</d-Scaling><x-Offset>0.12</x-Offset><Card>01-077-0463</Card><d-I-LineCount>41</d-I-LineCount><QualityMark>Uncommon(?)</QualityMark><Source>Calculated</Source><SpaceGroup>Ia-3 (206)</SpaceGroup><PearsonSymbol>cI80</PearsonSymbol><RIR>12.90</RIR><Density>8.471</Density><FormulaUnits>16</FormulaUnits><a>10.625</a><b>10.625</b><c>10.625</c><Alpha>90.0</Alpha><Beta>90.0</Beta><Gamma>90.0</Gamma><Volume>1199.5</Volume><CSD-Number>39189</CSD-Number></Phase><Phase id="Unnamed"><Formula>Ho2O3</Formula><FOM>8.9</FOM><y-Scaling>57%</y-Scaling><d-Scaling>1.0</d-Scaling><x-Offset>-0.08</x-Offset><Card>01-088-2163</Card><d-I-LineCount>41</d-I-LineCount><QualityMark>Uncommon(?)</QualityMark><Source>Calculated</Source><SpaceGroup>Ia-3 (206)</SpaceGroup><PearsonSymbol>cI80</PearsonSymbol><RIR>11.11</RIR><Density>8.475</Density><FormulaUnits>16</FormulaUnits><a>10.58</a><b>10.58</b><c>10.58</c><Alpha>90.0</Alpha><Beta>90.0</Beta><Gamma>90.0</Gamma><Volume>1184.3</Volume><CSD-Number>41268</CSD-Number></Phase><Phase id="Germanite"><Formula>Cu13Ge2Fe2S16</Formula><FOM>9.1</FOM><y-Scaling>37%</y-Scaling><d-Scaling>1.0</d-Scaling><x-Offset>-0.1</x-Offset><Card>00-036-0395</Card><d-I-LineCount>43</d-I-LineCount><QualityMark>Common(+)</QualityMark><Source>Diffractometer</Source><SpaceGroup>P-43n (218)</SpaceGroup><PearsonSymbol>cP66</PearsonSymbol><Density>4.520</Density><FormulaUnits>2</FormulaUnits><a>10.5862</a><b>10.5862</b><c>10.5862</c><Alpha>90.0</Alpha><Beta>90.0</Beta><Gamma>90.0</Gamma><Volume>1186.4</Volume></Phase><Phase id="Talnakhite"><Formula>Cu18.32Fe15.9S32</Formula><FOM>9.9</FOM><y-Scaling>37%</y-Scaling><d-Scaling>1.0</d-Scaling><x-Offset>-0.08</x-Offset><Card>01-071-2438</Card><d-I-LineCount>44</d-I-LineCount><QualityMark>Calculated</QualityMark><Source>Calculated</Source><SpaceGroup>I-43m (217)</SpaceGroup><PearsonSymbol>cI66.2</PearsonSymbol><RIR>6.55</RIR><Density>4.240</Density><FormulaUnits>1</FormulaUnits><a>10.593</a><b>10.593</b><c>10.593</c><Alpha>90.0</Alpha><Beta>90.0</Beta><Gamma>90.0</Gamma><Volume>1188.7</Volume><CSD-Number>15242</CSD-Number></Phase><Phase id="Erbium oxide - at 514 K"><Formula>Er2O3</Formula><FOM>11.1</FOM><y-Scaling>97%</y-Scaling><d-Scaling>1.0</d-Scaling><x-Offset>-0.08</x-Offset><Card>01-077-0460</Card><d-I-LineCount>41</d-I-LineCount><QualityMark>Uncommon(?)</QualityMark><Source>Calculated</Source><SpaceGroup>Ia-3 (206)</SpaceGroup><PearsonSymbol>cI80</PearsonSymbol><RIR>13.33</RIR><Density>8.614</Density><FormulaUnits>16</FormulaUnits><a>10.566</a><b>10.566</b><c>10.566</c><Alpha>90.0</Alpha><Beta>90.0</Beta><Gamma>90.0</Gamma><Volume>1179.6</Volume><CSD-Number>39186</CSD-Number></Phase><Phase id="Terbium Tantalum Oxide"><Formula>Tb3TaO7</Formula><FOM>11.9</FOM><y-Scaling>37%</y-Scaling><d-Scaling>1.0</d-Scaling><x-Offset>-0.12</x-Offset><Card>00-038-1407</Card><d-I-LineCount>25</d-I-LineCount><QualityMark>Uncommon(?)</QualityMark><Source>Diffractometer</Source><SpaceGroup>C2221 (20)</SpaceGroup><PearsonSymbol>oC44</PearsonSymbol><Density>8.625</Density><FormulaUnits>4</FormulaUnits><a>10.58</a><b>7.484</b><c>7.486</c><Alpha>90.0</Alpha><Beta>90.0</Beta><Gamma>90.0</Gamma><Volume>592.8</Volume></Phase><Phase id="Plumbopyrochlore, syn"><Formula>Pb(Nb2O6)(H2O)</Formula><FOM>13.1</FOM><y-Scaling>37%</y-Scaling><d-Scaling>1.0</d-Scaling><x-Offset>-0.12</x-Offset><Card>01-077-1163</Card><d-I-LineCount>25</d-I-LineCount><QualityMark>Calculated</QualityMark><Source>Calculated</Source><SpaceGroup>Fd-3m (227)</SpaceGroup><PearsonSymbol>cF80</PearsonSymbol><RIR>11.18</RIR><Density>5.680</Density><FormulaUnits>8</FormulaUnits><a>10.578</a><b>10.578</b><c>10.578</c><Alpha>90.0</Alpha><Beta>90.0</Beta><Gamma>90.0</Gamma><Volume>1183.6</Volume><CSD-Number>45816</CSD-Number></Phase></PhaseListing></Pattern></MDI>
