<?xml version="1.0"?>
<MDI version="1.0" CRC="1306854484" xmlns:dt="urn:schemas-microsoft-com:datatypes"><Document_Format>Materials Data Inc.</Document_Format><Document_Contents>XRD Powder Diffraction Data</Document_Contents><Document_Creator>MDI Jade 7</Document_Creator><Document_Originator>lenovo</Document_Originator><Document_Origination>Materials Data, Inc.</Document_Origination><Document_Date_Created>2021/6/7 18:06:50</Document_Date_Created><Document_Note>...</Document_Note><Pattern id="25mA slit:1deg&amp;1deg&amp;0.2mm Monochromator:OFF Ts-Td" type="Measured"><FileName>C:\Users\lenovo\Desktop\样品文件\2021.4.6XL01_2021-04-07 15_43.mdi</FileName><File-Date>2021/4/7 15:43:05</File-Date><Creator>MDI Jade 7</Creator><Wavelength Source="Cu">1.54059</Wavelength><Comment/><PhaseListing N="29" Date="2021/6/7 18:06:50"><Phase id="Zirconium"><Formula>Zr</Formula><FOM>11.5</FOM><y-Scaling>44%</y-Scaling><d-Scaling>1.0</d-Scaling><x-Offset>0.04</x-Offset><Card>00-065-3366</Card><d-I-LineCount>12</d-I-LineCount><QualityMark>Common(+)</QualityMark><Source>Calculated</Source><SpaceGroup>P63/mmc (194)</SpaceGroup><PearsonSymbol>hP2</PearsonSymbol><RIR>13.12</RIR><Density>6.500</Density><FormulaUnits>2</FormulaUnits><a>3.2312</a><b>3.2312</b><c>5.1477</c><Alpha>90.0</Alpha><Beta>90.0</Beta><Gamma>120.0</Gamma><Volume>46.5</Volume></Phase><Phase id="Zirconium - $-alpha"><Formula>Zr</Formula><FOM>12.0</FOM><y-Scaling>44%</y-Scaling><d-Scaling>1.0</d-Scaling><x-Offset>0.02</x-Offset><Card>01-089-4791</Card><d-I-LineCount>12</d-I-LineCount><QualityMark>Calculated</QualityMark><Source>Calculated</Source><SpaceGroup>P63/mmc (194)</SpaceGroup><PearsonSymbol>hP2</PearsonSymbol><RIR>12.59</RIR><Density>6.504</Density><FormulaUnits>2</FormulaUnits><a>3.2318</a><b>3.2318</b><c>5.1483</c><Alpha>90.0</Alpha><Beta>90.0</Beta><Gamma>120.0</Gamma><Volume>46.6</Volume><CSD-Number>76042</CSD-Number></Phase><Phase id="Zirconium - $-alpha"><Formula>Zr</Formula><FOM>12.7</FOM><y-Scaling>46%</y-Scaling><d-Scaling>1.0</d-Scaling><x-Offset>0.0</x-Offset><Card>01-089-4902</Card><d-I-LineCount>12</d-I-LineCount><QualityMark>Calculated</QualityMark><Source>Calculated</Source><SpaceGroup>P63/mmc (194)</SpaceGroup><PearsonSymbol>hP2</PearsonSymbol><RIR>12.59</RIR><Density>6.505</Density><FormulaUnits>2</FormulaUnits><a>3.232</a><b>3.232</b><c>5.147</c><Alpha>90.0</Alpha><Beta>90.0</Beta><Gamma>120.0</Gamma><Volume>46.6</Volume><CSD-Number>76154</CSD-Number></Phase><Phase id="Zirconium"><Formula>Zr</Formula><FOM>12.8</FOM><y-Scaling>46%</y-Scaling><d-Scaling>1.0</d-Scaling><x-Offset>0.0</x-Offset><Card>01-089-3045</Card><d-I-LineCount>12</d-I-LineCount><QualityMark>Calculated</QualityMark><Source>Calculated</Source><SpaceGroup>P63/mmc (194)</SpaceGroup><PearsonSymbol>hP2</PearsonSymbol><RIR>12.59</RIR><Density>6.504</Density><FormulaUnits>2</FormulaUnits><a>3.2321</a><b>3.2321</b><c>5.1477</c><Alpha>90.0</Alpha><Beta>90.0</Beta><Gamma>120.0</Gamma><Volume>46.6</Volume><CSD-Number>43700</CSD-Number></Phase><Phase id="Zirconium Oxide"><Formula>Zr3O</Formula><FOM>17.8</FOM><y-Scaling>44%</y-Scaling><d-Scaling>1.0</d-Scaling><x-Offset>-0.06</x-Offset><Card>01-073-0958</Card><d-I-LineCount>63</d-I-LineCount><QualityMark>Calculated</QualityMark><Source>Calculated</Source><SpaceGroup>R32 (155)</SpaceGroup><PearsonSymbol>hR16</PearsonSymbol><RIR>11.83</RIR><Density>6.905</Density><FormulaUnits>12</FormulaUnits><a>5.563</a><b>5.563</b><c>31.185</c><Alpha>90.0</Alpha><Beta>90.0</Beta><Gamma>120.0</Gamma><Volume>835.8</Volume><CSD-Number>23402</CSD-Number></Phase><Phase id="Lithium Magnesium"><Formula>Li3Mg17</Formula><FOM>21.7</FOM><y-Scaling>38%</y-Scaling><d-Scaling>1.0</d-Scaling><x-Offset>-0.08</x-Offset><Card>00-065-5512</Card><d-I-LineCount>12</d-I-LineCount><QualityMark>Common(+)</QualityMark><Source>Calculated</Source><SpaceGroup>P63/mmc (194)</SpaceGroup><PearsonSymbol>hP2</PearsonSymbol><RIR>3.34</RIR><Density>1.573</Density><FormulaUnits>.1</FormulaUnits><a>3.1994</a><b>3.1994</b><c>5.1702</c><Alpha>90.0</Alpha><Beta>90.0</Beta><Gamma>120.0</Gamma><Volume>45.8</Volume></Phase><Phase id="Zirconium"><Formula>Zr</Formula><FOM>23.3</FOM><y-Scaling>44%</y-Scaling><d-Scaling>1.0</d-Scaling><x-Offset>0.04</x-Offset><Card>01-089-4892</Card><d-I-LineCount>12</d-I-LineCount><QualityMark>Uncommon(?)</QualityMark><Source>Calculated</Source><SpaceGroup>P63/mmc (194)</SpaceGroup><PearsonSymbol>hP2</PearsonSymbol><RIR>12.59</RIR><Density>6.500</Density><FormulaUnits>2</FormulaUnits><a>3.2312</a><b>3.2312</b><c>5.1477</c><Alpha>90.0</Alpha><Beta>90.0</Beta><Gamma>120.0</Gamma><Volume>46.5</Volume><CSD-Number>76143</CSD-Number></Phase><Phase id="Zirconium"><Formula>Zr</Formula><FOM>23.4</FOM><y-Scaling>46%</y-Scaling><d-Scaling>1.0</d-Scaling><x-Offset>0.0</x-Offset><Card>00-005-0665</Card><d-I-LineCount>12</d-I-LineCount><QualityMark>Common(+)</QualityMark><Source>Diffractometer</Source><SpaceGroup>P63/mmc (194)</SpaceGroup><PearsonSymbol>hP2</PearsonSymbol><Density>6.505</Density><FormulaUnits>2</FormulaUnits><a>3.232</a><b>3.232</b><c>5.147</c><Alpha>90.0</Alpha><Beta>90.0</Beta><Gamma>120.0</Gamma><Volume>46.6</Volume></Phase><Phase id="Magnesium"><Formula>Mg</Formula><FOM>23.9</FOM><y-Scaling>44%</y-Scaling><d-Scaling>1.0</d-Scaling><x-Offset>0.0</x-Offset><Card>00-035-0821</Card><d-I-LineCount>12</d-I-LineCount><QualityMark>Common(+)</QualityMark><Source>Diffractometer</Source><SpaceGroup>P63/mmc (194)</SpaceGroup><PearsonSymbol>hP2</PearsonSymbol><Density>1.736</Density><FormulaUnits>2</FormulaUnits><a>3.2094</a><b>3.2094</b><c>5.2112</c><Alpha>90.0</Alpha><Beta>90.0</Beta><Gamma>120.0</Gamma><Volume>46.5</Volume></Phase><Phase id="Magnesium"><Formula>Mg</Formula><FOM>23.9</FOM><y-Scaling>44%</y-Scaling><d-Scaling>1.0</d-Scaling><x-Offset>0.0</x-Offset><Card>01-089-4894</Card><d-I-LineCount>12</d-I-LineCount><QualityMark>Calculated</QualityMark><Source>Calculated</Source><SpaceGroup>P63/mmc (194)</SpaceGroup><PearsonSymbol>hP2</PearsonSymbol><RIR>3.85</RIR><Density>1.730</Density><FormulaUnits>2</FormulaUnits><a>3.2094</a><b>3.2094</b><c>5.2103</c><Alpha>90.0</Alpha><Beta>90.0</Beta><Gamma>120.0</Gamma><Volume>46.5</Volume><CSD-Number>76145</CSD-Number></Phase><Phase id="Magnesium"><Formula>Mg</Formula><FOM>23.9</FOM><y-Scaling>44%</y-Scaling><d-Scaling>1.0</d-Scaling><x-Offset>-0.02</x-Offset><Card>01-089-5003</Card><d-I-LineCount>12</d-I-LineCount><QualityMark>Calculated</QualityMark><Source>Calculated</Source><SpaceGroup>P63/mmc (194)</SpaceGroup><PearsonSymbol>hP2</PearsonSymbol><RIR>3.85</RIR><Density>1.738</Density><FormulaUnits>2</FormulaUnits><a>3.2088</a><b>3.2088</b><c>5.2099</c><Alpha>90.0</Alpha><Beta>90.0</Beta><Gamma>120.0</Gamma><Volume>46.5</Volume><CSD-Number>76259</CSD-Number></Phase><Phase id="Magnesium"><Formula>Mg</Formula><FOM>24.0</FOM><y-Scaling>44%</y-Scaling><d-Scaling>1.0</d-Scaling><x-Offset>0.0</x-Offset><Card>01-089-7195</Card><d-I-LineCount>12</d-I-LineCount><QualityMark>Calculated</QualityMark><Source>Calculated</Source><SpaceGroup>P63/mmc (194)</SpaceGroup><PearsonSymbol>hP2</PearsonSymbol><RIR>3.85</RIR><Density>1.730</Density><FormulaUnits>2</FormulaUnits><a>3.2093</a><b>3.2093</b><c>5.2103</c><Alpha>90.0</Alpha><Beta>90.0</Beta><Gamma>120.0</Gamma><Volume>46.5</Volume><CSD-Number>76748</CSD-Number></Phase><Phase id="Bismuth Magnesium"><Formula>BiMg99</Formula><FOM>24.8</FOM><y-Scaling>38%</y-Scaling><d-Scaling>1.0</d-Scaling><x-Offset>0.02</x-Offset><Card>00-065-8731</Card><d-I-LineCount>12</d-I-LineCount><QualityMark>Common(+)</QualityMark><Source>Calculated</Source><SpaceGroup>P63/mmc (194)</SpaceGroup><PearsonSymbol>hP2</PearsonSymbol><RIR>4.05</RIR><Density>1.875</Density><FormulaUnits>.02</FormulaUnits><a>3.2046</a><b>3.2046</b><c>5.2075</c><Alpha>90.0</Alpha><Beta>90.0</Beta><Gamma>120.0</Gamma><Volume>46.3</Volume></Phase><Phase id="Magnesium"><Formula>Mg</Formula><FOM>26.1</FOM><y-Scaling>43%</y-Scaling><d-Scaling>1.0</d-Scaling><x-Offset>0.02</x-Offset><Card>00-065-3365</Card><d-I-LineCount>12</d-I-LineCount><QualityMark>Common(+)</QualityMark><Source>Calculated</Source><SpaceGroup>P63/mmc (194)</SpaceGroup><PearsonSymbol>hP2</PearsonSymbol><RIR>4.01</RIR><Density>1.737</Density><FormulaUnits>2</FormulaUnits><a>3.2089</a><b>3.2089</b><c>5.2101</c><Alpha>90.0</Alpha><Beta>90.0</Beta><Gamma>120.0</Gamma><Volume>46.5</Volume></Phase><Phase id="Zincite, syn"><Formula>ZnO</Formula><FOM>29.3</FOM><y-Scaling>44%</y-Scaling><d-Scaling>1.0</d-Scaling><x-Offset>0.02</x-Offset><Card>01-075-1526</Card><d-I-LineCount>12</d-I-LineCount><QualityMark>Calculated</QualityMark><Source>Calculated</Source><SpaceGroup>P63mc (186)</SpaceGroup><PearsonSymbol>hP4</PearsonSymbol><RIR>5.32</RIR><Density>5.700</Density><FormulaUnits>2</FormulaUnits><a>3.22</a><b>3.22</b><c>5.2</c><Alpha>90.0</Alpha><Beta>90.0</Beta><Gamma>120.0</Gamma><Volume>46.7</Volume><CSD-Number>31052</CSD-Number></Phase><Phase id="Zirconium Nitride"><Formula>ZrN0.28</Formula><FOM>30.3</FOM><y-Scaling>44%</y-Scaling><d-Scaling>1.0</d-Scaling><x-Offset>0.0</x-Offset><Card>00-040-1275</Card><d-I-LineCount>12</d-I-LineCount><QualityMark>Common(+)</QualityMark><Source>Diffractometer</Source><SpaceGroup>P63/mmc (194)</SpaceGroup><PearsonSymbol>hP2.6</PearsonSymbol><Density>6.791</Density><FormulaUnits>2</FormulaUnits><a>3.222</a><b>3.222</b><c>5.1755</c><Alpha>90.0</Alpha><Beta>90.0</Beta><Gamma>120.0</Gamma><Volume>46.5</Volume></Phase><Phase id="Hafnium Nitride"><Formula>HfN0.40</Formula><FOM>32.2</FOM><y-Scaling>43%</y-Scaling><d-Scaling>1.0</d-Scaling><x-Offset>0.04</x-Offset><Card>00-040-1277</Card><d-I-LineCount>12</d-I-LineCount><QualityMark>Common(+)</QualityMark><Source>Diffractometer</Source><SpaceGroup>P63/mmc (194)</SpaceGroup><PearsonSymbol>hP3</PearsonSymbol><Density>14.118</Density><FormulaUnits>2.14</FormulaUnits><a>3.221</a><b>3.221</b><c>5.157</c><Alpha>90.0</Alpha><Beta>90.0</Beta><Gamma>120.0</Gamma><Volume>46.3</Volume></Phase><Phase id="Zinc Germanium Nitride"><Formula>ZnGeN2</Formula><FOM>33.6</FOM><y-Scaling>44%</y-Scaling><d-Scaling>1.0</d-Scaling><x-Offset>-0.1</x-Offset><Card>01-071-2343</Card><d-I-LineCount>61</d-I-LineCount><QualityMark>Calculated</QualityMark><Source>Calculated</Source><SpaceGroup>Pna21 (33)</SpaceGroup><PearsonSymbol>oP16</PearsonSymbol><RIR>4.07</RIR><Density>6.041</Density><FormulaUnits>4</FormulaUnits><a>5.454</a><b>6.441</b><c>5.194</c><Alpha>90.0</Alpha><Beta>90.0</Beta><Gamma>90.0</Gamma><Volume>182.5</Volume><CSD-Number>15144</CSD-Number></Phase><Phase id="Magnesium Lead"><Formula>Mg93Pb7</Formula><FOM>34.2</FOM><y-Scaling>43%</y-Scaling><d-Scaling>1.0</d-Scaling><x-Offset>0.04</x-Offset><Card>00-065-9362</Card><d-I-LineCount>12</d-I-LineCount><QualityMark>Common(+)</QualityMark><Source>Calculated</Source><SpaceGroup>P63/mmc (194)</SpaceGroup><PearsonSymbol>hP2</PearsonSymbol><RIR>5.23</RIR><Density>2.641</Density><FormulaUnits>.02</FormulaUnits><a>3.208</a><b>3.208</b><c>5.236</c><Alpha>90.0</Alpha><Beta>90.0</Beta><Gamma>120.0</Gamma><Volume>46.7</Volume></Phase><Phase id="Calcium Aluminum Nitride"><Formula>Ca3Al2N4</Formula><FOM>35.4</FOM><y-Scaling>88%</y-Scaling><d-Scaling>1.0</d-Scaling><x-Offset>0.0</x-Offset><Card>01-070-4728</Card><d-I-LineCount>145</d-I-LineCount><QualityMark>Calculated</QualityMark><Source>Calculated</Source><SpaceGroup>P212121 (19)</SpaceGroup><PearsonSymbol>oP72</PearsonSymbol><RIR>1.39</RIR><Density>3.097</Density><FormulaUnits>8</FormulaUnits><a>5.826</a><b>10.691</b><c>15.854</c><Alpha>90.0</Alpha><Beta>90.0</Beta><Gamma>90.0</Gamma><Volume>987.5</Volume><CSD-Number>280348</CSD-Number></Phase><Phase id="Zinc Germanium Nitride"><Formula>ZnGeN2</Formula><FOM>36.0</FOM><y-Scaling>44%</y-Scaling><d-Scaling>1.0</d-Scaling><x-Offset>-0.1</x-Offset><Card>01-073-1064</Card><d-I-LineCount>23</d-I-LineCount><QualityMark>Calculated</QualityMark><Source>Calculated</Source><SpaceGroup>P21 (4)</SpaceGroup><PearsonSymbol>mP4</PearsonSymbol><RIR>2.33</RIR><Density>5.350</Density><FormulaUnits>1</FormulaUnits><a>3.167</a><b>5.194</b><c>3.167</c><Alpha>90.0</Alpha><Beta>118.88</Beta><Gamma>90.0</Gamma><Volume>45.6</Volume><CSD-Number>23514</CSD-Number></Phase><Phase id="Zinc Germanium Oxide Nitride"><Formula>Zn1.231Ge.689O.782N1.218</Formula><FOM>36.5</FOM><y-Scaling>37%</y-Scaling><d-Scaling>1.0</d-Scaling><x-Offset>0.1</x-Offset><Card>01-079-1827</Card><d-I-LineCount>12</d-I-LineCount><QualityMark>Calculated</QualityMark><Source>Calculated</Source><SpaceGroup>P63mc (186)</SpaceGroup><PearsonSymbol>hP3.9</PearsonSymbol><RIR>5.51</RIR><Density>5.743</Density><FormulaUnits>1</FormulaUnits><a>3.209</a><b>3.209</b><c>5.1927</c><Alpha>90.0</Alpha><Beta>90.0</Beta><Gamma>120.0</Gamma><Volume>46.3</Volume><CSD-Number>67035</CSD-Number></Phase><Phase id="Gallium Magnesium"><Formula>GaMg9</Formula><FOM>38.2</FOM><y-Scaling>41%</y-Scaling><d-Scaling>1.0</d-Scaling><x-Offset>-0.04</x-Offset><Card>00-065-9164</Card><d-I-LineCount>12</d-I-LineCount><QualityMark>Common(+)</QualityMark><Source>Calculated</Source><SpaceGroup>P63/mmc (194)</SpaceGroup><PearsonSymbol>hP2</PearsonSymbol><RIR>4.39</RIR><Density>2.102</Density><FormulaUnits>.2</FormulaUnits><a>3.186</a><b>3.186</b><c>5.1843</c><Alpha>90.0</Alpha><Beta>90.0</Beta><Gamma>120.0</Gamma><Volume>45.6</Volume></Phase><Phase id="Magnesium Lead"><Formula>Mg19.04Pb0.96</Formula><FOM>38.6</FOM><y-Scaling>44%</y-Scaling><d-Scaling>1.0</d-Scaling><x-Offset>0.06</x-Offset><Card>00-065-5785</Card><d-I-LineCount>12</d-I-LineCount><QualityMark>Common(+)</QualityMark><Source>Calculated</Source><SpaceGroup>P63/mmc (194)</SpaceGroup><PearsonSymbol>hP2</PearsonSymbol><RIR>4.79</RIR><Density>2.348</Density><FormulaUnits>.1</FormulaUnits><a>3.2132</a><b>3.2132</b><c>5.2337</c><Alpha>90.0</Alpha><Beta>90.0</Beta><Gamma>120.0</Gamma><Volume>46.8</Volume></Phase><Phase id="Gallium Nitride"><Formula>GaN</Formula><FOM>40.6</FOM><y-Scaling>36%</y-Scaling><d-Scaling>1.0</d-Scaling><x-Offset>-0.06</x-Offset><Card>01-070-2546</Card><d-I-LineCount>12</d-I-LineCount><QualityMark>Calculated</QualityMark><Source>Calculated</Source><SpaceGroup>P63mc (186)</SpaceGroup><PearsonSymbol>hP4</PearsonSymbol><RIR>7.17</RIR><Density>6.079</Density><FormulaUnits>2</FormulaUnits><a>3.19</a><b>3.19</b><c>5.189</c><Alpha>90.0</Alpha><Beta>90.0</Beta><Gamma>120.0</Gamma><Volume>45.7</Volume><CSD-Number>41483</CSD-Number></Phase><Phase id="Germanium Zinc Nitride"><Formula>GeZnN2</Formula><FOM>40.7</FOM><y-Scaling>44%</y-Scaling><d-Scaling>1.0</d-Scaling><x-Offset>-0.1</x-Offset><Card>00-022-0314</Card><d-I-LineCount>17</d-I-LineCount><QualityMark>Common(+)</QualityMark><Source>Film/Visual</Source><SpaceGroup>P21 (4)</SpaceGroup><PearsonSymbol>mP4</PearsonSymbol><Density>6.042</Density><FormulaUnits>1</FormulaUnits><a>3.167</a><b>5.194</b><c>3.167</c><Alpha>90.0</Alpha><Beta>118.88</Beta><Gamma>90.0</Gamma><Volume>45.6</Volume></Phase><Phase id="Magnesium Zinc"><Formula>Mg0.97Zn0.03</Formula><FOM>41.1</FOM><y-Scaling>36%</y-Scaling><d-Scaling>1.0</d-Scaling><x-Offset>-0.08</x-Offset><Card>00-065-4596</Card><d-I-LineCount>12</d-I-LineCount><QualityMark>Common(+)</QualityMark><Source>Calculated</Source><SpaceGroup>P63/mmc (194)</SpaceGroup><PearsonSymbol>hP2</PearsonSymbol><RIR>4.01</RIR><Density>1.859</Density><FormulaUnits>2</FormulaUnits><a>3.189</a><b>3.189</b><c>5.179</c><Alpha>90.0</Alpha><Beta>90.0</Beta><Gamma>120.0</Gamma><Volume>45.6</Volume></Phase><Phase id="Magnesium"><Formula>Mg</Formula><FOM>47.8</FOM><y-Scaling>44%</y-Scaling><d-Scaling>1.0</d-Scaling><x-Offset>0.0</x-Offset><Card>01-089-4244</Card><d-I-LineCount>12</d-I-LineCount><QualityMark>Uncommon(?)</QualityMark><Source>Calculated</Source><SpaceGroup>P63/mmc (194)</SpaceGroup><PearsonSymbol>hP2</PearsonSymbol><RIR>3.85</RIR><Density>1.737</Density><FormulaUnits>2</FormulaUnits><a>3.2094</a><b>3.2094</b><c>5.2108</c><Alpha>90.0</Alpha><Beta>90.0</Beta><Gamma>120.0</Gamma><Volume>46.5</Volume><CSD-Number>44923</CSD-Number></Phase><Phase id="Lithium Magnesium"><Formula>Li0.92Mg4.08</Formula><FOM>49.1</FOM><y-Scaling>41%</y-Scaling><d-Scaling>1.0</d-Scaling><x-Offset>-0.1</x-Offset><Card>00-065-4080</Card><d-I-LineCount>12</d-I-LineCount><QualityMark>Common(+)</QualityMark><Source>Calculated</Source><SpaceGroup>P63/mmc (194)</SpaceGroup><PearsonSymbol>hP2</PearsonSymbol><RIR>3.23</RIR><Density>1.548</Density><FormulaUnits>.4</FormulaUnits><a>3.1918</a><b>3.1918</b><c>5.1319</c><Alpha>90.0</Alpha><Beta>90.0</Beta><Gamma>120.0</Gamma><Volume>45.3</Volume></Phase></PhaseListing></Pattern></MDI>
