0,5.0,48
0,5.02,48
0,5.04,48
0,5.06,46
0,5.08,45
0,5.1,46
0,5.12,44
0,5.14,47
0,5.16,44
0,5.18,44
0,5.2,43
0,5.22,43
0,5.24,44
0,5.26,44
0,5.28,50
0,5.3,45
0,5.32,46
0,5.34,47
0,5.36,46
0,5.38,44
0,5.4,44
0,5.42,44
0,5.44,44
0,5.46,43
0,5.48,43
0,5.5,46
0,5.52,42
0,5.54,44
0,5.56,41
0,5.58,45
0,5.6,44
0,5.62,42
0,5.64,39
0,5.66,38
0,5.68,43
0,5.7,45
0,5.72,40
0,5.74,40
0,5.76,41
0,5.78,40
0,5.8,40
0,5.82,38
0,5.84,44
0,5.86,42
0,5.88,38
0,5.9,43
0,5.92,39
0,5.94,39
0,5.96,38
0,5.98,39
0,6.0,36
0,6.02,39
0,6.04,40
0,6.06,41
0,6.08,38
0,6.1,39
0,6.12,36
0,6.14,36
0,6.16,34
0,6.18,40
0,6.2,40
0,6.22,39
0,6.24,39
0,6.26,37
0,6.28,40
0,6.3,35
0,6.32,39
0,6.34,34
0,6.36,40
0,6.38,37
0,6.4,38
0,6.42,32
0,6.44,36
0,6.46,33
0,6.48,38
0,6.5,36
0,6.52,36
0,6.54,36
0,6.56,36
0,6.58,40
0,6.6,36
0,6.62,40
0,6.64,37
0,6.66,37
0,6.68,29
0,6.7,37
0,6.72,33
0,6.74,33
0,6.76,39
0,6.78,32
0,6.8,37
0,6.82,33
0,6.84,32
0,6.86,32
0,6.88,32
0,6.9,34
0,6.92,30
0,6.94,35
0,6.96,35
0,6.98,34
0,7.0,35
0,7.02,31
0,7.04,31
0,7.06,32
0,7.08,34
0,7.1,35
0,7.12,33
0,7.14,30
0,7.16,31
0,7.18,32
0,7.2,30
0,7.22,32
0,7.24,35
0,7.26,35
0,7.28,33
0,7.3,29
0,7.32,30
0,7.34,32
0,7.36,32
0,7.38,30
0,7.4,32
0,7.42,32
0,7.44,32
0,7.46,30
0,7.48,30
0,7.5,33
0,7.52,30
0,7.54,31
0,7.56,33
0,7.58,31
0,7.6,31
0,7.62,30
0,7.64,29
0,7.66,31
0,7.68,30
0,7.7,33
0,7.72,30
0,7.74,31
0,7.76,32
0,7.78,28
0,7.8,30
0,7.82,28
0,7.84,32
0,7.86,31
0,7.88,31
0,7.9,29
0,7.92,26
0,7.94,32
0,7.96,28
0,7.98,29
0,8.0,29
0,8.02,28
0,8.04,32
0,8.06,31
0,8.08,29
0,8.1,27
0,8.12,31
0,8.14,27
0,8.16,26
0,8.18,28
0,8.2,25
0,8.22,29
0,8.24,29
0,8.26,28
0,8.28,29
0,8.3,28
0,8.32,26
0,8.34,26
0,8.36,26
0,8.38,27
0,8.4,22
0,8.42,28
0,8.44,26
0,8.46,28
0,8.48,28
0,8.5,27
0,8.52,27
0,8.54,27
0,8.56,27
0,8.58,25
0,8.6,30
0,8.62,24
0,8.64,27
0,8.66,26
0,8.68,28
0,8.7,28
0,8.72,27
0,8.74,27
0,8.76,28
0,8.78,24
0,8.8,25
0,8.82,29
0,8.84,26
0,8.86,26
0,8.88,25
0,8.9,28
0,8.92,24
0,8.94,28
0,8.96,26
0,8.98,28
0,9.0,28
0,9.02,25
0,9.04,29
0,9.06,28
0,9.08,24
0,9.1,26
0,9.12,24
0,9.14,25
0,9.16,26
0,9.18,23
0,9.2,23
0,9.22,25
0,9.24,24
0,9.26,24
0,9.28,24
0,9.3,24
0,9.32,25
0,9.34,25
0,9.36,26
0,9.38,25
0,9.4,27
0,9.42,25
0,9.44,25
0,9.46,22
0,9.48,24
0,9.5,26
0,9.52,23
0,9.54,24
0,9.56,24
0,9.58,23
0,9.6,22
0,9.62,26
0,9.64,20
0,9.66,25
0,9.68,23
0,9.7,23
0,9.72,23
0,9.74,19
0,9.76,23
0,9.78,21
0,9.8,25
0,9.82,20
0,9.84,21
0,9.86,21
0,9.88,23
0,9.9,21
0,9.92,23
0,9.94,25
0,9.96,23
0,9.98,22
0,10.0,24
0,10.02,21
0,10.04,22
0,10.06,21
0,10.08,21
0,10.1,23
0,10.12,24
0,10.14,22
0,10.16,21
0,10.18,23
0,10.2,23
0,10.22,22
0,10.24,22
0,10.26,23
0,10.28,22
0,10.3,23
0,10.32,21
0,10.34,24
0,10.36,22
0,10.38,24
0,10.4,26
0,10.42,22
0,10.44,21
0,10.46,20
0,10.48,21
0,10.5,23
0,10.52,19
0,10.54,20
0,10.56,21
0,10.58,23
0,10.6,25
0,10.62,21
0,10.64,21
0,10.66,21
0,10.68,19
0,10.7,21
0,10.72,24
0,10.74,21
0,10.76,21
0,10.78,19
0,10.8,21
0,10.82,22
0,10.84,19
0,10.86,21
0,10.88,24
0,10.9,21
0,10.92,20
0,10.94,19
0,10.96,23
0,10.98,21
0,11.0,20
0,11.02,19
0,11.04,20
0,11.06,20
0,11.08,20
0,11.1,19
0,11.12,20
0,11.14,20
0,11.16,20
0,11.18,23
0,11.2,23
0,11.22,20
0,11.24,20
0,11.26,21
0,11.28,20
0,11.3,17
0,11.32,20
0,11.34,18
0,11.36,16
0,11.38,20
0,11.4,22
0,11.42,20
0,11.44,19
0,11.46,19
0,11.48,20
0,11.5,18
0,11.52,19
0,11.54,20
0,11.56,17
0,11.58,18
0,11.6,19
0,11.62,18
0,11.64,19
0,11.66,18
0,11.68,17
0,11.7,20
0,11.72,17
0,11.74,21
0,11.76,20
0,11.78,16
0,11.8,21
0,11.82,20
0,11.84,20
0,11.86,20
0,11.88,17
0,11.9,20
0,11.92,18
0,11.94,17
0,11.96,17
0,11.98,17
0,12.0,17
0,12.02,19
0,12.04,20
0,12.06,17
0,12.08,17
0,12.1,20
0,12.12,17
0,12.14,20
0,12.16,17
0,12.18,21
0,12.2,17
0,12.22,16
0,12.24,17
0,12.26,18
0,12.28,18
0,12.3,18
0,12.32,17
0,12.34,18
0,12.36,17
0,12.38,19
0,12.4,18
0,12.42,17
0,12.44,18
0,12.46,16
0,12.48,17
0,12.5,16
0,12.52,18
0,12.54,17
0,12.56,17
0,12.58,19
0,12.6,19
0,12.62,15
0,12.64,19
0,12.66,16
0,12.68,16
0,12.7,16
0,12.72,15
0,12.74,15
0,12.76,15
0,12.78,18
0,12.8,17
0,12.82,18
0,12.84,18
0,12.86,17
0,12.88,15
0,12.9,17
0,12.92,18
0,12.94,17
0,12.96,16
0,12.98,16
0,13.0,15
0,13.02,17
0,13.04,19
0,13.06,17
0,13.08,16
0,13.1,17
0,13.12,16
0,13.14,17
0,13.16,16
0,13.18,14
0,13.2,15
0,13.22,18
0,13.24,15
0,13.26,17
0,13.28,14
0,13.3,17
0,13.32,16
0,13.34,16
0,13.36,14
0,13.38,16
0,13.4,17
0,13.42,17
0,13.44,14
0,13.46,17
0,13.48,14
0,13.5,17
0,13.52,17
0,13.54,17
0,13.56,16
0,13.58,15
0,13.6,15
0,13.62,17
0,13.64,13
0,13.66,16
0,13.68,17
0,13.7,16
0,13.72,13
0,13.74,15
0,13.76,16
0,13.78,16
0,13.8,15
0,13.82,16
0,13.84,14
0,13.86,15
0,13.88,15
0,13.9,16
0,13.92,15
0,13.94,15
0,13.96,18
0,13.98,15
0,14.0,16
0,14.02,13
0,14.04,16
0,14.06,18
0,14.08,18
0,14.1,16
0,14.12,13
0,14.14,17
0,14.16,16
0,14.18,15
0,14.2,16
0,14.22,16
0,14.24,14
0,14.26,15
0,14.28,12
0,14.3,17
0,14.32,14
0,14.34,14
0,14.36,16
0,14.38,17
0,14.4,13
0,14.42,14
0,14.44,17
0,14.46,15
0,14.48,17
0,14.5,16
0,14.52,17
0,14.54,15
0,14.56,12
0,14.58,15
0,14.6,15
0,14.62,14
0,14.64,15
0,14.66,15
0,14.68,15
0,14.7,15
0,14.72,15
0,14.74,16
0,14.76,15
0,14.78,13
0,14.8,14
0,14.82,14
0,14.84,14
0,14.86,14
0,14.88,15
0,14.9,15
0,14.92,14
0,14.94,13
0,14.96,14
0,14.98,15
0,15.0,16
0,15.02,14
0,15.04,15
0,15.06,16
0,15.08,15
0,15.1,15
0,15.12,13
0,15.14,13
0,15.16,14
0,15.18,13
0,15.2,16
0,15.22,15
0,15.24,14
0,15.26,15
0,15.28,11
0,15.3,14
0,15.32,16
0,15.34,15
0,15.36,13
0,15.38,13
0,15.4,12
0,15.42,15
0,15.44,12
0,15.46,14
0,15.48,14
0,15.5,15
0,15.52,13
0,15.54,14
0,15.56,14
0,15.58,14
0,15.6,13
0,15.62,14
0,15.64,16
0,15.66,13
0,15.68,14
0,15.7,14
0,15.72,12
0,15.74,16
0,15.76,13
0,15.78,16
0,15.8,13
0,15.82,13
0,15.84,13
0,15.86,13
0,15.88,14
0,15.9,15
0,15.92,13
0,15.94,15
0,15.96,14
0,15.98,13
0,16.0,11
0,16.02,13
0,16.04,14
0,16.06,12
0,16.08,13
0,16.1,14
0,16.12,15
0,16.14,12
0,16.16,14
0,16.18,12
0,16.2,14
0,16.22,14
0,16.24,13
0,16.26,13
0,16.28,13
0,16.3,12
0,16.32,15
0,16.34,15
0,16.36,16
0,16.38,16
0,16.4,13
0,16.42,13
0,16.44,13
0,16.46,13
0,16.48,17
0,16.5,14
0,16.52,15
0,16.54,13
0,16.56,14
0,16.58,18
0,16.6,15
0,16.62,18
0,16.64,21
0,16.66,20
0,16.68,28
0,16.7,32
0,16.72,31
0,16.74,38
0,16.76,31
0,16.78,27
0,16.8,25
0,16.82,16
0,16.84,14
0,16.86,16
0,16.88,13
0,16.9,15
0,16.92,13
0,16.94,13
0,16.96,13
0,16.98,13
0,17.0,12
0,17.02,14
0,17.04,12
0,17.06,13
0,17.08,13
0,17.1,13
0,17.12,14
0,17.14,12
0,17.16,10
0,17.18,13
0,17.2,13
0,17.22,13
0,17.24,12
0,17.26,12
0,17.28,12
0,17.3,14
0,17.32,12
0,17.34,11
0,17.36,12
0,17.38,14
0,17.4,12
0,17.42,11
0,17.44,12
0,17.46,12
0,17.48,13
0,17.5,12
0,17.52,14
0,17.54,13
0,17.56,12
0,17.58,14
0,17.6,11
0,17.62,13
0,17.64,14
0,17.66,13
0,17.68,12
0,17.7,10
0,17.72,11
0,17.74,13
0,17.76,11
0,17.78,12
0,17.8,11
0,17.82,11
0,17.84,11
0,17.86,12
0,17.88,11
0,17.9,11
0,17.92,13
0,17.94,12
0,17.96,13
0,17.98,12
0,18.0,12
0,18.02,11
0,18.04,10
0,18.06,11
0,18.08,13
0,18.1,11
0,18.12,11
0,18.14,12
0,18.16,13
0,18.18,13
0,18.2,11
0,18.22,12
0,18.24,11
0,18.26,12
0,18.28,13
0,18.3,12
0,18.32,12
0,18.34,12
0,18.36,11
0,18.38,13
0,18.4,11
0,18.42,11
0,18.44,11
0,18.46,11
0,18.48,13
0,18.5,13
0,18.52,11
0,18.54,12
0,18.56,12
0,18.58,11
0,18.6,13
0,18.62,10
0,18.64,12
0,18.66,10
0,18.68,13
0,18.7,12
0,18.72,11
0,18.74,10
0,18.76,13
0,18.78,10
0,18.8,12
0,18.82,11
0,18.84,11
0,18.86,9
0,18.88,11
0,18.9,10
0,18.92,10
0,18.94,11
0,18.96,13
0,18.98,12
0,19.0,10
0,19.02,10
0,19.04,11
0,19.06,10
0,19.08,11
0,19.1,11
0,19.12,11
0,19.14,11
0,19.16,13
0,19.18,10
0,19.2,12
0,19.22,10
0,19.24,12
0,19.26,11
0,19.28,12
0,19.3,10
0,19.32,12
0,19.34,14
0,19.36,11
0,19.38,11
0,19.4,9
0,19.42,12
0,19.44,12
0,19.46,10
0,19.48,12
0,19.5,11
0,19.52,11
0,19.54,11
0,19.56,11
0,19.58,12
0,19.6,12
0,19.62,14
0,19.64,12
0,19.66,12
0,19.68,11
0,19.7,13
0,19.72,11
0,19.74,13
0,19.76,11
0,19.78,12
0,19.8,13
0,19.82,12
0,19.84,13
0,19.86,14
0,19.88,13
0,19.9,13
0,19.92,13
0,19.94,17
0,19.96,15
0,19.98,16
0,20.0,14
0,20.02,16
0,20.04,16
0,20.06,20
0,20.08,19
0,20.1,21
0,20.12,25
0,20.14,23
0,20.16,26
0,20.18,31
0,20.2,35
0,20.22,38
0,20.24,44
0,20.26,53
0,20.28,62
0,20.3,72
0,20.32,85
0,20.34,105
0,20.36,135
0,20.38,177
0,20.4,223
0,20.42,272
0,20.44,378
0,20.46,511
0,20.48,726
0,20.5,920
0,20.52,1040
0,20.54,994
0,20.56,884
0,20.58,651
0,20.6,396
0,20.62,260
0,20.64,128
0,20.66,78
0,20.68,54
0,20.7,45
0,20.72,39
0,20.74,36
0,20.76,30
0,20.78,27
0,20.8,28
0,20.82,21
0,20.84,22
0,20.86,19
0,20.88,14
0,20.9,14
0,20.92,15
0,20.94,20
0,20.96,15
0,20.98,17
0,21.0,14
0,21.02,12
0,21.04,13
0,21.06,10
0,21.08,13
0,21.1,13
0,21.12,12
0,21.14,13
0,21.16,12
0,21.18,12
0,21.2,11
0,21.22,11
0,21.24,11
0,21.26,11
0,21.28,12
0,21.3,10
0,21.32,11
0,21.34,11
0,21.36,10
0,21.38,11
0,21.4,13
0,21.42,9
0,21.44,11
0,21.46,10
0,21.48,12
0,21.5,9
0,21.52,10
0,21.54,10
0,21.56,12
0,21.58,10
0,21.6,11
0,21.62,11
0,21.64,9
0,21.66,10
0,21.68,10
0,21.7,10
0,21.72,9
0,21.74,11
0,21.76,9
0,21.78,10
0,21.8,10
0,21.82,11
0,21.84,9
0,21.86,10
0,21.88,11
0,21.9,10
0,21.92,10
0,21.94,8
0,21.96,9
0,21.98,9
0,22.0,10
0,22.02,9
0,22.04,8
0,22.06,12
0,22.08,10
0,22.1,10
0,22.12,10
0,22.14,10
0,22.16,8
0,22.18,11
0,22.2,10
0,22.22,9
0,22.24,12
0,22.26,11
0,22.28,10
0,22.3,11
0,22.32,9
0,22.34,12
0,22.36,10
0,22.38,8
0,22.4,11
0,22.42,9
0,22.44,9
0,22.46,11
0,22.48,9
0,22.5,8
0,22.52,8
0,22.54,10
0,22.56,10
0,22.58,10
0,22.6,11
0,22.62,9
0,22.64,9
0,22.66,9
0,22.68,8
0,22.7,10
0,22.72,8
0,22.74,10
0,22.76,9
0,22.78,9
0,22.8,9
0,22.82,9
0,22.84,7
0,22.86,10
0,22.88,10
0,22.9,10
0,22.92,8
0,22.94,10
0,22.96,9
0,22.98,9
0,23.0,10
0,23.02,10
0,23.04,8
0,23.06,8
0,23.08,8
0,23.1,10
0,23.12,8
0,23.14,9
0,23.16,10
0,23.18,8
0,23.2,10
0,23.22,7
0,23.24,8
0,23.26,8
0,23.28,10
0,23.3,6
0,23.32,8
0,23.34,8
0,23.36,9
0,23.38,8
0,23.4,8
0,23.42,10
0,23.44,8
0,23.46,9
0,23.48,9
0,23.5,8
0,23.52,10
0,23.54,10
0,23.56,10
0,23.58,9
0,23.6,10
0,23.62,10
0,23.64,8
0,23.66,10
0,23.68,10
0,23.7,10
0,23.72,12
0,23.74,10
0,23.76,9
0,23.78,12
0,23.8,11
0,23.82,10
0,23.84,9
0,23.86,10
0,23.88,7
0,23.9,9
0,23.92,9
0,23.94,9
0,23.96,9
0,23.98,9
0,24.0,10
0,24.02,8
0,24.04,8
0,24.06,9
0,24.08,9
0,24.1,8
0,24.12,8
0,24.14,9
0,24.16,10
0,24.18,8
0,24.2,9
0,24.22,9
0,24.24,9
0,24.26,8
0,24.28,8
0,24.3,8
0,24.32,8
0,24.34,8
0,24.36,10
0,24.38,9
0,24.4,8
0,24.42,9
0,24.44,9
0,24.46,10
0,24.48,10
0,24.5,11
0,24.52,10
0,24.54,9
0,24.56,9
0,24.58,10
0,24.6,8
0,24.62,10
0,24.64,8
0,24.66,8
0,24.68,10
0,24.7,9
0,24.72,8
0,24.74,9
0,24.76,9
0,24.78,10
0,24.8,10
0,24.82,9
0,24.84,8
0,24.86,8
0,24.88,8
0,24.9,9
0,24.92,9
0,24.94,8
0,24.96,10
0,24.98,9
0,25.0,8
0,25.02,9
0,25.04,10
0,25.06,9
0,25.08,10
0,25.1,9
0,25.12,9
0,25.14,10
0,25.16,11
0,25.18,10
0,25.2,9
0,25.22,10
0,25.24,9
0,25.26,7
0,25.28,9
0,25.3,8
0,25.32,10
0,25.34,9
0,25.36,7
0,25.38,9
0,25.4,8
0,25.42,9
0,25.44,8
0,25.46,8
0,25.48,8
0,25.5,9
0,25.52,11
0,25.54,9
0,25.56,8
0,25.58,9
0,25.6,9
0,25.62,8
0,25.64,9
0,25.66,8
0,25.68,10
0,25.7,10
0,25.72,10
0,25.74,8
0,25.76,8
0,25.78,10
0,25.8,9
0,25.82,8
0,25.84,7
0,25.86,10
0,25.88,10
0,25.9,9
0,25.92,8
0,25.94,10
0,25.96,10
0,25.98,9
0,26.0,9
0,26.02,9
0,26.04,9
0,26.06,10
0,26.08,10
0,26.1,11
0,26.12,11
0,26.14,12
0,26.16,11
0,26.18,12
0,26.2,12
0,26.22,13
0,26.24,14
0,26.26,15
0,26.28,20
0,26.3,22
0,26.32,21
0,26.34,24
0,26.36,17
0,26.38,16
0,26.4,11
0,26.42,11
0,26.44,10
0,26.46,8
0,26.48,10
0,26.5,10
0,26.52,7
0,26.54,10
0,26.56,9
0,26.58,9
0,26.6,10
0,26.62,9
0,26.64,9
0,26.66,9
0,26.68,10
0,26.7,10
0,26.72,11
0,26.74,10
0,26.76,10
0,26.78,8
0,26.8,8
0,26.82,9
0,26.84,9
0,26.86,7
0,26.88,10
0,26.9,8
0,26.92,11
0,26.94,10
0,26.96,10
0,26.98,10
0,27.0,10
0,27.02,9
0,27.04,10
0,27.06,10
0,27.08,8
0,27.1,9
0,27.12,10
0,27.14,8
0,27.16,9
0,27.18,9
0,27.2,10
0,27.22,10
0,27.24,11
0,27.26,10
0,27.28,10
0,27.3,11
0,27.32,9
0,27.34,10
0,27.36,10
0,27.38,10
0,27.4,9
0,27.42,10
0,27.44,10
0,27.46,10
0,27.48,10
0,27.5,9
0,27.52,9
0,27.54,10
0,27.56,11
0,27.58,10
0,27.6,9
0,27.62,11
0,27.64,11
0,27.66,12
0,27.68,11
0,27.7,12
0,27.72,11
0,27.74,12
0,27.76,12
0,27.78,12
0,27.8,11
0,27.82,14
0,27.84,15
0,27.86,17
0,27.88,15
0,27.9,17
0,27.92,18
0,27.94,18
0,27.96,18
0,27.98,18
0,28.0,18
0,28.02,15
0,28.04,18
0,28.06,16
0,28.08,15
0,28.1,14
0,28.12,15
0,28.14,17
0,28.16,20
0,28.18,18
0,28.2,18
0,28.22,22
0,28.24,20
0,28.26,21
0,28.28,23
0,28.3,23
0,28.32,23
0,28.34,23
0,28.36,25
0,28.38,27
0,28.4,29
0,28.42,29
0,28.44,28
0,28.46,28
0,28.48,33
0,28.5,35
0,28.52,33
0,28.54,39
0,28.56,42
0,28.58,45
0,28.6,44
0,28.62,45
0,28.64,52
0,28.66,57
0,28.68,59
0,28.7,71
0,28.72,79
0,28.74,84
0,28.76,91
0,28.78,99
0,28.8,100
0,28.82,114
0,28.84,123
0,28.86,141
0,28.88,152
0,28.9,179
0,28.92,225
0,28.94,283
0,28.96,347
0,28.98,448
0,29.0,601
0,29.02,806
0,29.04,1105
0,29.06,1523
0,29.08,2158
0,29.1,3151
0,29.12,4644
0,29.14,6755
0,29.16,8094
0,29.18,8260
0,29.2,7695
0,29.22,6739
0,29.24,5157
0,29.26,3764
0,29.28,2742
0,29.3,1711
0,29.32,906
0,29.34,514
0,29.36,359
0,29.38,278
0,29.4,237
0,29.42,201
0,29.44,180
0,29.46,154
0,29.48,130
0,29.5,111
0,29.52,95
0,29.54,86
0,29.56,70
0,29.58,68
0,29.6,59
0,29.62,51
0,29.64,50
0,29.66,46
0,29.68,39
0,29.7,38
0,29.72,38
0,29.74,34
0,29.76,36
0,29.78,33
0,29.8,33
0,29.82,28
0,29.84,28
0,29.86,27
0,29.88,26
0,29.9,26
0,29.92,23
0,29.94,22
0,29.96,22
0,29.98,23
0,30.0,23
0,30.02,20
0,30.04,19
0,30.06,20
0,30.08,18
0,30.1,17
0,30.12,17
0,30.14,17
0,30.16,18
0,30.18,18
0,30.2,16
0,30.22,15
0,30.24,18
0,30.26,15
0,30.28,14
0,30.3,15
0,30.32,16
0,30.34,14
0,30.36,16
0,30.38,15
0,30.4,16
0,30.42,15
0,30.44,16
0,30.46,17
0,30.48,16
0,30.5,15
0,30.52,15
0,30.54,11
0,30.56,13
0,30.58,11
0,30.6,13
0,30.62,14
0,30.64,12
0,30.66,13
0,30.68,9
0,30.7,11
0,30.72,12
0,30.74,10
0,30.76,11
0,30.78,11
0,30.8,10
0,30.82,12
0,30.84,11
0,30.86,10
0,30.88,10
0,30.9,10
0,30.92,9
0,30.94,10
0,30.96,10
0,30.98,11
0,31.0,11
0,31.02,11
0,31.04,10
0,31.06,12
0,31.08,10
0,31.1,11
0,31.12,10
0,31.14,11
0,31.16,10
0,31.18,11
0,31.2,10
0,31.22,8
0,31.24,11
0,31.26,10
0,31.28,10
0,31.3,10
0,31.32,10
0,31.34,11
0,31.36,11
0,31.38,12
0,31.4,12
0,31.42,13
0,31.44,15
0,31.46,15
0,31.48,15
0,31.5,20
0,31.52,30
0,31.54,37
0,31.56,42
0,31.58,40
0,31.6,37
0,31.62,30
0,31.64,24
0,31.66,24
0,31.68,20
0,31.7,15
0,31.72,12
0,31.74,11
0,31.76,10
0,31.78,11
0,31.8,8
0,31.82,9
0,31.84,9
0,31.86,8
0,31.88,11
0,31.9,9
0,31.92,10
0,31.94,9
0,31.96,8
0,31.98,10
0,32.0,10
0,32.02,9
0,32.04,10
0,32.06,10
0,32.08,10
0,32.1,8
0,32.12,10
0,32.14,11
0,32.16,10
0,32.18,9
0,32.2,8
0,32.22,10
0,32.24,10
0,32.26,11
0,32.28,9
0,32.3,9
0,32.32,9
0,32.34,11
0,32.36,10
0,32.38,12
0,32.4,10
0,32.42,11
0,32.44,11
0,32.46,9
0,32.48,9
0,32.5,9
0,32.52,9
0,32.54,10
0,32.56,11
0,32.58,10
0,32.6,8
0,32.62,9
0,32.64,11
0,32.66,11
0,32.68,10
0,32.7,11
0,32.72,10
0,32.74,11
0,32.76,11
0,32.78,10
0,32.8,12
0,32.82,12
0,32.84,10
0,32.86,13
0,32.88,13
0,32.9,13
0,32.92,13
0,32.94,15
0,32.96,14
0,32.98,14
0,33.0,12
0,33.02,15
0,33.04,13
0,33.06,13
0,33.08,14
0,33.1,15
0,33.12,12
0,33.14,16
0,33.16,16
0,33.18,15
0,33.2,17
0,33.22,16
0,33.24,16
0,33.26,18
0,33.28,20
0,33.3,21
0,33.32,23
0,33.34,23
0,33.36,28
0,33.38,27
0,33.4,28
0,33.42,29
0,33.44,29
0,33.46,34
0,33.48,34
0,33.5,38
0,33.52,46
0,33.54,44
0,33.56,56
0,33.58,64
0,33.6,79
0,33.62,109
0,33.64,147
0,33.66,189
0,33.68,249
0,33.7,379
0,33.72,518
0,33.74,799
0,33.76,1188
0,33.78,1687
0,33.8,1907
0,33.82,1866
0,33.84,1695
0,33.86,1452
0,33.88,1177
0,33.9,960
0,33.92,750
0,33.94,510
0,33.96,304
0,33.98,166
0,34.0,104
0,34.02,83
0,34.04,68
0,34.06,61
0,34.08,49
0,34.1,39
0,34.12,40
0,34.14,32
0,34.16,29
0,34.18,26
0,34.2,23
0,34.22,23
0,34.24,19
0,34.26,19
0,34.28,19
0,34.3,17
0,34.32,17
0,34.34,16
0,34.36,14
0,34.38,12
0,34.4,16
0,34.42,14
0,34.44,14
0,34.46,13
0,34.48,12
0,34.5,12
0,34.52,11
0,34.54,12
0,34.56,12
0,34.58,11
0,34.6,11
0,34.62,10
0,34.64,10
0,34.66,11
0,34.68,10
0,34.7,10
0,34.72,11
0,34.74,11
0,34.76,12
0,34.78,11
0,34.8,11
0,34.82,9
0,34.84,10
0,34.86,12
0,34.88,10
0,34.9,10
0,34.92,9
0,34.94,10
0,34.96,9
0,34.98,8
0,35.0,12
0,35.02,10
0,35.04,9
0,35.06,8
0,35.08,9
0,35.1,9
0,35.12,10
0,35.14,9
0,35.16,10
0,35.18,10
0,35.2,10
0,35.22,11
0,35.24,9
0,35.26,11
0,35.28,8
0,35.3,8
0,35.32,8
0,35.34,9
0,35.36,10
0,35.38,9
0,35.4,10
0,35.42,9
0,35.44,11
0,35.46,10
0,35.48,12
0,35.5,10
0,35.52,11
0,35.54,11
0,35.56,12
0,35.58,13
0,35.6,14
0,35.62,14
0,35.64,16
0,35.66,14
0,35.68,20
0,35.7,20
0,35.72,24
0,35.74,27
0,35.76,36
0,35.78,45
0,35.8,62
0,35.82,78
0,35.84,117
0,35.86,180
0,35.88,262
0,35.9,359
0,35.92,398
0,35.94,383
0,35.96,339
0,35.98,293
0,36.0,247
0,36.02,208
0,36.04,167
0,36.06,126
0,36.08,71
0,36.1,40
0,36.12,29
0,36.14,25
0,36.16,19
0,36.18,18
0,36.2,16
0,36.22,14
0,36.24,14
0,36.26,14
0,36.28,11
0,36.3,12
0,36.32,12
0,36.34,9
0,36.36,10
0,36.38,11
0,36.4,10
0,36.42,10
0,36.44,9
0,36.46,8
0,36.48,9
0,36.5,9
0,36.52,9
0,36.54,7
0,36.56,11
0,36.58,9
0,36.6,8
0,36.62,8
0,36.64,8
0,36.66,7
0,36.68,8
0,36.7,9
0,36.72,7
0,36.74,8
0,36.76,9
0,36.78,8
0,36.8,7
0,36.82,7
0,36.84,8
0,36.86,8
0,36.88,6
0,36.9,6
0,36.92,9
0,36.94,9
0,36.96,7
0,36.98,7
0,37.0,8
0,37.02,7
0,37.04,7
0,37.06,8
0,37.08,7
0,37.1,6
0,37.12,8
0,37.14,6
0,37.16,7
0,37.18,7
0,37.2,7
0,37.22,8
0,37.24,7
0,37.26,7
0,37.28,8
0,37.3,8
0,37.32,8
0,37.34,8
0,37.36,8
0,37.38,7
0,37.4,11
0,37.42,8
0,37.44,7
0,37.46,7
0,37.48,8
0,37.5,8
0,37.52,8
0,37.54,8
0,37.56,8
0,37.58,9
0,37.6,8
0,37.62,10
0,37.64,8
0,37.66,9
0,37.68,9
0,37.7,10
0,37.72,13
0,37.74,13
0,37.76,11
0,37.78,14
0,37.8,17
0,37.82,19
0,37.84,24
0,37.86,32
0,37.88,49
0,37.9,69
0,37.92,89
0,37.94,89
0,37.96,91
0,37.98,85
0,38.0,67
0,38.02,58
0,38.04,52
0,38.06,40
0,38.08,35
0,38.1,21
0,38.12,15
0,38.14,14
0,38.16,11
0,38.18,11
0,38.2,9
0,38.22,9
0,38.24,8
0,38.26,8
0,38.28,9
0,38.3,10
0,38.32,7
0,38.34,8
0,38.36,8
0,38.38,6
0,38.4,9
0,38.42,8
0,38.44,7
0,38.46,8
0,38.48,7
0,38.5,8
0,38.52,7
0,38.54,7
0,38.56,7
0,38.58,8
0,38.6,8
0,38.62,10
0,38.64,8
0,38.66,8
0,38.68,7
0,38.7,7
0,38.72,8
0,38.74,7
0,38.76,8
0,38.78,8
0,38.8,9
0,38.82,9
0,38.84,7
0,38.86,8
0,38.88,8
0,38.9,7
0,38.92,9
0,38.94,8
0,38.96,10
0,38.98,9
0,39.0,9
0,39.02,9
0,39.04,9
0,39.06,9
0,39.08,9
0,39.1,9
0,39.12,9
0,39.14,10
0,39.16,9
0,39.18,10
0,39.2,11
0,39.22,10
0,39.24,10
0,39.26,8
0,39.28,8
0,39.3,9
0,39.32,8
0,39.34,10
0,39.36,11
0,39.38,7
0,39.4,11
0,39.42,10
0,39.44,9
0,39.46,12
0,39.48,11
0,39.5,11
0,39.52,13
0,39.54,14
0,39.56,14
0,39.58,17
0,39.6,17
0,39.62,16
0,39.64,26
0,39.66,25
0,39.68,33
0,39.7,38
0,39.72,47
0,39.74,60
0,39.76,86
0,39.78,127
0,39.8,197
0,39.82,298
0,39.84,421
0,39.86,480
0,39.88,462
0,39.9,403
0,39.92,346
0,39.94,289
0,39.96,260
0,39.98,233
0,40.0,183
0,40.02,122
0,40.04,72
0,40.06,46
0,40.08,30
0,40.1,24
0,40.12,19
0,40.14,18
0,40.16,17
0,40.18,18
0,40.2,12
0,40.22,13
0,40.24,11
0,40.26,12
0,40.28,11
0,40.3,10
0,40.32,10
0,40.34,10
0,40.36,11
0,40.38,10
0,40.4,9
0,40.42,10
0,40.44,9
0,40.46,9
0,40.48,9
0,40.5,10
0,40.52,8
0,40.54,8
0,40.56,9
0,40.58,8
0,40.6,8
0,40.62,7
0,40.64,10
0,40.66,8
0,40.68,9
0,40.7,7
0,40.72,7
0,40.74,6
0,40.76,8
0,40.78,8
0,40.8,8
0,40.82,8
0,40.84,8
0,40.86,8
0,40.88,8
0,40.9,8
0,40.92,8
0,40.94,7
0,40.96,7
0,40.98,7
0,41.0,7
0,41.02,8
0,41.04,8
0,41.06,8
0,41.08,8
0,41.1,8
0,41.12,8
0,41.14,9
0,41.16,8
0,41.18,7
0,41.2,7
0,41.22,8
0,41.24,8
0,41.26,9
0,41.28,8
0,41.3,9
0,41.32,7
0,41.34,6
0,41.36,8
0,41.38,6
0,41.4,8
0,41.42,7
0,41.44,8
0,41.46,10
0,41.48,8
0,41.5,10
0,41.52,8
0,41.54,10
0,41.56,13
0,41.58,13
0,41.6,14
0,41.62,20
0,41.64,28
0,41.66,41
0,41.68,60
0,41.7,71
0,41.72,81
0,41.74,70
0,41.76,58
0,41.78,53
0,41.8,48
0,41.82,47
0,41.84,42
0,41.86,32
0,41.88,22
0,41.9,16
0,41.92,13
0,41.94,10
0,41.96,11
0,41.98,9
0,42.0,10
0,42.02,10
0,42.04,11
0,42.06,7
0,42.08,8
0,42.1,9
0,42.12,9
0,42.14,7
0,42.16,8
0,42.18,8
0,42.2,9
0,42.22,8
0,42.24,7
0,42.26,10
0,42.28,8
0,42.3,9
0,42.32,7
0,42.34,8
0,42.36,9
0,42.38,6
0,42.4,7
0,42.42,9
0,42.44,8
0,42.46,9
0,42.48,7
0,42.5,8
0,42.52,10
0,42.54,9
0,42.56,8
0,42.58,8
0,42.6,8
0,42.62,9
0,42.64,8
0,42.66,10
0,42.68,8
0,42.7,8
0,42.72,11
0,42.74,8
0,42.76,7
0,42.78,9
0,42.8,10
0,42.82,8
0,42.84,10
0,42.86,10
0,42.88,9
0,42.9,10
0,42.92,8
0,42.94,10
0,42.96,12
0,42.98,11
0,43.0,11
0,43.02,10
0,43.04,12
0,43.06,12
0,43.08,13
0,43.1,13
0,43.12,11
0,43.14,17
0,43.16,18
0,43.18,16
0,43.2,18
0,43.22,20
0,43.24,21
0,43.26,22
0,43.28,28
0,43.3,30
0,43.32,36
0,43.34,42
0,43.36,57
0,43.38,77
0,43.4,109
0,43.42,165
0,43.44,264
0,43.46,417
0,43.48,567
0,43.5,671
0,43.52,635
0,43.54,530
0,43.56,445
0,43.58,371
0,43.6,371
0,43.62,341
0,43.64,291
0,43.66,217
0,43.68,138
0,43.7,72
0,43.72,50
0,43.74,38
0,43.76,28
0,43.78,28
0,43.8,24
0,43.82,21
0,43.84,20
0,43.86,15
0,43.88,14
0,43.9,14
0,43.92,13
0,43.94,13
0,43.96,11
0,43.98,13
0,44.0,10
0,44.02,12
0,44.04,10
0,44.06,10
0,44.08,10
0,44.1,9
0,44.12,10
0,44.14,10
0,44.16,11
0,44.18,9
0,44.2,8
0,44.22,10
0,44.24,8
0,44.26,10
0,44.28,8
0,44.3,10
0,44.32,8
0,44.34,7
0,44.36,8
0,44.38,10
0,44.4,8
0,44.42,7
0,44.44,9
0,44.46,7
0,44.48,8
0,44.5,9
0,44.52,7
0,44.54,6
0,44.56,8
0,44.58,8
0,44.6,8
0,44.62,8
0,44.64,6
0,44.66,7
0,44.68,6
0,44.7,9
0,44.72,8
0,44.74,7
0,44.76,8
0,44.78,7
0,44.8,8
0,44.82,8
0,44.84,9
0,44.86,7
0,44.88,8
0,44.9,8
0,44.92,9
0,44.94,8
0,44.96,8
0,44.98,9
0,45.0,9
0,45.02,8
0,45.04,8
0,45.06,7
0,45.08,7
0,45.1,8
0,45.12,8
0,45.14,8
0,45.16,8
0,45.18,10
0,45.2,7
0,45.22,8
0,45.24,8
0,45.26,8
0,45.28,8
0,45.3,9
0,45.32,8
0,45.34,8
0,45.36,9
0,45.38,8
0,45.4,6
0,45.42,7
0,45.44,7
0,45.46,7
0,45.48,8
0,45.5,8
0,45.52,9
0,45.54,8
0,45.56,8
0,45.58,9
0,45.6,9
0,45.62,6
0,45.64,9
0,45.66,8
0,45.68,9
0,45.7,8
0,45.72,9
0,45.74,8
0,45.76,8
0,45.78,9
0,45.8,8
0,45.82,7
0,45.84,8
0,45.86,9
0,45.88,8
0,45.9,8
0,45.92,9
0,45.94,7
0,45.96,9
0,45.98,9
0,46.0,8
0,46.02,8
0,46.04,10
0,46.06,9
0,46.08,9
0,46.1,7
0,46.12,9
0,46.14,8
0,46.16,7
0,46.18,9
0,46.2,8
0,46.22,9
0,46.24,10
0,46.26,8
0,46.28,11
0,46.3,10
0,46.32,11
0,46.34,12
0,46.36,9
0,46.38,10
0,46.4,10
0,46.42,10
0,46.44,13
0,46.46,12
0,46.48,13
0,46.5,14
0,46.52,10
0,46.54,10
0,46.56,10
0,46.58,12
0,46.6,11
0,46.62,11
0,46.64,15
0,46.66,14
0,46.68,16
0,46.7,20
0,46.72,18
0,46.74,18
0,46.76,19
0,46.78,29
0,46.8,38
0,46.82,52
0,46.84,75
0,46.86,118
0,46.88,168
0,46.9,203
0,46.92,210
0,46.94,185
0,46.96,150
0,46.98,123
0,47.0,113
0,47.02,120
0,47.04,110
0,47.06,99
0,47.08,75
0,47.1,53
0,47.12,31
0,47.14,25
0,47.16,20
0,47.18,19
0,47.2,17
0,47.22,20
0,47.24,16
0,47.26,17
0,47.28,18
0,47.3,18
0,47.32,14
0,47.34,15
0,47.36,14
0,47.38,16
0,47.4,14
0,47.42,16
0,47.44,14
0,47.46,14
0,47.48,14
0,47.5,14
0,47.52,15
0,47.54,16
0,47.56,15
0,47.58,18
0,47.6,18
0,47.62,15
0,47.64,18
0,47.66,17
0,47.68,15
0,47.7,16
0,47.72,18
0,47.74,18
0,47.76,20
0,47.78,20
0,47.8,18
0,47.82,21
0,47.84,21
0,47.86,19
0,47.88,20
0,47.9,21
0,47.92,23
0,47.94,21
0,47.96,21
0,47.98,23
0,48.0,27
0,48.02,28
0,48.04,29
0,48.06,29
0,48.08,33
0,48.1,31
0,48.12,40
0,48.14,42
0,48.16,41
0,48.18,49
0,48.2,51
0,48.22,56
0,48.24,68
0,48.26,72
0,48.28,85
0,48.3,97
0,48.32,109
0,48.34,126
0,48.36,149
0,48.38,169
0,48.4,224
0,48.42,300
0,48.44,438
0,48.46,681
0,48.48,1077
0,48.5,1761
0,48.52,2582
0,48.54,3211
0,48.56,3233
0,48.58,2786
0,48.6,2182
0,48.62,1659
0,48.64,1550
0,48.66,1700
0,48.68,1674
0,48.7,1428
0,48.72,1067
0,48.74,676
0,48.76,383
0,48.78,228
0,48.8,166
0,48.82,121
0,48.84,103
0,48.86,86
0,48.88,74
0,48.9,66
0,48.92,54
0,48.94,52
0,48.96,52
0,48.98,39
0,49.0,37
0,49.02,36
0,49.04,31
0,49.06,28
0,49.08,26
0,49.1,26
0,49.12,25
0,49.14,25
0,49.16,23
0,49.18,24
0,49.2,24
0,49.22,21
0,49.24,20
0,49.26,18
0,49.28,15
0,49.3,17
0,49.32,16
0,49.34,16
0,49.36,15
0,49.38,18
0,49.4,17
0,49.42,16
0,49.44,15
0,49.46,16
0,49.48,16
0,49.5,16
0,49.52,13
0,49.54,13
0,49.56,15
0,49.58,16
0,49.6,14
0,49.62,14
0,49.64,12
0,49.66,12
0,49.68,16
0,49.7,14
0,49.72,13
0,49.74,16
0,49.76,15
0,49.78,14
0,49.8,14
0,49.82,16
0,49.84,14
0,49.86,15
0,49.88,15
0,49.9,17
0,49.92,16
0,49.94,18
0,49.96,17
0,49.98,19
0,50.0,22
0,50.02,27
0,50.04,33
0,50.06,45
0,50.08,70
0,50.1,110
0,50.12,151
0,50.14,176
0,50.16,174
0,50.18,141
0,50.2,104
0,50.22,83
0,50.24,85
0,50.26,97
0,50.28,94
0,50.3,80
0,50.32,66
0,50.34,42
0,50.36,31
0,50.38,18
0,50.4,18
0,50.42,15
0,50.44,15
0,50.46,14
0,50.48,14
0,50.5,12
0,50.52,11
0,50.54,12
0,50.56,11
0,50.58,11
0,50.6,10
0,50.62,11
0,50.64,9
0,50.66,8
0,50.68,10
0,50.7,10
0,50.72,9
0,50.74,11
0,50.76,11
0,50.78,8
0,50.8,11
0,50.82,11
0,50.84,11
0,50.86,10
0,50.88,9
0,50.9,8
0,50.92,10
0,50.94,8
0,50.96,9
0,50.98,9
0,51.0,10
0,51.02,10
0,51.04,8
0,51.06,9
0,51.08,9
0,51.1,8
0,51.12,10
0,51.14,8
0,51.16,10
0,51.18,9
0,51.2,11
0,51.22,9
0,51.24,8
0,51.26,9
0,51.28,9
0,51.3,8
0,51.32,8
0,51.34,9
0,51.36,10
0,51.38,10
0,51.4,9
0,51.42,10
0,51.44,10
0,51.46,10
0,51.48,9
0,51.5,8
0,51.52,11
0,51.54,11
0,51.56,11
0,51.58,13
0,51.6,15
0,51.62,20
0,51.64,27
0,51.66,31
0,51.68,42
0,51.7,44
0,51.72,41
0,51.74,31
0,51.76,30
0,51.78,24
0,51.8,24
0,51.82,27
0,51.84,25
0,51.86,24
0,51.88,20
0,51.9,16
0,51.92,11
0,51.94,10
0,51.96,10
0,51.98,9
0,52.0,8
0,52.02,9
0,52.04,9
0,52.06,9
0,52.08,9
0,52.1,9
0,52.12,9
0,52.14,8
0,52.16,9
0,52.18,11
0,52.2,8
0,52.22,9
0,52.24,8
0,52.26,9
0,52.28,8
0,52.3,7
0,52.32,8
0,52.34,10
0,52.36,9
0,52.38,9
0,52.4,8
0,52.42,8
0,52.44,8
0,52.46,8
0,52.48,9
0,52.5,9
0,52.52,11
0,52.54,10
0,52.56,8
0,52.58,9
0,52.6,9
0,52.62,12
0,52.64,9
0,52.66,9
0,52.68,10
0,52.7,10
0,52.72,9
0,52.74,11
0,52.76,12
0,52.78,10
0,52.8,13
0,52.82,13
0,52.84,13
0,52.86,15
0,52.88,14
0,52.9,17
0,52.92,17
0,52.94,16
0,52.96,20
0,52.98,20
0,53.0,22
0,53.02,23
0,53.04,24
0,53.06,25
0,53.08,30
0,53.1,44
0,53.12,63
0,53.14,89
0,53.16,137
0,53.18,224
0,53.2,318
0,53.22,384
0,53.24,378
0,53.26,325
0,53.28,247
0,53.3,176
0,53.32,167
0,53.34,189
0,53.36,207
0,53.38,199
0,53.4,162
0,53.42,120
0,53.44,77
0,53.46,48
0,53.48,35
0,53.5,25
0,53.52,23
0,53.54,20
0,53.56,20
0,53.58,17
0,53.6,16
0,53.62,14
0,53.64,11
0,53.66,13
0,53.68,12
0,53.7,12
0,53.72,11
0,53.74,12
0,53.76,11
0,53.78,9
0,53.8,9
0,53.82,9
0,53.84,10
0,53.86,8
0,53.88,9
0,53.9,11
0,53.92,8
0,53.94,8
0,53.96,10
0,53.98,9
0,54.0,10
0,54.02,10
0,54.04,11
0,54.06,10
0,54.08,10
0,54.1,9
0,54.12,8
0,54.14,10
0,54.16,9
0,54.18,8
0,54.2,11
0,54.22,10
0,54.24,9
0,54.26,11
0,54.28,9
0,54.3,8
0,54.32,11
0,54.34,9
0,54.36,11
0,54.38,10
0,54.4,11
0,54.42,10
0,54.44,11
0,54.46,11
0,54.48,12
0,54.5,11
0,54.52,15
0,54.54,11
0,54.56,15
0,54.58,13
0,54.6,17
0,54.62,24
0,54.64,31
0,54.66,42
0,54.68,58
0,54.7,86
0,54.72,91
0,54.74,94
0,54.76,69
0,54.78,58
0,54.8,45
0,54.82,44
0,54.84,47
0,54.86,52
0,54.88,49
0,54.9,44
0,54.92,33
0,54.94,26
0,54.96,19
0,54.98,17
0,55.0,14
0,55.02,15
0,55.04,13
0,55.06,11
0,55.08,11
0,55.1,12
0,55.12,13
0,55.14,11
0,55.16,11
0,55.18,12
0,55.2,10
0,55.22,9
0,55.24,9
0,55.26,11
0,55.28,9
0,55.3,10
0,55.32,9
0,55.34,10
0,55.36,8
0,55.38,9
0,55.4,10
0,55.42,12
0,55.44,8
0,55.46,9
0,55.48,8
0,55.5,9
0,55.52,11
0,55.54,10
0,55.56,11
0,55.58,11
0,55.6,10
0,55.62,12
0,55.64,12
0,55.66,10
0,55.68,12
0,55.7,11
0,55.72,14
0,55.74,13
0,55.76,11
0,55.78,14
0,55.8,15
0,55.82,14
0,55.84,16
0,55.86,15
0,55.88,16
0,55.9,18
0,55.92,20
0,55.94,20
0,55.96,19
0,55.98,21
0,56.0,21
0,56.02,26
0,56.04,28
0,56.06,34
0,56.08,48
0,56.1,71
0,56.12,108
0,56.14,161
0,56.16,257
0,56.18,309
0,56.2,315
0,56.22,282
0,56.24,216
0,56.26,158
0,56.28,122
0,56.3,130
0,56.32,147
0,56.34,166
0,56.36,154
0,56.38,129
0,56.4,93
0,56.42,68
0,56.44,42
0,56.46,33
0,56.48,26
0,56.5,21
0,56.52,19
0,56.54,20
0,56.56,18
0,56.58,17
0,56.6,16
0,56.62,18
0,56.64,17
0,56.66,14
0,56.68,15
0,56.7,16
0,56.72,14
0,56.74,16
0,56.76,19
0,56.78,15
0,56.8,20
0,56.82,17
0,56.84,18
0,56.86,15
0,56.88,17
0,56.9,18
0,56.92,16
0,56.94,17
0,56.96,18
0,56.98,16
0,57.0,16
0,57.02,19
0,57.04,20
0,57.06,18
0,57.08,18
0,57.1,20
0,57.12,21
0,57.14,25
0,57.16,26
0,57.18,24
0,57.2,28
0,57.22,32
0,57.24,35
0,57.26,36
0,57.28,42
0,57.3,49
0,57.32,51
0,57.34,61
0,57.36,60
0,57.38,72
0,57.4,77
0,57.42,80
0,57.44,84
0,57.46,102
0,57.48,125
0,57.5,168
0,57.52,236
0,57.54,348
0,57.56,578
0,57.58,937
0,57.6,1476
0,57.62,1940
0,57.64,2103
0,57.66,1915
0,57.68,1520
0,57.7,1028
0,57.72,766
0,57.74,728
0,57.76,906
0,57.78,1065
0,57.8,1038
0,57.82,903
0,57.84,674
0,57.86,430
0,57.88,258
0,57.9,152
0,57.92,115
0,57.94,91
0,57.96,74
0,57.98,65
0,58.0,55
0,58.02,49
0,58.04,44
0,58.06,42
0,58.08,36
0,58.1,30
0,58.12,27
0,58.14,27
0,58.16,25
0,58.18,21
0,58.2,23
0,58.22,22
0,58.24,21
0,58.26,20
0,58.28,23
0,58.3,19
0,58.32,18
0,58.34,18
0,58.36,17
0,58.38,18
0,58.4,17
0,58.42,17
0,58.44,17
0,58.46,16
0,58.48,17
0,58.5,16
0,58.52,15
0,58.54,17
0,58.56,14
0,58.58,16
0,58.6,16
0,58.62,18
0,58.64,18
0,58.66,17
0,58.68,17
0,58.7,20
0,58.72,20
0,58.74,20
0,58.76,21
0,58.78,23
0,58.8,26
0,58.82,25
0,58.84,28
0,58.86,29
0,58.88,30
0,58.9,33
0,58.92,43
0,58.94,57
0,58.96,88
0,58.98,127
0,59.0,201
0,59.02,320
0,59.04,421
0,59.06,449
0,59.08,415
0,59.1,332
0,59.12,238
0,59.14,164
0,59.16,160
0,59.18,190
0,59.2,228
0,59.22,237
0,59.24,213
0,59.26,164
0,59.28,118
0,59.3,70
0,59.32,48
0,59.34,36
0,59.36,30
0,59.38,23
0,59.4,22
0,59.42,19
0,59.44,17
0,59.46,18
0,59.48,15
0,59.5,16
0,59.52,15
0,59.54,15
0,59.56,14
0,59.58,13
0,59.6,13
0,59.62,13
0,59.64,13
0,59.66,13
0,59.68,13
0,59.7,13
0,59.72,11
0,59.74,12
0,59.76,12
0,59.78,14
0,59.8,13
0,59.82,13
0,59.84,10
0,59.86,12
0,59.88,12
0,59.9,10
0,59.92,13
0,59.94,12
0,59.96,12
0,59.98,13
0,60.0,12
0,60.02,13
0,60.04,14
0,60.06,13
0,60.08,15
0,60.1,16
0,60.12,16
0,60.14,17
0,60.16,15
0,60.18,17
0,60.2,21
0,60.22,20
0,60.24,22
0,60.26,20
0,60.28,23
0,60.3,26
0,60.32,33
0,60.34,51
0,60.36,66
0,60.38,106
0,60.4,168
0,60.42,254
0,60.44,331
0,60.46,362
0,60.48,343
0,60.5,281
0,60.52,187
0,60.54,133
0,60.56,114
0,60.58,132
0,60.6,168
0,60.62,186
0,60.64,171
0,60.66,134
0,60.68,94
0,60.7,65
0,60.72,43
0,60.74,33
0,60.76,24
0,60.78,23
0,60.8,18
0,60.82,14
0,60.84,14
0,60.86,16
0,60.88,15
0,60.9,12
0,60.92,14
0,60.94,14
0,60.96,12
0,60.98,10
0,61.0,11
0,61.02,11
0,61.04,10
0,61.06,9
0,61.08,10
0,61.1,10
0,61.12,11
0,61.14,9
0,61.16,9
0,61.18,8
0,61.2,12
0,61.22,9
0,61.24,9
0,61.26,9
0,61.28,10
0,61.3,10
0,61.32,8
0,61.34,10
0,61.36,11
0,61.38,11
0,61.4,10
0,61.42,10
0,61.44,9
0,61.46,9
0,61.48,11
0,61.5,10
0,61.52,11
0,61.54,12
0,61.56,12
0,61.58,12
0,61.6,13
0,61.62,14
0,61.64,16
0,61.66,11
0,61.68,17
0,61.7,19
0,61.72,24
0,61.74,31
0,61.76,50
0,61.78,73
0,61.8,112
0,61.82,150
0,61.84,160
0,61.86,151
0,61.88,115
0,61.9,82
0,61.92,54
0,61.94,52
0,61.96,57
0,61.98,72
0,62.0,82
0,62.02,78
0,62.04,72
0,62.06,51
0,62.08,37
0,62.1,27
0,62.12,19
0,62.14,13
0,62.16,14
0,62.18,12
0,62.2,12
0,62.22,10
0,62.24,11
0,62.26,11
0,62.28,10
0,62.3,10
0,62.32,8
0,62.34,8
0,62.36,9
0,62.38,8
0,62.4,9
0,62.42,7
0,62.44,7
0,62.46,8
0,62.48,10
0,62.5,7
0,62.52,8
0,62.54,9
0,62.56,9
0,62.58,8
0,62.6,7
0,62.62,9
0,62.64,7
0,62.66,7
0,62.68,7
0,62.7,11
0,62.72,8
0,62.74,7
0,62.76,8
0,62.78,8
0,62.8,8
0,62.82,9
0,62.84,9
0,62.86,8
0,62.88,10
0,62.9,11
0,62.92,11
0,62.94,10
0,62.96,10
0,62.98,10
0,63.0,13
0,63.02,10
0,63.04,12
0,63.06,15
0,63.08,17
0,63.1,21
0,63.12,32
0,63.14,42
0,63.16,65
0,63.18,84
0,63.2,95
0,63.22,94
0,63.24,77
0,63.26,55
0,63.28,37
0,63.3,33
0,63.32,36
0,63.34,45
0,63.36,49
0,63.38,53
0,63.4,46
0,63.42,37
0,63.44,26
0,63.46,21
0,63.48,15
0,63.5,12
0,63.52,12
0,63.54,11
0,63.56,9
0,63.58,11
0,63.6,11
0,63.62,8
0,63.64,8
0,63.66,9
0,63.68,8
0,63.7,8
0,63.72,8
0,63.74,7
0,63.76,7
0,63.78,8
0,63.8,8
0,63.82,9
0,63.84,8
0,63.86,8
0,63.88,10
0,63.9,6
0,63.92,8
0,63.94,9
0,63.96,8
0,63.98,9
0,64.0,9
0,64.02,9
0,64.04,9
0,64.06,9
0,64.08,10
0,64.1,8
0,64.12,11
0,64.14,10
0,64.16,10
0,64.18,12
0,64.2,10
0,64.22,14
0,64.24,13
0,64.26,13
0,64.28,13
0,64.3,15
0,64.32,14
0,64.34,17
0,64.36,17
0,64.38,19
0,64.4,20
0,64.42,25
0,64.44,36
0,64.46,56
0,64.48,83
0,64.5,132
0,64.52,188
0,64.54,226
0,64.56,234
0,64.58,204
0,64.6,158
0,64.62,96
0,64.64,68
0,64.66,72
0,64.68,86
0,64.7,109
0,64.72,118
0,64.74,116
0,64.76,97
0,64.78,71
0,64.8,53
0,64.82,32
0,64.84,24
0,64.86,21
0,64.88,17
0,64.9,13
0,64.92,10
0,64.94,10
0,64.96,12
0,64.98,12
0,65.0,10
0,65.02,10
0,65.04,10
0,65.06,8
0,65.08,9
0,65.1,10
0,65.12,9
0,65.14,8
0,65.16,8
0,65.18,8
0,65.2,7
0,65.22,9
0,65.24,9
0,65.26,8
0,65.28,8
0,65.3,9
0,65.32,9
0,65.34,9
0,65.36,8
0,65.38,7
0,65.4,8
0,65.42,8
0,65.44,8
0,65.46,8
0,65.48,9
0,65.5,8
0,65.52,10
0,65.54,8
0,65.56,10
0,65.58,9
0,65.6,11
0,65.62,9
0,65.64,10
0,65.66,9
0,65.68,9
0,65.7,12
0,65.72,15
0,65.74,15
0,65.76,18
0,65.78,28
0,65.8,34
0,65.82,51
0,65.84,76
0,65.86,104
0,65.88,118
0,65.9,110
0,65.92,91
0,65.94,62
0,65.96,48
0,65.98,35
0,66.0,37
0,66.02,48
0,66.04,49
0,66.06,61
0,66.08,53
0,66.1,50
0,66.12,37
0,66.14,26
0,66.16,18
0,66.18,13
0,66.2,12
0,66.22,10
0,66.24,9
0,66.26,10
0,66.28,10
0,66.3,8
0,66.32,9
0,66.34,9
0,66.36,10
0,66.38,7
0,66.4,7
0,66.42,7
0,66.44,7
0,66.46,7
0,66.48,7
0,66.5,6
0,66.52,7
0,66.54,8
0,66.56,8
0,66.58,7
0,66.6,7
0,66.62,8
0,66.64,7
0,66.66,10
0,66.68,7
0,66.7,7
0,66.72,7
0,66.74,6
0,66.76,8
0,66.78,6
0,66.8,6
0,66.82,6
0,66.84,7
0,66.86,8
0,66.88,7
0,66.9,6
0,66.92,7
0,66.94,6
0,66.96,6
0,66.98,7
0,67.0,6
0,67.02,7
0,67.04,7
0,67.06,6
0,67.08,6
0,67.1,8
0,67.12,7
0,67.14,7
0,67.16,7
0,67.18,6
0,67.2,6
0,67.22,7
0,67.24,7
0,67.26,7
0,67.28,6
0,67.3,7
0,67.32,5
0,67.34,8
0,67.36,5
0,67.38,7
0,67.4,6
0,67.42,8
0,67.44,7
0,67.46,7
0,67.48,6
0,67.5,7
0,67.52,6
0,67.54,6
0,67.56,7
0,67.58,8
0,67.6,8
0,67.62,6
0,67.64,6
0,67.66,8
0,67.68,7
0,67.7,8
0,67.72,7
0,67.74,7
0,67.76,7
0,67.78,7
0,67.8,6
0,67.82,8
0,67.84,7
0,67.86,7
0,67.88,5
0,67.9,6
0,67.92,7
0,67.94,7
0,67.96,8
0,67.98,7
0,68.0,7
0,68.02,7
0,68.04,6
0,68.06,6
0,68.08,7
0,68.1,7
0,68.12,6
0,68.14,7
0,68.16,7
0,68.18,7
0,68.2,5
0,68.22,7
0,68.24,8
0,68.26,6
0,68.28,7
0,68.3,7
0,68.32,6
0,68.34,6
0,68.36,6
0,68.38,6
0,68.4,6
0,68.42,7
0,68.44,7
0,68.46,7
0,68.48,6
0,68.5,6
0,68.52,8
0,68.54,8
0,68.56,7
0,68.58,6
0,68.6,8
0,68.62,8
0,68.64,7
0,68.66,8
0,68.68,8
0,68.7,7
0,68.72,7
0,68.74,6
0,68.76,7
0,68.78,6
0,68.8,8
0,68.82,7
0,68.84,7
0,68.86,8
0,68.88,7
0,68.9,8
0,68.92,7
0,68.94,7
0,68.96,7
0,68.98,8
0,69.0,6
0,69.02,6
0,69.04,8
0,69.06,8
0,69.08,7
0,69.1,7
0,69.12,7
0,69.14,7
0,69.16,8
0,69.18,8
0,69.2,7
0,69.22,8
0,69.24,10
0,69.26,6
0,69.28,6
0,69.3,8
0,69.32,8
0,69.34,9
0,69.36,9
0,69.38,10
0,69.4,9
0,69.42,9
0,69.44,10
0,69.46,9
0,69.48,11
0,69.5,11
0,69.52,11
0,69.54,10
0,69.56,9
0,69.58,11
0,69.6,12
0,69.62,12
0,69.64,16
0,69.66,17
0,69.68,24
0,69.7,29
0,69.72,40
0,69.74,66
0,69.76,100
0,69.78,137
0,69.8,165
0,69.82,145
0,69.84,121
0,69.86,88
0,69.88,64
0,69.9,46
0,69.92,44
0,69.94,48
0,69.96,63
0,69.98,75
0,70.0,83
0,70.02,81
0,70.04,65
0,70.06,46
0,70.08,32
0,70.1,21
0,70.12,18
0,70.14,15
0,70.16,13
0,70.18,12
0,70.2,11
0,70.22,12
0,70.24,10
0,70.26,11
0,70.28,11
0,70.3,10
0,70.32,9
0,70.34,8
0,70.36,11
0,70.38,11
0,70.4,10
0,70.42,9
0,70.44,9
0,70.46,9
0,70.48,10
0,70.5,10
0,70.52,8
0,70.54,10
0,70.56,11
0,70.58,11
0,70.6,11
0,70.62,11
0,70.64,9
0,70.66,13
0,70.68,11
0,70.7,12
0,70.72,11
0,70.74,14
0,70.76,17
0,70.78,16
0,70.8,16
0,70.82,17
0,70.84,15
0,70.86,17
0,70.88,18
0,70.9,22
0,70.92,25
0,70.94,28
0,70.96,36
0,70.98,47
0,71.0,74
0,71.02,123
0,71.04,180
0,71.06,263
0,71.08,307
0,71.1,307
0,71.12,251
0,71.14,198
0,71.16,118
0,71.18,83
0,71.2,72
0,71.22,80
0,71.24,102
0,71.26,132
0,71.28,160
0,71.3,153
0,71.32,132
0,71.34,97
0,71.36,68
0,71.38,42
0,71.4,28
0,71.42,26
0,71.44,19
0,71.46,15
0,71.48,13
0,71.5,14
0,71.52,14
0,71.54,15
0,71.56,14
0,71.58,12
0,71.6,10
0,71.62,9
0,71.64,9
0,71.66,9
0,71.68,9
0,71.7,9
0,71.72,10
0,71.74,10
0,71.76,10
0,71.78,11
0,71.8,10
0,71.82,10
0,71.84,8
0,71.86,10
0,71.88,9
0,71.9,11
0,71.92,11
0,71.94,12
0,71.96,13
0,71.98,14
0,72.0,14
0,72.02,12
0,72.04,14
0,72.06,15
0,72.08,14
0,72.1,15
0,72.12,14
0,72.14,16
0,72.16,18
0,72.18,20
0,72.2,22
0,72.22,28
0,72.24,33
0,72.26,53
0,72.28,75
0,72.3,118
0,72.32,181
0,72.34,235
0,72.36,256
0,72.38,244
0,72.4,199
0,72.42,142
0,72.44,97
0,72.46,60
0,72.48,57
0,72.5,71
0,72.52,86
0,72.54,112
0,72.56,130
0,72.58,135
0,72.6,116
0,72.62,84
0,72.64,57
0,72.66,41
0,72.68,26
0,72.7,19
0,72.72,20
0,72.74,15
0,72.76,16
0,72.78,15
0,72.8,12
0,72.82,11
0,72.84,13
0,72.86,11
0,72.88,10
0,72.9,11
0,72.92,11
0,72.94,10
0,72.96,9
0,72.98,9
0,73.0,8
0,73.02,11
0,73.04,9
0,73.06,8
0,73.08,10
0,73.1,8
0,73.12,10
0,73.14,11
0,73.16,10
0,73.18,8
0,73.2,11
0,73.22,10
0,73.24,11
0,73.26,9
0,73.28,11
0,73.3,10
0,73.32,12
0,73.34,10
0,73.36,9
0,73.38,13
0,73.4,13
0,73.42,13
0,73.44,11
0,73.46,16
0,73.48,17
0,73.5,21
0,73.52,28
0,73.54,38
0,73.56,59
0,73.58,88
0,73.6,124
0,73.62,138
0,73.64,132
0,73.66,114
0,73.68,84
0,73.7,56
0,73.72,45
0,73.74,35
0,73.76,38
0,73.78,44
0,73.8,55
0,73.82,69
0,73.84,71
0,73.86,65
0,73.88,54
0,73.9,40
0,73.92,25
0,73.94,21
0,73.96,14
0,73.98,15
0,74.0,12
0,74.02,11
0,74.04,9
0,74.06,10
0,74.08,11
0,74.1,9
0,74.12,10
0,74.14,9
0,74.16,8
0,74.18,7
0,74.2,9
0,74.22,9
0,74.24,8
0,74.26,7
0,74.28,8
0,74.3,8
0,74.32,8
0,74.34,9
0,74.36,8
0,74.38,9
0,74.4,9
0,74.42,9
0,74.44,10
0,74.46,10
0,74.48,8
0,74.5,10
0,74.52,9
0,74.54,9
0,74.56,10
0,74.58,10
0,74.6,10
0,74.62,10
0,74.64,14
0,74.66,13
0,74.68,11
0,74.7,13
0,74.72,17
0,74.74,18
0,74.76,23
0,74.78,31
0,74.8,50
0,74.82,69
0,74.84,109
0,74.86,147
0,74.88,152
0,74.9,151
0,74.92,116
0,74.94,86
0,74.96,60
0,74.98,42
0,75.0,37
0,75.02,37
0,75.04,47
0,75.06,59
0,75.08,73
0,75.1,80
0,75.12,71
0,75.14,60
0,75.16,48
0,75.18,30
0,75.2,20
0,75.22,15
0,75.24,15
0,75.26,14
0,75.28,12
0,75.3,9
0,75.32,11
0,75.34,9
0,75.36,10
0,75.38,11
0,75.4,9
0,75.42,9
0,75.44,9
0,75.46,8
0,75.48,8
0,75.5,9
0,75.52,8
0,75.54,8
0,75.56,9
0,75.58,9
0,75.6,10
0,75.62,9
0,75.64,8
0,75.66,10
0,75.68,10
0,75.7,8
0,75.72,9
0,75.74,10
0,75.76,10
0,75.78,10
0,75.8,9
0,75.82,10
0,75.84,11
0,75.86,11
0,75.88,9
0,75.9,9
0,75.92,11
0,75.94,13
0,75.96,12
0,75.98,13
0,76.0,17
0,76.02,19
0,76.04,26
0,76.06,39
0,76.08,54
0,76.1,75
0,76.12,91
0,76.14,91
0,76.16,88
0,76.18,66
0,76.2,42
0,76.22,31
0,76.24,25
0,76.26,25
0,76.28,26
0,76.3,36
0,76.32,50
0,76.34,56
0,76.36,50
0,76.38,47
0,76.4,36
0,76.42,30
0,76.44,23
0,76.46,18
0,76.48,15
0,76.5,12
0,76.52,11
0,76.54,9
0,76.56,10
0,76.58,12
0,76.6,10
0,76.62,10
0,76.64,8
0,76.66,11
0,76.68,11
0,76.7,9
0,76.72,8
0,76.74,11
0,76.76,11
0,76.78,8
0,76.8,10
0,76.82,9
0,76.84,10
0,76.86,10
0,76.88,11
0,76.9,12
0,76.92,14
0,76.94,14
0,76.96,13
0,76.98,13
0,77.0,13
0,77.02,12
0,77.04,13
0,77.06,14
0,77.08,13
0,77.1,14
0,77.12,16
0,77.14,16
0,77.16,16
0,77.18,17
0,77.2,20
0,77.22,24
0,77.24,30
0,77.26,36
0,77.28,51
0,77.3,81
0,77.32,127
0,77.34,176
0,77.36,228
0,77.38,235
0,77.4,209
0,77.42,165
0,77.44,112
0,77.46,77
0,77.48,57
0,77.5,45
0,77.52,52
0,77.54,66
0,77.56,86
0,77.58,108
0,77.6,125
0,77.62,112
0,77.64,91
0,77.66,68
0,77.68,53
0,77.7,32
0,77.72,24
0,77.74,21
0,77.76,19
0,77.78,15
0,77.8,17
0,77.82,15
0,77.84,13
0,77.86,14
0,77.88,11
0,77.9,12
0,77.92,16
0,77.94,11
0,77.96,11
0,77.98,11
0,78.0,11
0,78.02,12
0,78.04,13
0,78.06,13
0,78.08,15
0,78.1,13
0,78.12,14
0,78.14,15
0,78.16,16
0,78.18,17
0,78.2,16
0,78.22,16
0,78.24,20
0,78.26,18
0,78.28,19
0,78.3,20
0,78.32,18
0,78.34,22
0,78.36,23
0,78.38,22
0,78.4,26
0,78.42,32
0,78.44,36
0,78.46,46
0,78.48,54
0,78.5,78
0,78.52,107
0,78.54,178
0,78.56,292
0,78.58,421
0,78.6,511
0,78.62,501
0,78.64,448
0,78.66,361
0,78.68,235
0,78.7,147
0,78.72,107
0,78.74,97
0,78.76,101
0,78.78,136
0,78.8,187
0,78.82,236
0,78.84,262
0,78.86,248
0,78.88,209
0,78.9,156
0,78.92,104
0,78.94,65
0,78.96,47
0,78.98,33
0,79.0,28
0,79.02,28
0,79.04,23
0,79.06,21
0,79.08,18
0,79.1,17
0,79.12,17
0,79.14,16
0,79.16,16
0,79.18,13
0,79.2,11
0,79.22,10
0,79.24,13
0,79.26,12
0,79.28,12
0,79.3,11
0,79.32,12
0,79.34,12
0,79.36,11
0,79.38,12
0,79.4,11
0,79.42,10
0,79.44,9
0,79.46,10
0,79.48,9
0,79.5,9
0,79.52,10
0,79.54,10
0,79.56,9
0,79.58,10
0,79.6,11
0,79.62,10
0,79.64,9
0,79.66,10
0,79.68,9
0,79.7,10
0,79.72,9
0,79.74,10
0,79.76,10
0,79.78,12
0,79.8,12
0,79.82,15
0,79.84,13
0,79.86,14
0,79.88,14
0,79.9,12
0,79.92,10
0,79.94,11
0,79.96,9
0,79.98,10
0,80.0,11
0,80.02,12
0,80.04,12
0,80.06,13
0,80.08,12
0,80.1,14
0,80.12,12
0,80.14,11
0,80.16,11
0,80.18,10
0,80.2,10
0,80.22,11
0,80.24,9
0,80.26,9
0,80.28,9
0,80.3,10
0,80.32,10
0,80.34,10
0,80.36,10
0,80.38,8
0,80.4,10
0,80.42,10
0,80.44,10
0,80.46,9
0,80.48,9
0,80.5,9
0,80.52,10
0,80.54,10
0,80.56,12
0,80.58,11
0,80.6,11
0,80.62,16
0,80.64,14
0,80.66,13
0,80.68,16
0,80.7,16
0,80.72,16
0,80.74,14
0,80.76,15
0,80.78,16
0,80.8,14
0,80.82,18
0,80.84,20
0,80.86,19
0,80.88,21
0,80.9,28
0,80.92,29
0,80.94,40
0,80.96,56
0,80.98,81
0,81.0,129
0,81.02,206
0,81.04,285
0,81.06,329
0,81.08,331
0,81.1,284
0,81.12,223
0,81.14,144
0,81.16,95
0,81.18,67
0,81.2,61
0,81.22,67
0,81.24,83
0,81.26,107
0,81.28,146
0,81.3,171
0,81.32,163
0,81.34,154
0,81.36,116
0,81.38,84
0,81.4,52
0,81.42,38
0,81.44,28
0,81.46,23
0,81.48,20
0,81.5,19
0,81.52,16
0,81.54,15
0,81.56,13
0,81.58,13
0,81.6,13
0,81.62,12
0,81.64,12
0,81.66,11
0,81.68,13
0,81.7,9
0,81.72,12
0,81.74,12
0,81.76,9
0,81.78,9
0,81.8,12
0,81.82,11
0,81.84,12
0,81.86,10
0,81.88,10
0,81.9,10
0,81.92,10
0,81.94,13
0,81.96,11
0,81.98,12
0,82.0,10
0,82.02,12
0,82.04,11
0,82.06,12
0,82.08,9
0,82.1,11
0,82.12,13
0,82.14,14
0,82.16,15
0,82.18,18
0,82.2,23
0,82.22,28
0,82.24,49
0,82.26,62
0,82.28,71
0,82.3,76
0,82.32,66
0,82.34,53
0,82.36,39
0,82.38,26
0,82.4,22
0,82.42,18
0,82.44,23
0,82.46,22
0,82.48,28
0,82.5,32
0,82.52,36
0,82.54,37
0,82.56,37
0,82.58,33
0,82.6,23
0,82.62,18
0,82.64,16
0,82.66,12
0,82.68,12
0,82.7,10
0,82.72,9
0,82.74,10
0,82.76,9
0,82.78,9
0,82.8,6
0,82.82,11
0,82.84,8
0,82.86,9
0,82.88,8
0,82.9,9
0,82.92,8
0,82.94,8
0,82.96,9
0,82.98,8
0,83.0,9
0,83.02,7
0,83.04,10
0,83.06,10
0,83.08,10
0,83.1,11
0,83.12,9
0,83.14,7
0,83.16,8
0,83.18,9
0,83.2,10
0,83.22,10
0,83.24,10
0,83.26,11
0,83.28,11
0,83.3,8
0,83.32,12
0,83.34,11
0,83.36,13
0,83.38,17
0,83.4,19
0,83.42,24
0,83.44,35
0,83.46,53
0,83.48,66
0,83.5,77
0,83.52,82
0,83.54,74
0,83.56,57
0,83.58,38
0,83.6,30
0,83.62,22
0,83.64,18
0,83.66,17
0,83.68,20
0,83.7,27
0,83.72,38
0,83.74,42
0,83.76,40
0,83.78,42
0,83.8,34
0,83.82,30
0,83.84,20
0,83.86,18
0,83.88,13
0,83.9,11
0,83.92,11
0,83.94,10
0,83.96,11
0,83.98,12
0,84.0,9
0,84.02,8
0,84.04,9
0,84.06,10
0,84.08,9
0,84.1,8
0,84.12,9
0,84.14,8
0,84.16,8
0,84.18,11
0,84.2,9
0,84.22,10
0,84.24,10
0,84.26,10
0,84.28,10
0,84.3,11
0,84.32,10
0,84.34,9
0,84.36,10
0,84.38,12
0,84.4,10
0,84.42,11
0,84.44,11
0,84.46,11
0,84.48,13
0,84.5,12
0,84.52,12
0,84.54,16
0,84.56,18
0,84.58,20
0,84.6,24
0,84.62,33
0,84.64,44
0,84.66,67
0,84.68,100
0,84.7,140
0,84.72,156
0,84.74,158
0,84.76,141
0,84.78,108
0,84.8,69
0,84.82,50
0,84.84,36
0,84.86,32
0,84.88,27
0,84.9,35
0,84.92,44
0,84.94,59
0,84.96,72
0,84.98,83
0,85.0,81
0,85.02,69
0,85.04,53
0,85.06,42
0,85.08,25
0,85.1,21
0,85.12,17
0,85.14,14
0,85.16,17
0,85.18,13
0,85.2,10
0,85.22,11
0,85.24,10
0,85.26,11
0,85.28,8
0,85.3,9
0,85.32,9
0,85.34,10
0,85.36,10
0,85.38,10
0,85.4,8
0,85.42,8
0,85.44,7
0,85.46,8
0,85.48,8
0,85.5,9
0,85.52,7
0,85.54,8
0,85.56,8
0,85.58,9
0,85.6,9
0,85.62,8
0,85.64,9
0,85.66,8
0,85.68,8
0,85.7,9
0,85.72,8
0,85.74,8
0,85.76,9
0,85.78,10
0,85.8,9
0,85.82,8
0,85.84,10
0,85.86,12
0,85.88,11
0,85.9,14
0,85.92,18
0,85.94,15
0,85.96,18
0,85.98,19
0,86.0,16
0,86.02,11
0,86.04,12
0,86.06,11
0,86.08,9
0,86.1,8
0,86.12,12
0,86.14,12
0,86.16,12
0,86.18,14
0,86.2,13
0,86.22,15
0,86.24,13
0,86.26,12
0,86.28,12
0,86.3,8
0,86.32,9
0,86.34,10
0,86.36,8
0,86.38,8
0,86.4,8
0,86.42,10
0,86.44,8
0,86.46,8
0,86.48,8
0,86.5,9
0,86.52,8
0,86.54,9
0,86.56,8
0,86.58,8
0,86.6,8
0,86.62,9
0,86.64,11
0,86.66,10
0,86.68,14
0,86.7,12
0,86.72,11
0,86.74,9
0,86.76,9
0,86.78,12
0,86.8,11
0,86.82,12
0,86.84,12
0,86.86,13
0,86.88,10
0,86.9,13
0,86.92,12
0,86.94,14
0,86.96,14
0,86.98,16
0,87.0,17
0,87.02,24
0,87.04,27
0,87.06,41
0,87.08,60
0,87.1,85
0,87.12,127
0,87.14,156
0,87.16,166
0,87.18,154
0,87.2,122
0,87.22,86
0,87.24,56
0,87.26,40
0,87.28,32
0,87.3,28
0,87.32,29
0,87.34,35
0,87.36,44
0,87.38,62
0,87.4,78
0,87.42,84
0,87.44,83
0,87.46,75
0,87.48,57
0,87.5,44
0,87.52,30
0,87.54,21
0,87.56,19
0,87.58,16
0,87.6,15
0,87.62,13
0,87.64,12
0,87.66,12
0,87.68,10
0,87.7,11
0,87.72,10
0,87.74,11
0,87.76,10
0,87.78,10
0,87.8,8
0,87.82,8
0,87.84,9
0,87.86,8
0,87.88,8
0,87.9,9
0,87.92,8
0,87.94,8
0,87.96,9
0,87.98,8
0,88.0,8
0,88.02,7
0,88.04,9
0,88.06,7
0,88.08,8
0,88.1,8
0,88.12,8
0,88.14,10
0,88.16,8
0,88.18,10
0,88.2,9
0,88.22,8
0,88.24,9
0,88.26,9
0,88.28,8
0,88.3,8
0,88.32,7
0,88.34,8
0,88.36,9
0,88.38,8
0,88.4,8
0,88.42,10
0,88.44,8
0,88.46,8
0,88.48,7
0,88.5,8
0,88.52,7
0,88.54,9
0,88.56,9
0,88.58,8
0,88.6,9
0,88.62,8
0,88.64,9
0,88.66,8
0,88.68,9
0,88.7,8
0,88.72,9
0,88.74,8
0,88.76,8
0,88.78,8
0,88.8,10
0,88.82,8
0,88.84,7
0,88.86,9
0,88.88,9
0,88.9,9
0,88.92,8
0,88.94,8
0,88.96,9
0,88.98,11
0,89.0,10
0,89.02,10
0,89.04,11
0,89.06,11
0,89.08,11
0,89.1,11
0,89.12,10
0,89.14,11
0,89.16,11
0,89.18,10
0,89.2,11
0,89.22,10
0,89.24,11
0,89.26,11
0,89.28,11
0,89.3,12
0,89.32,14
0,89.34,13
0,89.36,15
0,89.38,16
0,89.4,18
0,89.42,22
0,89.44,26
0,89.46,30
0,89.48,44
0,89.5,65
0,89.52,102
0,89.54,130
0,89.56,168
0,89.58,173
0,89.6,161
0,89.62,125
0,89.64,93
0,89.66,66
0,89.68,42
0,89.7,33
0,89.72,31
0,89.74,32
0,89.76,33
0,89.78,41
0,89.8,53
0,89.82,74
0,89.84,84
0,89.86,89
0,89.88,81
0,89.9,70
0,89.92,51
0,89.94,41
0,89.96,27
0,89.98,22
0,90.0,19
0,90.02,17
0,90.04,15
0,90.06,13
0,90.08,15
0,90.1,13
0,90.12,13
0,90.14,13
0,90.16,13
0,90.18,13
0,90.2,15
0,90.22,15
0,90.24,15
0,90.26,17
0,90.28,16
0,90.3,13
0,90.32,15
0,90.34,16
0,90.36,13
0,90.38,14
0,90.4,15
0,90.42,18
0,90.44,14
0,90.46,15
0,90.48,16
0,90.5,20
0,90.52,20
0,90.54,18
0,90.56,24
0,90.58,27
0,90.6,28
0,90.62,39
0,90.64,37
0,90.66,52
0,90.68,71
0,90.7,115
0,90.72,173
0,90.74,242
0,90.76,328
0,90.78,364
0,90.8,353
0,90.82,300
0,90.84,209
0,90.86,146
0,90.88,97
0,90.9,73
0,90.92,58
0,90.94,54
0,90.96,53
0,90.98,70
0,91.0,87
0,91.02,114
0,91.04,155
0,91.06,181
0,91.08,178
0,91.1,159
0,91.12,125
0,91.14,93
0,91.16,60
0,91.18,42
0,91.2,34
0,91.22,29
0,91.24,21
0,91.26,21
0,91.28,21
0,91.3,17
0,91.32,17
0,91.34,16
0,91.36,17
0,91.38,12
0,91.4,15
0,91.42,13
0,91.44,15
0,91.46,13
0,91.48,13
0,91.5,13
0,91.52,14
0,91.54,12
0,91.56,14
0,91.58,12
0,91.6,13
0,91.62,14
0,91.64,13
0,91.66,14
0,91.68,13
0,91.7,13
0,91.72,12
0,91.74,13
0,91.76,16
0,91.78,16
0,91.8,16
0,91.82,20
0,91.84,22
0,91.86,26
0,91.88,32
0,91.9,48
0,91.92,72
0,91.94,102
0,91.96,144
0,91.98,154
0,92.0,158
0,92.02,144
0,92.04,124
0,92.06,84
0,92.08,57
0,92.1,40
0,92.12,36
0,92.14,28
0,92.16,31
0,92.18,32
0,92.2,38
0,92.22,45
0,92.24,63
0,92.26,73
0,92.28,87
0,92.3,85
0,92.32,73
0,92.34,58
0,92.36,48
0,92.38,29
0,92.4,21
0,92.42,20
0,92.44,13
0,92.46,14
0,92.48,14
0,92.5,13
0,92.52,13
0,92.54,11
0,92.56,13
0,92.58,13
0,92.6,11
0,92.62,10
0,92.64,12
0,92.66,12
0,92.68,10
0,92.7,11
0,92.72,13
0,92.74,12
0,92.76,12
0,92.78,11
0,92.8,10
0,92.82,9
0,92.84,10
0,92.86,11
0,92.88,11
0,92.9,12
0,92.92,14
0,92.94,15
0,92.96,14
0,92.98,13
0,93.0,15
0,93.02,15
0,93.04,13
0,93.06,16
0,93.08,22
0,93.1,28
0,93.12,40
0,93.14,60
0,93.16,84
0,93.18,100
0,93.2,100
0,93.22,105
0,93.24,91
0,93.26,62
0,93.28,45
0,93.3,32
0,93.32,27
0,93.34,22
0,93.36,22
0,93.38,23
0,93.4,27
0,93.42,29
0,93.44,35
0,93.46,45
0,93.48,52
0,93.5,59
0,93.52,57
0,93.54,44
0,93.56,36
0,93.58,29
0,93.6,20
0,93.62,20
0,93.64,14
0,93.66,14
0,93.68,12
0,93.7,13
0,93.72,11
0,93.74,10
0,93.76,11
0,93.78,10
0,93.8,11
0,93.82,9
0,93.84,12
0,93.86,10
0,93.88,11
0,93.9,7
0,93.92,8
0,93.94,10
0,93.96,11
0,93.98,9
0,94.0,9
0,94.02,11
0,94.04,9
0,94.06,9
0,94.08,10
0,94.1,12
0,94.12,10
0,94.14,10
0,94.16,10
0,94.18,11
0,94.2,11
0,94.22,13
0,94.24,11
0,94.26,14
0,94.28,15
0,94.3,17
0,94.32,21
0,94.34,28
0,94.36,36
0,94.38,47
0,94.4,60
0,94.42,61
0,94.44,51
0,94.46,44
0,94.48,34
0,94.5,26
0,94.52,19
0,94.54,14
0,94.56,13
0,94.58,14
0,94.6,17
0,94.62,17
0,94.64,17
0,94.66,24
0,94.68,26
0,94.7,36
0,94.72,33
0,94.74,33
0,94.76,27
0,94.78,22
0,94.8,17
0,94.82,15
0,94.84,14
0,94.86,11
0,94.88,12
0,94.9,10
0,94.92,11
0,94.94,10
0,94.96,12
0,94.98,11
0,95.0,12
0,95.02,12
0,95.04,10
0,95.06,12
0,95.08,12
0,95.1,13
0,95.12,12
0,95.14,14
0,95.16,12
0,95.18,12
0,95.2,12
0,95.22,11
0,95.24,13
0,95.26,11
0,95.28,12
0,95.3,16
0,95.32,14
0,95.34,15
0,95.36,16
0,95.38,16
0,95.4,18
0,95.42,18
0,95.44,18
0,95.46,25
0,95.48,29
0,95.5,37
0,95.52,51
0,95.54,67
0,95.56,100
0,95.58,151
0,95.6,201
0,95.62,227
0,95.64,222
0,95.66,194
0,95.68,141
0,95.7,102
0,95.72,71
0,95.74,56
0,95.76,40
0,95.78,34
0,95.8,33
0,95.82,34
0,95.84,43
0,95.86,52
0,95.88,67
0,95.9,88
0,95.92,107
0,95.94,113
0,95.96,106
0,95.98,93
0,96.0,73
0,96.02,52
0,96.04,39
0,96.06,29
0,96.08,23
0,96.1,20
0,96.12,18
0,96.14,17
0,96.16,13
0,96.18,14
0,96.2,13
0,96.22,13
0,96.24,12
0,96.26,12
0,96.28,14
0,96.3,12
0,96.32,11
0,96.34,10
0,96.36,10
0,96.38,12
0,96.4,13
0,96.42,10
0,96.44,13
0,96.46,10
0,96.48,9
0,96.5,11
0,96.52,12
0,96.54,12
0,96.56,13
0,96.58,9
0,96.6,12
0,96.62,11
0,96.64,11
0,96.66,14
0,96.68,14
0,96.7,14
0,96.72,18
0,96.74,17
0,96.76,29
0,96.78,35
0,96.8,48
0,96.82,54
0,96.84,64
0,96.86,64
0,96.88,55
0,96.9,45
0,96.92,34
0,96.94,24
0,96.96,21
0,96.98,18
0,97.0,15
0,97.02,16
0,97.04,14
0,97.06,16
0,97.08,20
0,97.1,22
0,97.12,27
0,97.14,35
0,97.16,37
0,97.18,33
0,97.2,32
0,97.22,27
0,97.24,22
0,97.26,17
0,97.28,20
0,97.3,14
0,97.32,12
0,97.34,14
0,97.36,13
0,97.38,10
0,97.4,14
0,97.42,12
0,97.44,12
0,97.46,12
0,97.48,13
0,97.5,13
0,97.52,13
0,97.54,13
0,97.56,16
0,97.58,13
0,97.6,13
0,97.62,13
0,97.64,12
0,97.66,15
0,97.68,14
0,97.7,17
0,97.72,14
0,97.74,14
0,97.76,16
0,97.78,18
0,97.8,19
0,97.82,21
0,97.84,22
0,97.86,23
0,97.88,27
0,97.9,35
0,97.92,38
0,97.94,51
0,97.96,64
0,97.98,99
0,98.0,147
0,98.02,209
0,98.04,275
0,98.06,303
0,98.08,283
0,98.1,245
0,98.12,182
0,98.14,130
0,98.16,90
0,98.18,65
0,98.2,53
0,98.22,46
0,98.24,40
0,98.26,41
0,98.28,46
0,98.3,61
0,98.32,75
0,98.34,100
0,98.36,123
0,98.38,152
0,98.4,144
0,98.42,141
0,98.44,108
0,98.46,77
0,98.48,62
0,98.5,44
0,98.52,35
0,98.54,26
0,98.56,24
0,98.58,20
0,98.6,19
0,98.62,19
0,98.64,15
0,98.66,17
0,98.68,14
0,98.7,16
0,98.72,18
0,98.74,15
0,98.76,14
0,98.78,13
0,98.8,15
0,98.82,14
0,98.84,13
0,98.86,13
0,98.88,14
0,98.9,13
0,98.92,12
0,98.94,15
0,98.96,15
0,98.98,14
0,99.0,16
0,99.02,14
0,99.04,15
0,99.06,19
0,99.08,19
0,99.1,22
0,99.12,24
0,99.14,30
0,99.16,37
0,99.18,49
0,99.2,62
0,99.22,97
0,99.24,135
0,99.26,175
0,99.28,194
0,99.3,205
0,99.32,175
0,99.34,136
0,99.36,99
0,99.38,70
0,99.4,49
0,99.42,42
0,99.44,32
0,99.46,31
0,99.48,30
0,99.5,32
0,99.52,37
0,99.54,45
0,99.56,60
0,99.58,76
0,99.6,95
0,99.62,102
0,99.64,96
0,99.66,89
0,99.68,67
0,99.7,50
0,99.72,32
0,99.74,28
0,99.76,23
0,99.78,16
0,99.8,19
0,99.82,16
0,99.84,15
0,99.86,14
0,99.88,11
0,99.9,14
0,99.92,13
0,99.94,11
0,99.96,11
0,99.98,11
0,100.0,10
0,100.02,10
0,100.04,11
0,100.06,10
0,100.08,9
0,100.1,9
0,100.12,9
0,100.14,11
0,100.16,10
0,100.18,10
0,100.2,11
0,100.22,10
0,100.24,8
0,100.26,11
0,100.28,9
0,100.3,9
0,100.32,8
0,100.34,8
0,100.36,11
0,100.38,10
0,100.4,9
0,100.42,8
0,100.44,9
0,100.46,10
0,100.48,10
0,100.5,7
0,100.52,8
0,100.54,9
0,100.56,9
0,100.58,9
0,100.6,10
0,100.62,8
0,100.64,9
0,100.66,9
0,100.68,10
0,100.7,10
0,100.72,9
0,100.74,9
0,100.76,10
0,100.78,9
0,100.8,10
0,100.82,10
0,100.84,8
0,100.86,9
0,100.88,8
0,100.9,9
0,100.92,9
0,100.94,11
0,100.96,10
0,100.98,10
0,101.0,9
0,101.02,9
0,101.04,10
0,101.06,9
0,101.08,10
0,101.1,9
0,101.12,10
0,101.14,10
0,101.16,11
0,101.18,10
0,101.2,10
0,101.22,9
0,101.24,9
0,101.26,10
0,101.28,9
0,101.3,11
0,101.32,11
0,101.34,11
0,101.36,11
0,101.38,11
0,101.4,11
0,101.42,10
0,101.44,13
0,101.46,10
0,101.48,14
0,101.5,15
0,101.52,16
0,101.54,16
0,101.56,19
0,101.58,19
0,101.6,24
0,101.62,32
0,101.64,34
0,101.66,54
0,101.68,73
0,101.7,105
0,101.72,138
0,101.74,157
0,101.76,166
0,101.78,139
0,101.8,108
0,101.82,86
0,101.84,57
0,101.86,45
0,101.88,35
0,101.9,28
0,101.92,24
0,101.94,27
0,101.96,24
0,101.98,27
0,102.0,30
0,102.02,39
0,102.04,49
0,102.06,67
0,102.08,74
0,102.1,84
0,102.12,76
0,102.14,65
0,102.16,49
0,102.18,40
0,102.2,31
0,102.22,26
0,102.24,19
0,102.26,18
0,102.28,17
0,102.3,15
0,102.32,14
0,102.34,13
0,102.36,17
0,102.38,13
0,102.4,12
0,102.42,14
0,102.44,12
0,102.46,13
0,102.48,11
0,102.5,11
0,102.52,12
0,102.54,13
0,102.56,13
0,102.58,11
0,102.6,13
0,102.62,13
0,102.64,13
0,102.66,13
0,102.68,15
0,102.7,16
0,102.72,17
0,102.74,16
0,102.76,18
0,102.78,19
0,102.8,21
0,102.82,22
0,102.84,27
0,102.86,32
0,102.88,39
0,102.9,61
0,102.92,84
0,102.94,116
0,102.96,150
0,102.98,171
0,103.0,175
0,103.02,157
0,103.04,121
0,103.06,89
0,103.08,64
0,103.1,46
0,103.12,36
0,103.14,29
0,103.16,29
0,103.18,26
0,103.2,29
0,103.22,28
0,103.24,33
0,103.26,40
0,103.28,50
0,103.3,65
0,103.32,73
0,103.34,89
0,103.36,85
0,103.38,79
0,103.4,62
0,103.42,50
0,103.44,33
0,103.46,28
0,103.48,22
0,103.5,20
0,103.52,18
0,103.54,19
0,103.56,15
0,103.58,14
0,103.6,15
0,103.62,13
0,103.64,11
0,103.66,13
0,103.68,13
0,103.7,12
0,103.72,13
0,103.74,12
0,103.76,11
0,103.78,11
0,103.8,12
0,103.82,12
0,103.84,13
0,103.86,11
0,103.88,15
0,103.9,13
0,103.92,13
0,103.94,13
0,103.96,14
0,103.98,13
0,104.0,15
0,104.02,16
0,104.04,16
0,104.06,20
0,104.08,22
0,104.1,24
0,104.12,35
0,104.14,48
0,104.16,65
0,104.18,88
0,104.2,118
0,104.22,120
0,104.24,130
0,104.26,122
0,104.28,97
0,104.3,68
0,104.32,52
0,104.34,38
0,104.36,33
0,104.38,26
0,104.4,24
0,104.42,24
0,104.44,20
0,104.46,20
0,104.48,24
0,104.5,29
0,104.52,34
0,104.54,48
0,104.56,51
0,104.58,63
0,104.6,64
0,104.62,66
0,104.64,61
0,104.66,44
0,104.68,35
0,104.7,27
0,104.72,23
0,104.74,18
0,104.76,18
0,104.78,14
0,104.8,15
0,104.82,16
0,104.84,15
0,104.86,15
0,104.88,14
0,104.9,14
0,104.92,13
0,104.94,13
0,104.96,11
0,104.98,13
0,105.0,13
0,105.02,9
0,105.04,11
0,105.06,13
0,105.08,11
0,105.1,12
0,105.12,10
0,105.14,13
0,105.16,14
0,105.18,13
0,105.2,15
0,105.22,15
0,105.24,16
0,105.26,18
0,105.28,17
0,105.3,20
0,105.32,26
0,105.34,25
0,105.36,35
0,105.38,42
0,105.4,59
0,105.42,86
0,105.44,114
0,105.46,140
0,105.48,162
0,105.5,151
0,105.52,131
0,105.54,104
0,105.56,77
0,105.58,54
0,105.6,43
0,105.62,34
0,105.64,25
0,105.66,23
0,105.68,25
0,105.7,23
0,105.72,28
0,105.74,28
0,105.76,35
0,105.78,40
0,105.8,50
0,105.82,68
0,105.84,72
0,105.86,75
0,105.88,74
0,105.9,61
0,105.92,46
0,105.94,44
0,105.96,34
0,105.98,24
0,106.0,22
0,106.02,18
0,106.04,17
0,106.06,16
0,106.08,16
0,106.1,14
0,106.12,13
0,106.14,12
0,106.16,14
0,106.18,11
0,106.2,12
0,106.22,11
0,106.24,12
0,106.26,11
0,106.28,14
0,106.3,11
0,106.32,12
0,106.34,13
0,106.36,14
0,106.38,12
0,106.4,11
0,106.42,12
0,106.44,12
0,106.46,13
0,106.48,14
0,106.5,14
0,106.52,16
0,106.54,18
0,106.56,16
0,106.58,20
0,106.6,21
0,106.62,28
0,106.64,34
0,106.66,51
0,106.68,73
0,106.7,95
0,106.72,118
0,106.74,135
0,106.76,125
0,106.78,113
0,106.8,88
0,106.82,60
0,106.84,47
0,106.86,36
0,106.88,31
0,106.9,26
0,106.92,22
0,106.94,22
0,106.96,18
0,106.98,22
0,107.0,21
0,107.02,25
0,107.04,32
0,107.06,39
0,107.08,51
0,107.1,58
0,107.12,65
0,107.14,63
0,107.16,59
0,107.18,48
0,107.2,38
0,107.22,30
0,107.24,25
0,107.26,18
0,107.28,16
0,107.3,14
0,107.32,12
0,107.34,12
0,107.36,11
0,107.38,12
0,107.4,10
0,107.42,10
0,107.44,11
0,107.46,11
0,107.48,12
0,107.5,9
0,107.52,8
0,107.54,9
0,107.56,11
0,107.58,11
0,107.6,9
0,107.62,9
0,107.64,9
0,107.66,10
0,107.68,10
0,107.7,9
0,107.72,9
0,107.74,8
0,107.76,9
0,107.78,9
0,107.8,8
0,107.82,9
0,107.84,9
0,107.86,9
0,107.88,9
0,107.9,10
0,107.92,9
0,107.94,8
0,107.96,9
0,107.98,9
0,108.0,11
0,108.02,8
0,108.04,9
0,108.06,9
0,108.08,8
0,108.1,9
0,108.12,10
0,108.14,8
0,108.16,8
0,108.18,8
0,108.2,7
0,108.22,9
0,108.24,7
0,108.26,9
0,108.28,9
0,108.3,9
0,108.32,8
0,108.34,9
0,108.36,10
0,108.38,9
0,108.4,8
0,108.42,9
0,108.44,9
0,108.46,9
0,108.48,9
0,108.5,8
0,108.52,9
0,108.54,10
0,108.56,11
0,108.58,8
0,108.6,8
0,108.62,9
0,108.64,12
0,108.66,8
0,108.68,10
0,108.7,10
0,108.72,11
0,108.74,10
0,108.76,11
0,108.78,10
0,108.8,12
0,108.82,9
0,108.84,9
0,108.86,10
0,108.88,10
0,108.9,12
0,108.92,10
0,108.94,12
0,108.96,11
0,108.98,12
0,109.0,10
0,109.02,14
0,109.04,14
0,109.06,14
0,109.08,15
0,109.1,20
0,109.12,22
0,109.14,24
0,109.16,30
0,109.18,40
0,109.2,53
0,109.22,72
0,109.24,100
0,109.26,132
0,109.28,145
0,109.3,143
0,109.32,131
0,109.34,95
0,109.36,78
0,109.38,59
0,109.4,41
0,109.42,31
0,109.44,30
0,109.46,22
0,109.48,23
0,109.5,21
0,109.52,20
0,109.54,23
0,109.56,23
0,109.58,28
0,109.6,37
0,109.62,38
0,109.64,57
0,109.66,67
0,109.68,72
0,109.7,75
0,109.72,67
0,109.74,56
0,109.76,45
0,109.78,34
0,109.8,27
0,109.82,22
0,109.84,21
0,109.86,15
0,109.88,17
0,109.9,16
0,109.92,13
0,109.94,13
0,109.96,12
0,109.98,12
0,110.0,13
0,110.02,9
0,110.04,11
0,110.06,9
0,110.08,11
0,110.1,11
0,110.12,10
0,110.14,9
0,110.16,13
0,110.18,12
0,110.2,12
0,110.22,12
0,110.24,11
0,110.26,12
0,110.28,13
0,110.3,11
0,110.32,14
0,110.34,14
0,110.36,14
0,110.38,15
0,110.4,14
0,110.42,16
0,110.44,19
0,110.46,23
0,110.48,30
0,110.5,39
0,110.52,57
0,110.54,74
0,110.56,77
0,110.58,85
0,110.6,78
0,110.62,66
0,110.64,53
0,110.66,39
0,110.68,29
0,110.7,23
0,110.72,22
0,110.74,18
0,110.76,16
0,110.78,15
0,110.8,14
0,110.82,19
0,110.84,15
0,110.86,16
0,110.88,20
0,110.9,24
0,110.92,32
0,110.94,36
0,110.96,44
0,110.98,48
0,111.0,44
0,111.02,37
0,111.04,33
0,111.06,28
0,111.08,23
0,111.1,19
0,111.12,16
0,111.14,13
0,111.16,13
0,111.18,14
0,111.2,10
0,111.22,11
0,111.24,10
0,111.26,11
0,111.28,10
0,111.3,11
0,111.32,8
0,111.34,8
0,111.36,10
0,111.38,9
0,111.4,9
0,111.42,9
0,111.44,9
0,111.46,8
0,111.48,9
0,111.5,9
0,111.52,8
0,111.54,9
0,111.56,9
0,111.58,8
0,111.6,9
0,111.62,9
0,111.64,8
0,111.66,10
0,111.68,8
0,111.7,8
0,111.72,8
0,111.74,8
0,111.76,8
0,111.78,8
0,111.8,8
0,111.82,7
0,111.84,7
0,111.86,8
0,111.88,8
0,111.9,8
0,111.92,9
0,111.94,10
0,111.96,8
0,111.98,8
0,112.0,8
0,112.02,9
0,112.04,7
0,112.06,7
0,112.08,9
0,112.1,9
0,112.12,6
0,112.14,7
0,112.16,9
0,112.18,8
0,112.2,8
0,112.22,9
0,112.24,7
0,112.26,8
0,112.28,8
0,112.3,8
0,112.32,9
0,112.34,9
0,112.36,8
0,112.38,7
0,112.4,9
0,112.42,10
0,112.44,9
0,112.46,10
0,112.48,9
0,112.5,9
0,112.52,11
0,112.54,8
0,112.56,9
0,112.58,9
0,112.6,10
0,112.62,10
0,112.64,10
0,112.66,10
0,112.68,10
0,112.7,10
0,112.72,10
0,112.74,10
0,112.76,10
0,112.78,8
0,112.8,10
0,112.82,12
0,112.84,13
0,112.86,11
0,112.88,12
0,112.9,9
0,112.92,11
0,112.94,12
0,112.96,14
0,112.98,15
0,113.0,17
0,113.02,16
0,113.04,19
0,113.06,20
0,113.08,31
0,113.1,38
0,113.12,48
0,113.14,65
0,113.16,76
0,113.18,86
0,113.2,75
0,113.22,71
0,113.24,56
0,113.26,40
0,113.28,33
0,113.3,27
0,113.32,25
0,113.34,19
0,113.36,15
0,113.38,17
0,113.4,16
0,113.42,13
0,113.44,16
0,113.46,15
0,113.48,16
0,113.5,18
0,113.52,22
0,113.54,26
0,113.56,31
0,113.58,37
0,113.6,45
0,113.62,44
0,113.64,43
0,113.66,33
0,113.68,32
0,113.7,23
0,113.72,23
0,113.74,17
0,113.76,16
0,113.78,14
0,113.8,14
0,113.82,12
0,113.84,13
0,113.86,14
0,113.88,12
0,113.9,12
0,113.92,11
0,113.94,11
0,113.96,13
0,113.98,10
0,114.0,12
0,114.02,12
0,114.04,11
0,114.06,11
0,114.08,12
0,114.1,13
0,114.12,13
0,114.14,10
0,114.16,11
0,114.18,14
0,114.2,13
0,114.22,13
0,114.24,13
0,114.26,15
0,114.28,15
0,114.3,16
0,114.32,19
0,114.34,18
0,114.36,27
0,114.38,32
0,114.4,46
0,114.42,56
0,114.44,72
0,114.46,94
0,114.48,111
0,114.5,126
0,114.52,120
0,114.54,109
0,114.56,87
0,114.58,64
0,114.6,52
0,114.62,35
0,114.64,31
0,114.66,24
0,114.68,26
0,114.7,23
0,114.72,20
0,114.74,19
0,114.76,21
0,114.78,21
0,114.8,21
0,114.82,23
0,114.84,30
0,114.86,36
0,114.88,40
0,114.9,52
0,114.92,59
0,114.94,60
0,114.96,65
0,114.98,59
0,115.0,51
0,115.02,35
0,115.04,33
0,115.06,23
0,115.08,23
0,115.1,19
0,115.12,14
0,115.14,15
0,115.16,14
0,115.18,13
0,115.2,12
0,115.22,12
0,115.24,12
0,115.26,12
0,115.28,14
0,115.3,10
0,115.32,11
0,115.34,10
0,115.36,11
0,115.38,11
0,115.4,10
0,115.42,11
0,115.44,8
0,115.46,12
0,115.48,12
0,115.5,11
0,115.52,11
0,115.54,11
0,115.56,13
0,115.58,14
0,115.6,13
0,115.62,13
0,115.64,13
0,115.66,14
0,115.68,17
0,115.7,17
0,115.72,20
0,115.74,22
0,115.76,29
0,115.78,35
0,115.8,54
0,115.82,57
0,115.84,64
0,115.86,57
0,115.88,48
0,115.9,39
0,115.92,33
0,115.94,29
0,115.96,19
0,115.98,20
0,116.0,18
0,116.02,15
0,116.04,13
0,116.06,13
0,116.08,14
0,116.1,14
0,116.12,15
0,116.14,14
0,116.16,17
0,116.18,16
0,116.2,17
0,116.22,24
0,116.24,26
0,116.26,32
0,116.28,33
0,116.3,33
0,116.32,33
0,116.34,29
0,116.36,25
0,116.38,22
0,116.4,18
0,116.42,17
0,116.44,16
0,116.46,13
0,116.48,14
0,116.5,10
0,116.52,15
0,116.54,12
0,116.56,12
0,116.58,12
0,116.6,13
0,116.62,12
0,116.64,13
0,116.66,10
0,116.68,14
0,116.7,11
0,116.72,10
0,116.74,12
0,116.76,9
0,116.78,11
0,116.8,13
0,116.82,13
0,116.84,11
0,116.86,12
0,116.88,13
0,116.9,14
0,116.92,14
0,116.94,13
0,116.96,16
0,116.98,17
0,117.0,15
0,117.02,19
0,117.04,22
0,117.06,28
0,117.08,33
0,117.1,45
0,117.12,55
0,117.14,76
0,117.16,86
0,117.18,102
0,117.2,110
0,117.22,97
0,117.24,80
0,117.26,69
0,117.28,52
0,117.3,40
0,117.32,31
0,117.34,27
0,117.36,27
0,117.38,21
0,117.4,21
0,117.42,19
0,117.44,17
0,117.46,17
0,117.48,20
0,117.5,18
0,117.52,19
0,117.54,21
0,117.56,24
0,117.58,30
0,117.6,40
0,117.62,45
0,117.64,51
0,117.66,55
0,117.68,52
0,117.7,48
0,117.72,40
0,117.74,31
0,117.76,26
0,117.78,23
0,117.8,21
0,117.82,18
0,117.84,16
0,117.86,17
0,117.88,17
0,117.9,15
0,117.92,18
0,117.94,13
0,117.96,15
0,117.98,11
0,118.0,15
0,118.02,11
0,118.04,14
0,118.06,14
0,118.08,14
0,118.1,15
0,118.12,15
0,118.14,14
0,118.16,14
0,118.18,17
0,118.2,16
0,118.22,16
0,118.24,17
0,118.26,19
0,118.28,21
0,118.3,22
0,118.32,23
0,118.34,22
0,118.36,29
0,118.38,31
0,118.4,35
0,118.42,42
0,118.44,58
0,118.46,73
0,118.48,95
0,118.5,131
0,118.52,169
0,118.54,205
0,118.56,217
0,118.58,199
0,118.6,175
0,118.62,140
0,118.64,112
0,118.66,85
0,118.68,67
0,118.7,51
0,118.72,42
0,118.74,32
0,118.76,30
0,118.78,29
0,118.8,26
0,118.82,29
0,118.84,24
0,118.86,30
0,118.88,30
0,118.9,32
0,118.92,39
0,118.94,45
0,118.96,61
0,118.98,71
0,119.0,89
0,119.02,99
0,119.04,102
0,119.06,102
0,119.08,92
0,119.1,76
0,119.12,66
0,119.14,48
0,119.16,40
0,119.18,32
0,119.2,26
0,119.22,25
0,119.24,20
0,119.26,18
0,119.28,17
0,119.3,18
0,119.32,15
0,119.34,14
0,119.36,15
0,119.38,14
0,119.4,14
0,119.42,12
0,119.44,14
0,119.46,12
0,119.48,12
0,119.5,13
0,119.52,12
0,119.54,12
0,119.56,11
0,119.58,13
0,119.6,10
0,119.62,13
0,119.64,14
0,119.66,12
0,119.68,13
0,119.7,12
0,119.72,12
0,119.74,14
0,119.76,15
0,119.78,16
0,119.8,15
0,119.82,17
0,119.84,20
0,119.86,27
0,119.88,31
0,119.9,35
0,119.92,43
0,119.94,46
0,119.96,44
0,119.98,41
0,120.0,38
0,120.02,29
0,120.04,24
0,120.06,20
0,120.08,17
0,120.1,15
0,120.12,14
0,120.14,14
0,120.16,14
0,120.18,14
0,120.2,11
0,120.22,13
0,120.24,12
0,120.26,13
0,120.28,15
0,120.3,12
0,120.32,15
0,120.34,15
0,120.36,20
0,120.38,22
0,120.4,22
0,120.42,27
0,120.44,24
0,120.46,28
0,120.48,26
0,120.5,23
0,120.52,21
0,120.54,18
0,120.56,17
0,120.58,14
0,120.6,14
0,120.62,12
0,120.64,12
0,120.66,11
0,120.68,11
0,120.7,11
0,120.72,11
0,120.74,11
0,120.76,12
0,120.78,11
0,120.8,11
0,120.82,11
0,120.84,10
0,120.86,12
0,120.88,13
0,120.9,11
0,120.92,14
0,120.94,10
0,120.96,10
0,120.98,12
0,121.0,12
0,121.02,13
0,121.04,13
0,121.06,14
0,121.08,16
0,121.1,16
0,121.12,18
0,121.14,15
0,121.16,19
0,121.18,22
0,121.2,25
0,121.22,26
0,121.24,33
0,121.26,45
0,121.28,60
0,121.3,82
0,121.32,97
0,121.34,100
0,121.36,99
0,121.38,91
0,121.4,77
0,121.42,64
0,121.44,54
0,121.46,43
0,121.48,34
0,121.5,31
0,121.52,27
0,121.54,22
0,121.56,20
0,121.58,22
0,121.6,16
0,121.62,21
0,121.64,16
0,121.66,15
0,121.68,16
0,121.7,21
0,121.72,21
0,121.74,22
0,121.76,29
0,121.78,30
0,121.8,40
0,121.82,50
0,121.84,55
0,121.86,60
0,121.88,55
0,121.9,44
0,121.92,42
0,121.94,37
0,121.96,30
0,121.98,23
0,122.0,26
0,122.02,18
0,122.04,19
0,122.06,17
0,122.08,16
0,122.1,15
0,122.12,14
0,122.14,15
0,122.16,15
0,122.18,15
0,122.2,13
0,122.22,15
0,122.24,14
0,122.26,13
0,122.28,16
0,122.3,12
0,122.32,14
0,122.34,13
0,122.36,15
0,122.38,16
0,122.4,14
0,122.42,16
0,122.44,17
0,122.46,16
0,122.48,18
0,122.5,18
0,122.52,19
0,122.54,21
0,122.56,22
0,122.58,22
0,122.6,26
0,122.62,30
0,122.64,36
0,122.66,47
0,122.68,65
0,122.7,85
0,122.72,110
0,122.74,142
0,122.76,157
0,122.78,161
0,122.8,155
0,122.82,135
0,122.84,118
0,122.86,84
0,122.88,67
0,122.9,57
0,122.92,47
0,122.94,37
0,122.96,30
0,122.98,30
0,123.0,28
0,123.02,24
0,123.04,24
0,123.06,22
0,123.08,20
0,123.1,22
0,123.12,24
0,123.14,26
0,123.16,29
0,123.18,33
0,123.2,38
0,123.22,44
0,123.24,57
0,123.26,72
0,123.28,85
0,123.3,79
0,123.32,82
0,123.34,68
0,123.36,66
0,123.38,53
0,123.4,43
0,123.42,38
0,123.44,30
0,123.46,27
0,123.48,21
0,123.5,22
0,123.52,18
0,123.54,17
0,123.56,15
0,123.58,16
0,123.6,15
0,123.62,15
0,123.64,16
0,123.66,17
0,123.68,14
0,123.7,15
0,123.72,12
0,123.74,13
0,123.76,13
0,123.78,15
0,123.8,14
0,123.82,13
0,123.84,15
0,123.86,15
0,123.88,16
0,123.9,14
0,123.92,15
0,123.94,16
0,123.96,18
0,123.98,18
0,124.0,18
0,124.02,21
0,124.04,21
0,124.06,24
0,124.08,29
0,124.1,35
0,124.12,42
0,124.14,52
0,124.16,71
0,124.18,88
0,124.2,100
0,124.22,110
0,124.24,118
0,124.26,102
0,124.28,87
0,124.3,77
0,124.32,58
0,124.34,44
0,124.36,36
0,124.38,33
0,124.4,27
0,124.42,24
0,124.44,23
0,124.46,22
0,124.48,20
0,124.5,18
0,124.52,19
0,124.54,19
0,124.56,18
0,124.58,17
0,124.6,20
0,124.62,22
0,124.64,24
0,124.66,32
0,124.68,33
0,124.7,38
0,124.72,50
0,124.74,48
0,124.76,62
0,124.78,61
0,124.8,54
0,124.82,50
0,124.84,41
0,124.86,35
0,124.88,31
0,124.9,27
0,124.92,24
0,124.94,21
0,124.96,16
0,124.98,16
0,125.0,17
0,125.02,16
0,125.04,17
0,125.06,13
0,125.08,13
0,125.1,14
0,125.12,14
0,125.14,13
0,125.16,12
0,125.18,14
0,125.2,14
0,125.22,13
0,125.24,14
0,125.26,14
0,125.28,14
0,125.3,13
0,125.32,14
0,125.34,12
0,125.36,14
0,125.38,16
0,125.4,15
0,125.42,15
0,125.44,17
0,125.46,14
0,125.48,19
0,125.5,20
0,125.52,24
0,125.54,23
0,125.56,26
0,125.58,34
0,125.6,45
0,125.62,52
0,125.64,76
0,125.66,85
0,125.68,108
0,125.7,120
0,125.72,110
0,125.74,99
0,125.76,84
0,125.78,68
0,125.8,57
0,125.82,39
0,125.84,38
0,125.86,28
0,125.88,25
0,125.9,24
0,125.92,20
0,125.94,19
0,125.96,17
0,125.98,19
0,126.0,19
0,126.02,21
0,126.04,17
0,126.06,19
0,126.08,20
0,126.1,20
0,126.12,26
0,126.14,25
0,126.16,29
0,126.18,35
0,126.2,41
0,126.22,50
0,126.24,64
0,126.26,59
0,126.28,60
0,126.3,52
0,126.32,43
0,126.34,40
0,126.36,35
0,126.38,25
0,126.4,27
0,126.42,21
0,126.44,21
0,126.46,16
0,126.48,18
0,126.5,17
0,126.52,17
0,126.54,16
0,126.56,14
0,126.58,12
0,126.6,13
0,126.62,13
0,126.64,14
0,126.66,13
0,126.68,13
0,126.7,13
0,126.72,11
0,126.74,15
0,126.76,14
0,126.78,15
0,126.8,12
0,126.82,18
0,126.84,18
0,126.86,17
0,126.88,13
0,126.9,17
0,126.92,19
0,126.94,20
0,126.96,21
0,126.98,19
0,127.0,26
0,127.02,25
0,127.04,30
0,127.06,33
0,127.08,46
0,127.1,60
0,127.12,68
0,127.14,94
0,127.16,116
0,127.18,144
0,127.2,157
0,127.22,147
0,127.24,132
0,127.26,123
0,127.28,97
0,127.3,74
0,127.32,65
0,127.34,52
0,127.36,41
0,127.38,36
0,127.4,31
0,127.42,26
0,127.44,26
0,127.46,23
0,127.48,22
0,127.5,20
0,127.52,20
0,127.54,21
0,127.56,21
0,127.58,22
0,127.6,24
0,127.62,22
0,127.64,27
0,127.66,31
0,127.68,33
0,127.7,46
0,127.72,56
0,127.74,63
0,127.76,72
0,127.78,77
0,127.8,70
0,127.82,70
0,127.84,63
0,127.86,52
0,127.88,42
0,127.9,36
0,127.92,30
0,127.94,27
0,127.96,23
0,127.98,18
0,128.0,22
0,128.02,20
0,128.04,18
0,128.06,14
0,128.08,13
0,128.1,12
0,128.12,15
0,128.14,13
0,128.16,13
0,128.18,13
0,128.2,13
0,128.22,12
0,128.24,13
0,128.26,17
0,128.28,14
0,128.3,14
0,128.32,14
0,128.34,14
0,128.36,15
0,128.38,14
0,128.4,13
0,128.42,14
0,128.44,16
0,128.46,16
0,128.48,15
0,128.5,15
0,128.52,19
0,128.54,21
0,128.56,20
0,128.58,22
0,128.6,27
0,128.62,33
0,128.64,36
0,128.66,49
0,128.68,63
0,128.7,71
0,128.72,82
0,128.74,89
0,128.76,89
0,128.78,85
0,128.8,66
0,128.82,60
0,128.84,48
0,128.86,40
0,128.88,34
0,128.9,28
0,128.92,23
0,128.94,21
0,128.96,21
0,128.98,19
0,129.0,16
0,129.02,18
0,129.04,18
0,129.06,17
0,129.08,15
0,129.1,17
0,129.12,17
0,129.14,17
0,129.16,17
0,129.18,18
0,129.2,19
0,129.22,25
0,129.24,25
0,129.26,30
0,129.28,35
0,129.3,43
0,129.32,47
0,129.34,48
0,129.36,44
0,129.38,39
0,129.4,39
0,129.42,32
0,129.44,28
0,129.46,26
0,129.48,23
0,129.5,18
0,129.52,17
0,129.54,19
0,129.56,14
0,129.58,16
0,129.6,15
0,129.62,13
0,129.64,16
0,129.66,13
0,129.68,12
0,129.7,11
0,129.72,11
0,129.74,12
0,129.76,11
0,129.78,10
0,129.8,9
0,129.82,9
0,129.84,13
0,129.86,11
0,129.88,11
0,129.9,11
0,129.92,12
0,129.94,12
0,129.96,11
0,129.98,11
0,130.0,11
0,130.02,11
0,130.04,10
0,130.06,12
0,130.08,10
0,130.1,11
0,130.12,11
0,130.14,9
0,130.16,9
0,130.18,9
0,130.2,10
0,130.22,10
0,130.24,11
0,130.26,9
0,130.28,14
0,130.3,10
0,130.32,10
0,130.34,10
0,130.36,11
0,130.38,11
0,130.4,11
0,130.42,9
0,130.44,11
0,130.46,11
0,130.48,12
0,130.5,11
0,130.52,10
0,130.54,11
0,130.56,11
0,130.58,13
0,130.6,10
0,130.62,11
0,130.64,9
0,130.66,13
0,130.68,10
0,130.7,11
0,130.72,11
0,130.74,10
0,130.76,10
0,130.78,11
0,130.8,11
0,130.82,11
0,130.84,13
0,130.86,11
0,130.88,10
0,130.9,11
0,130.92,10
0,130.94,12
0,130.96,12
0,130.98,14
0,131.0,11
0,131.02,13
0,131.04,12
0,131.06,12
0,131.08,11
0,131.1,11
0,131.12,10
0,131.14,13
0,131.16,10
0,131.18,11
0,131.2,12
0,131.22,12
0,131.24,11
0,131.26,12
0,131.28,10
0,131.3,11
0,131.32,16
0,131.34,12
0,131.36,13
0,131.38,13
0,131.4,10
0,131.42,13
0,131.44,13
0,131.46,13
0,131.48,15
0,131.5,14
0,131.52,15
0,131.54,16
0,131.56,13
0,131.58,16
0,131.6,18
0,131.62,17
0,131.64,17
0,131.66,20
0,131.68,19
0,131.7,25
0,131.72,26
0,131.74,29
0,131.76,35
0,131.78,45
0,131.8,50
0,131.82,67
0,131.84,79
0,131.86,97
0,131.88,121
0,131.9,135
0,131.92,136
0,131.94,132
0,131.96,123
0,131.98,102
0,132.0,85
0,132.02,68
0,132.04,59
0,132.06,47
0,132.08,38
0,132.1,34
0,132.12,31
0,132.14,26
0,132.16,24
0,132.18,24
0,132.2,26
0,132.22,23
0,132.24,21
0,132.26,19
0,132.28,18
0,132.3,21
0,132.32,20
0,132.34,20
0,132.36,23
0,132.38,24
0,132.4,27
0,132.42,29
0,132.44,33
0,132.46,41
0,132.48,46
0,132.5,51
0,132.52,62
0,132.54,68
0,132.56,71
0,132.58,68
0,132.6,66
0,132.62,52
0,132.64,43
0,132.66,39
0,132.68,34
0,132.7,33
0,132.72,28
0,132.74,24
0,132.76,24
0,132.78,18
0,132.8,18
0,132.82,18
0,132.84,17
0,132.86,17
0,132.88,15
0,132.9,15
0,132.92,15
0,132.94,14
0,132.96,18
0,132.98,15
0,133.0,14
0,133.02,16
0,133.04,13
0,133.06,18
0,133.08,15
0,133.1,19
0,133.12,13
0,133.14,15
0,133.16,17
0,133.18,17
0,133.2,18
0,133.22,19
0,133.24,16
0,133.26,18
0,133.28,24
0,133.3,22
0,133.32,21
0,133.34,25
0,133.36,26
0,133.38,34
0,133.4,38
0,133.42,40
0,133.44,50
0,133.46,65
0,133.48,75
0,133.5,97
0,133.52,119
0,133.54,132
0,133.56,146
0,133.58,140
0,133.6,130
0,133.62,112
0,133.64,91
0,133.66,74
0,133.68,62
0,133.7,52
0,133.72,45
0,133.74,38
0,133.76,34
0,133.78,29
0,133.8,28
0,133.82,25
0,133.84,23
0,133.86,26
0,133.88,23
0,133.9,19
0,133.92,23
0,133.94,20
0,133.96,20
0,133.98,21
0,134.0,20
0,134.02,23
0,134.04,20
0,134.06,25
0,134.08,29
0,134.1,31
0,134.12,36
0,134.14,44
0,134.16,50
0,134.18,59
0,134.2,67
0,134.22,71
0,134.24,71
0,134.26,69
0,134.28,62
0,134.3,52
0,134.32,48
0,134.34,40
0,134.36,36
0,134.38,32
0,134.4,27
0,134.42,25
0,134.44,24
0,134.46,21
0,134.48,21
0,134.5,17
0,134.52,19
0,134.54,14
0,134.56,19
0,134.58,17
0,134.6,15
0,134.62,15
0,134.64,13
0,134.66,15
0,134.68,15
0,134.7,12
0,134.72,16
0,134.74,17
0,134.76,15
0,134.78,16
0,134.8,14
0,134.82,15
0,134.84,16
0,134.86,16
0,134.88,15
0,134.9,11
0,134.92,15
0,134.94,15
0,134.96,18
0,134.98,17
0,135.0,16
0,135.02,19
0,135.04,20
0,135.06,22
0,135.08,23
0,135.1,26
0,135.12,34
0,135.14,41
0,135.16,41
0,135.18,53
0,135.2,68
0,135.22,76
0,135.24,84
0,135.26,91
0,135.28,85
0,135.3,71
0,135.32,67
0,135.34,53
0,135.36,50
0,135.38,42
0,135.4,39
0,135.42,31
0,135.44,27
0,135.46,25
0,135.48,23
0,135.5,22
0,135.52,19
0,135.54,20
0,135.56,21
0,135.58,14
0,135.6,18
0,135.62,20
0,135.64,18
0,135.66,17
0,135.68,20
0,135.7,17
0,135.72,18
0,135.74,19
0,135.76,20
0,135.78,21
0,135.8,24
0,135.82,24
0,135.84,26
0,135.86,28
0,135.88,33
0,135.9,39
0,135.92,44
0,135.94,47
0,135.96,46
0,135.98,45
0,136.0,44
0,136.02,38
0,136.04,34
0,136.06,28
0,136.08,29
0,136.1,24
0,136.12,22
0,136.14,23
0,136.16,20
0,136.18,19
0,136.2,18
0,136.22,18
0,136.24,18
0,136.26,15
0,136.28,18
0,136.3,17
0,136.32,16
0,136.34,16
0,136.36,17
0,136.38,16
0,136.4,16
0,136.42,18
0,136.44,19
0,136.46,17
0,136.48,19
0,136.5,21
0,136.52,20
0,136.54,18
0,136.56,23
0,136.58,20
0,136.6,20
0,136.62,23
0,136.64,23
0,136.66,24
0,136.68,30
0,136.7,28
0,136.72,32
0,136.74,33
0,136.76,32
0,136.78,40
0,136.8,47
0,136.82,54
0,136.84,62
0,136.86,73
0,136.88,94
0,136.9,114
0,136.92,147
0,136.94,175
0,136.96,216
0,136.98,235
0,137.0,240
0,137.02,241
0,137.04,217
0,137.06,204
0,137.08,165
0,137.1,140
0,137.12,106
0,137.14,89
0,137.16,79
0,137.18,70
0,137.2,58
0,137.22,44
0,137.24,47
0,137.26,42
0,137.28,35
0,137.3,34
0,137.32,30
0,137.34,30
0,137.36,29
0,137.38,28
0,137.4,25
0,137.42,28
0,137.44,29
0,137.46,28
0,137.48,28
0,137.5,30
0,137.52,33
0,137.54,36
0,137.56,36
0,137.58,40
0,137.6,53
0,137.62,63
0,137.64,77
0,137.66,87
0,137.68,102
0,137.7,108
0,137.72,122
0,137.74,116
0,137.76,110
0,137.78,107
0,137.8,87
0,137.82,78
0,137.84,66
0,137.86,59
0,137.88,52
0,137.9,45
0,137.92,37
0,137.94,36
0,137.96,30
0,137.98,30
0,138.0,23
0,138.02,21
0,138.04,25
0,138.06,19
0,138.08,21
0,138.1,20
0,138.12,19
0,138.14,19
0,138.16,18
0,138.18,16
0,138.2,18
0,138.22,18
0,138.24,17
0,138.26,16
0,138.28,16
0,138.3,17
0,138.32,15
0,138.34,17
0,138.36,18
0,138.38,18
0,138.4,18
0,138.42,17
0,138.44,17
0,138.46,17
0,138.48,20
0,138.5,20
0,138.52,19
0,138.54,20
0,138.56,24
0,138.58,25
0,138.6,23
0,138.62,25
0,138.64,33
0,138.66,34
0,138.68,38
0,138.7,51
0,138.72,64
0,138.74,66
0,138.76,83
0,138.78,99
0,138.8,96
0,138.82,89
0,138.84,83
0,138.86,75
0,138.88,70
0,138.9,58
0,138.92,50
0,138.94,43
0,138.96,36
0,138.98,34
0,139.0,28
0,139.02,29
0,139.04,25
0,139.06,23
0,139.08,21
0,139.1,22
0,139.12,20
0,139.14,17
0,139.16,19
0,139.18,18
0,139.2,21
0,139.22,20
0,139.24,17
0,139.26,20
0,139.28,21
0,139.3,19
0,139.32,20
0,139.34,20
0,139.36,20
0,139.38,23
0,139.4,22
0,139.42,27
0,139.44,29
0,139.46,31
0,139.48,36
0,139.5,35
0,139.52,46
0,139.54,45
0,139.56,55
0,139.58,51
0,139.6,45
0,139.62,45
0,139.64,41
0,139.66,37
0,139.68,33
0,139.7,29
0,139.72,25
0,139.74,27
0,139.76,24
0,139.78,24
0,139.8,16
0,139.82,19
0,139.84,19
0,139.86,18
0,139.88,17
0,139.9,14
0,139.92,15
0,139.94,17
0,139.96,17
0,139.98,15
0,140.0,16
0,140.02,14
0,140.04,16
0,140.06,17
0,140.08,16
0,140.1,16
0,140.12,17
0,140.14,15
0,140.16,18
0,140.18,17
0,140.2,18
0,140.22,18
0,140.24,18
0,140.26,20
0,140.28,22
0,140.3,21
0,140.32,20
0,140.34,25
0,140.36,26
0,140.38,25
0,140.4,28
0,140.42,29
0,140.44,34
0,140.46,40
0,140.48,45
0,140.5,48
0,140.52,57
0,140.54,69
0,140.56,82
0,140.58,95
0,140.6,130
0,140.62,154
0,140.64,175
0,140.66,193
0,140.68,195
0,140.7,181
0,140.72,171
0,140.74,149
0,140.76,123
0,140.78,108
0,140.8,86
0,140.82,84
0,140.84,70
0,140.86,56
0,140.88,49
0,140.9,43
0,140.92,36
0,140.94,35
0,140.96,29
0,140.98,30
0,141.0,27
0,141.02,27
0,141.04,26
0,141.06,28
0,141.08,23
0,141.1,24
0,141.12,25
0,141.14,19
0,141.16,22
0,141.18,22
0,141.2,24
0,141.22,26
0,141.24,26
0,141.26,28
0,141.28,31
0,141.3,37
0,141.32,42
0,141.34,40
0,141.36,46
0,141.38,54
0,141.4,63
0,141.42,76
0,141.44,94
0,141.46,89
0,141.48,99
0,141.5,90
0,141.52,84
0,141.54,81
0,141.56,67
0,141.58,61
0,141.6,55
0,141.62,47
0,141.64,39
0,141.66,38
0,141.68,35
0,141.7,33
0,141.72,25
0,141.74,25
0,141.76,25
0,141.78,23
0,141.8,22
0,141.82,18
0,141.84,18
0,141.86,17
0,141.88,19
0,141.9,21
0,141.92,19
0,141.94,18
0,141.96,16
0,141.98,16
0,142.0,20
0,142.02,17
0,142.04,13
0,142.06,16
0,142.08,16
0,142.1,16
0,142.12,15
0,142.14,16
0,142.16,21
0,142.18,15
0,142.2,15
0,142.22,16
0,142.24,19
0,142.26,20
0,142.28,18
0,142.3,16
0,142.32,22
0,142.34,23
0,142.36,22
0,142.38,24
0,142.4,25
0,142.42,25
0,142.44,32
0,142.46,32
0,142.48,36
0,142.5,48
0,142.52,52
0,142.54,63
0,142.56,77
0,142.58,85
0,142.6,102
0,142.62,101
0,142.64,98
0,142.66,89
0,142.68,84
0,142.7,73
0,142.72,63
0,142.74,53
0,142.76,48
0,142.78,40
0,142.8,35
0,142.82,34
0,142.84,29
0,142.86,30
0,142.88,26
0,142.9,22
0,142.92,21
0,142.94,21
0,142.96,19
0,142.98,18
0,143.0,21
0,143.02,18
0,143.04,18
0,143.06,19
0,143.08,15
0,143.1,15
0,143.12,16
0,143.14,20
0,143.16,17
0,143.18,18
0,143.2,18
0,143.22,17
0,143.24,20
0,143.26,19
0,143.28,21
0,143.3,24
0,143.32,25
0,143.34,26
0,143.36,32
0,143.38,38
0,143.4,40
0,143.42,40
0,143.44,50
0,143.46,51
0,143.48,51
0,143.5,51
0,143.52,45
0,143.54,45
0,143.56,43
0,143.58,36
0,143.6,32
0,143.62,27
0,143.64,29
0,143.66,26
0,143.68,22
0,143.7,20
0,143.72,18
0,143.74,17
0,143.76,16
0,143.78,19
0,143.8,17
0,143.82,15
0,143.84,14
0,143.86,16
0,143.88,14
0,143.9,14
0,143.92,16
0,143.94,16
0,143.96,17
0,143.98,16
0,144.0,16
0,144.02,16
0,144.04,14
0,144.06,13
0,144.08,15
0,144.1,16
0,144.12,15
0,144.14,14
0,144.16,11
0,144.18,12
0,144.2,14
0,144.22,14
0,144.24,14
0,144.26,14
0,144.28,17
0,144.3,17
0,144.32,17
0,144.34,17
0,144.36,17
0,144.38,17
0,144.4,17
0,144.42,17
0,144.44,21
0,144.46,20
0,144.48,21
0,144.5,28
0,144.52,28
0,144.54,35
0,144.56,37
0,144.58,48
0,144.6,52
0,144.62,59
0,144.64,70
0,144.66,62
0,144.68,65
0,144.7,61
0,144.72,53
0,144.74,48
0,144.76,44
0,144.78,39
0,144.8,33
0,144.82,32
0,144.84,26
0,144.86,24
0,144.88,24
0,144.9,20
0,144.92,20
0,144.94,18
0,144.96,19
0,144.98,16
0,145.0,17
0,145.02,17
0,145.04,19
0,145.06,16
0,145.08,16
0,145.1,15
0,145.12,15
0,145.14,15
0,145.16,13
0,145.18,16
0,145.2,14
0,145.22,14
0,145.24,14
0,145.26,17
0,145.28,14
0,145.3,17
0,145.32,17
0,145.34,18
0,145.36,19
0,145.38,20
0,145.4,20
0,145.42,20
0,145.44,24
0,145.46,25
0,145.48,26
0,145.5,30
0,145.52,31
0,145.54,30
0,145.56,31
0,145.58,34
0,145.6,38
0,145.62,33
0,145.64,29
0,145.66,28
0,145.68,27
0,145.7,23
0,145.72,22
0,145.74,21
0,145.76,21
0,145.78,18
0,145.8,16
0,145.82,16
0,145.84,16
0,145.86,16
0,145.88,14
0,145.9,16
0,145.92,14
0,145.94,15
0,145.96,13
0,145.98,13
0,146.0,13
0,146.02,14
0,146.04,15
0,146.06,13
0,146.08,13
0,146.1,13
0,146.12,14
0,146.14,13
0,146.16,14
0,146.18,15
0,146.2,14
0,146.22,13
0,146.24,13
0,146.26,13
0,146.28,13
0,146.3,14
0,146.32,14
0,146.34,17
0,146.36,17
0,146.38,18
0,146.4,14
0,146.42,18
0,146.44,17
0,146.46,17
0,146.48,15
0,146.5,18
0,146.52,20
0,146.54,23
0,146.56,20
0,146.58,25
0,146.6,27
0,146.62,27
0,146.64,30
0,146.66,32
0,146.68,37
0,146.7,51
0,146.72,57
0,146.74,60
0,146.76,67
0,146.78,78
0,146.8,74
0,146.82,72
0,146.84,71
0,146.86,67
0,146.88,56
0,146.9,50
0,146.92,49
0,146.94,42
0,146.96,39
0,146.98,35
0,147.0,30
0,147.02,27
0,147.04,27
0,147.06,26
0,147.08,21
0,147.1,20
0,147.12,18
0,147.14,19
0,147.16,17
0,147.18,18
0,147.2,18
0,147.22,16
0,147.24,15
0,147.26,16
0,147.28,17
0,147.3,17
0,147.32,18
0,147.34,17
0,147.36,15
0,147.38,15
0,147.4,17
0,147.42,16
0,147.44,16
0,147.46,16
0,147.48,18
0,147.5,18
0,147.52,17
0,147.54,17
0,147.56,20
0,147.58,19
0,147.6,23
0,147.62,25
0,147.64,25
0,147.66,29
0,147.68,32
0,147.7,33
0,147.72,35
0,147.74,39
0,147.76,38
0,147.78,40
0,147.8,40
0,147.82,38
0,147.84,39
0,147.86,36
0,147.88,33
0,147.9,31
0,147.92,26
0,147.94,25
0,147.96,25
0,147.98,22
0,148.0,23
0,148.02,18
0,148.04,18
0,148.06,18
0,148.08,16
0,148.1,18
0,148.12,16
0,148.14,15
0,148.16,17
0,148.18,14
0,148.2,16
0,148.22,14
0,148.24,13
0,148.26,13
0,148.28,13
0,148.3,13
0,148.32,15
0,148.34,13
0,148.36,11
0,148.38,14
0,148.4,14
0,148.42,13
0,148.44,14
0,148.46,14
0,148.48,16
0,148.5,15
0,148.52,13
0,148.54,14
0,148.56,15
0,148.58,17
0,148.6,17
0,148.62,14
0,148.64,15
0,148.66,15
0,148.68,17
0,148.7,18
0,148.72,19
0,148.74,19
0,148.76,20
0,148.78,21
0,148.8,21
0,148.82,21
0,148.84,24
0,148.86,24
0,148.88,26
0,148.9,29
0,148.92,32
0,148.94,38
0,148.96,43
0,148.98,53
0,149.0,56
0,149.02,65
0,149.04,70
0,149.06,81
0,149.08,80
0,149.1,81
0,149.12,72
0,149.14,69
0,149.16,65
0,149.18,54
0,149.2,52
0,149.22,40
0,149.24,40
0,149.26,35
0,149.28,36
0,149.3,31
0,149.32,25
0,149.34,27
0,149.36,25
0,149.38,23
0,149.4,23
0,149.42,20
0,149.44,17
0,149.46,20
0,149.48,19
0,149.5,18
0,149.52,17
0,149.54,16
0,149.56,18
0,149.58,16
0,149.6,18
0,149.62,16
0,149.64,17
0,149.66,16
0,149.68,17
0,149.7,16
0,149.72,15
0,149.74,17
0,149.76,15
0,149.78,17
0,149.8,17
0,149.82,16
0,149.84,16
0,149.86,18
0,149.88,18
0,149.9,23
0,149.92,19
0,149.94,25
0,149.96,24
0,149.98,25
